#VRML V2.0 utf8
# File generated by ImageToStl.com - Free Image and 3D model conversion tools

Group {
  children [
    Group {
      children [
        Shape {
          appearance DEF M3 Appearance {
            material Material {
              diffuseColor 0.69804 0.69804 0.69804
              specularColor 0.05 0.05 0.05
              shininess 0.5
            }
          }
          geometry IndexedFaceSet {
            coord Coordinate {
              point [
6.55000019 -6.82000017 -0.625,6.55000019 -6.76999998 -0.61160254,6.25 -6.82000017 -0.625,6.25 -6.76999998 -0.61160254,6.55000019 -6.73339748 -0.57499999,6.25 -6.73339748 -0.57499999,6.55000019 -6.71999979 -0.52499998,6.25 -6.71999979 -0.52499998,6.10761976 0.46406043 -1.80906045,6.25 -0.5 -1.84500003,6.10761976 -0.46406043 -1.80906045,6.25 0.5 -1.84500003,6.04732275 -0.4211832 -1.76618326,6.04732275 0.4211832 -1.76618326,5.99935389 -0.3648527 -1.7098527,5.99935389 0.3648527 -1.7098527,5.96809244 0.30260605 -1.64760602,5.96809244 -0.30260605 -1.64760602,5.94999981 0.2 -1.54499996,5.94999981 -0.2 -1.54499996,6.10761976 0.46406043 2.36906052,6.25 0.5 2.40499997,6.04732275 0.4211832 2.32618332,5.99935389 0.3648527 2.26985264,5.96809244 0.30260605 2.20760608,5.94999981 0.2 2.10500002,6.25 -0.5 2.40499997,6.10761976 -0.46406043 2.36906052,6.04732275 -0.4211832 2.32618332,5.99935389 -0.3648527 2.26985264,5.96809244 -0.30260605 2.20760608,5.94999981 -0.2 2.10500002,6.39238024 -0.23593958 -1.58093953,6.25 0.2 -1.54499996,6.25 -0.2 -1.54499996,6.39238024 0.23593958 -1.58093953,6.45267725 -0.27881679 -1.62381685,6.45267725 0.27881679 -1.62381685,6.50064611 -0.33514732 -1.68014729,6.50064611 0.33514732 -1.68014729,6.53190756 -0.39739397 -1.74239397,6.53190756 0.39739397 -1.74239397,6.55000019 0.5 -1.84500003,6.55000019 -0.5 -1.84500003,6.25 0.2 2.10500002,6.39238024 0.23593958 2.14093947,6.45267725 0.27881679 2.18381691,6.50064611 0.33514732 2.24014735,6.53190756 0.39739397 2.30239391,6.55000019 0.5 2.40499997,6.25 -0.2 2.10500002,6.39238024 -0.23593958 2.14093947,6.45267725 -0.27881679 2.18381691,6.50064611 -0.33514732 2.24014735,6.53190756 -0.39739397 2.30239391,6.55000019 -0.5 2.40499997,5.96615553 -0.29712018 -6.24212027,5.94999981 -0.2 -5.74499989,5.94999981 -0.2 -6.14499998,5.96615553 -0.29712018 -5.6478796,6.01288223 -0.38378015 -6.32878017,6.01288223 -0.38378015 -5.56121969,6.08514738 -0.45064634 -5.49435377,6.08514738 -0.45064634 -6.39564657,6.14739418 -0.48190778 -5.46309233,6.14739418 -0.48190778 -6.42690802,6.25 -0.5 -5.44500017,6.25 -0.5 -6.44500017,5.96615553 0.29712018 -5.6478796,5.94999981 0.2 -5.74499989,6.01288223 0.38378015 -5.56121969,6.08514738 0.45064634 -5.49435377,6.14739418 0.48190778 -5.46309233,6.25 0.5 -5.44500017,5.94999981 0.2 -6.14499998,5.96615553 0.29712018 -6.24212027,6.01288223 0.38378015 -6.32878017,6.08514738 0.45064634 -6.39564657,6.14739418 0.48190778 -6.42690802,6.25 0.5 -6.44500017,6.39238024 -0.23593958 -5.70906019,6.25 -0.2 -6.14499998,6.25 -0.2 -5.74499989,6.39238024 -0.23593958 -6.18093967,6.45267725 -0.27881679 -5.66618299,6.45267725 -0.27881679 -6.22381687,6.50064611 -0.33514732 -5.60985279,6.50064611 -0.33514732 -6.28014708,6.53190756 -0.39739397 -5.54760599,6.53190756 -0.39739397 -6.34239388,6.55000019 -0.5 -6.44500017,6.55000019 -0.5 -5.44500017,6.25 0.2 -5.74499989,6.39238024 0.23593958 -5.70906019,6.45267725 0.27881679 -5.66618299,6.50064611 0.33514732 -5.60985279,6.53190756 0.39739397 -5.54760599,6.55000019 0.5 -5.44500017,6.25 0.2 -6.14499998,6.39238024 0.23593958 -6.18093967,6.45267725 0.27881679 -6.22381687,6.50064611 0.33514732 -6.28014708,6.53190756 0.39739397 -6.34239388,6.55000019 0.5 -6.44500017,1.16406047 6.67761993 -5.83093977,1.20000005 6.82000017 -7.19500017,1.20000005 6.82000017 -5.79500008,1.16406047 6.67761993 -7.15906048,1.12118316 6.61732292 -5.87381697,1.12118316 6.61732292 -7.11618328,1.06485271 6.56935358 -5.93014717,1.06485271 6.56935358 -7.0598526,1.00260603 6.53809214 -5.99239397,1.00260603 6.53809214 -6.99760628,0.89999998 6.51999998 -6.89499998,0.89999998 6.51999998 -6.09499979,-1.16406047 6.67761993 -7.15906048,-1.20000005 6.82000017 -7.19500017,-1.12118316 6.61732292 -7.11618328,-1.06485271 6.56935358 -7.0598526,-1.00260603 6.53809214 -6.99760628,-0.89999998 6.51999998 -6.89499998,-1.20000005 6.82000017 -5.79500008,-1.16406047 6.67761993 -5.83093977,-1.12118316 6.61732292 -5.87381697,-1.06485271 6.56935358 -5.93014717,-1.00260603 6.53809214 -5.99239397,-0.89999998 6.51999998 -6.09499979,0.93593961 6.96237993 -6.05906057,0.89999998 6.82000017 -6.89499998,0.89999998 6.82000017 -6.09499979,0.93593961 6.96237993 -6.93093967,0.97881681 7.02267694 -6.01618338,0.97881681 7.02267694 -6.97381687,1.03514731 7.07064629 -5.9598527,1.03514731 7.07064629 -7.03014708,1.09739399 7.10190773 -5.8976059,1.09739399 7.10190773 -7.09239388,1.20000005 7.11999989 -5.79500008,1.20000005 7.11999989 -7.19500017,-0.89999998 6.82000017 -6.89499998,-0.93593961 6.96237993 -6.93093967,-0.97881681 7.02267694 -6.97381687,-1.03514731 7.07064629 -7.03014708,-1.09739399 7.10190773 -7.09239388,-1.20000005 7.11999989 -7.19500017,-0.89999998 6.82000017 -6.09499979,-0.93593961 6.96237993 -6.05906057,-0.97881681 7.02267694 -6.01618338,-1.03514731 7.07064629 -5.9598527,-1.09739399 7.10190773 -5.8976059,-1.20000005 7.11999989 -5.79500008,6.30180597 -4.64131641 0.23486426,6.30600929 -4.60398245 0.22898889,6.55000019 -4.61280298 0.40354156,6.54579687 -4.65013742 0.40941694,6.2898035 -4.6732564 0.25164151,6.53379393 -4.68207741 0.42619419,6.27173615 -4.69518757 0.27689663,6.51572657 -4.70400858 0.4514493,6.25021362 -4.70394135 0.3069807,6.49420404 -4.71276188 0.48153335,6.55000019 -3.58719683 0.40354156,6.30600929 -3.5960176 0.22898889,6.30180597 -3.5586834 0.23486426,6.54579687 -3.54986262 0.40941694,6.2898035 -3.52674341 0.25164151,6.53379393 -3.51792264 0.42619419,6.27173615 -3.50481224 0.27689663,6.51572657 -3.49599147 0.4514493,6.25021362 -3.4960587 0.3069807,6.49420404 -3.48723793 0.48153335,6.55000019 -8.19795704 -8.32649231,6.25 -8.22000027 -8.30500031,6.25 -8.19795704 -8.32649231,6.55000019 -8.22000027 -8.30500031,6.55000019 -8.17041969 -8.34026051,6.25 -8.17041969 -8.34026051,6.55000019 -8.14000034 -8.34500027,6.25 -8.14000034 -8.34500027,5.6366024 7.63500023 8.65499973,5.6500001 7.58500004 8.65499973,5.6500001 7.58500004 8.35499954,5.6366024 7.63500023 8.35499954,5.5999999 7.67160273 8.65499973,5.5999999 7.67160273 8.35499954,5.55000019 7.68499994 8.65499973,5.55000019 7.68499994 8.35499954,4.1500001 6.95326233 -5.27564669,4.1500001 6.65440416 -5.30179358,4.19999981 6.65557194 -5.31513977,4.19999981 6.9544301 -5.28899336,4.23660231 6.95762014 -5.32545662,4.23660231 6.65876198 -5.35160303,4.25 6.96197796 -5.37526608,4.25 6.66311979 -5.40141296,2.76339746 6.95762014 -5.32545662,2.75 6.96197796 -5.37526608,2.75 6.66311979 -5.40141296,2.76339746 6.65876198 -5.35160303,2.79999995 6.9544301 -5.28899336,2.79999995 6.65557194 -5.31513977,2.8499999 6.95326233 -5.27564669,2.8499999 6.65440416 -5.30179358,1.23500001 7.11999989 1.95500004,1.22160256 7.11999989 1.90499997,1.23500001 6.82000017 1.95500004,1.22160256 6.82000017 1.90499997,1.18499994 7.11999989 1.86839747,1.18499994 6.82000017 1.86839747,1.13499999 7.11999989 1.85500002,1.13499999 6.82000017 1.85500002,3.63499999 6.82000017 1.95500004,3.64839745 6.82000017 1.90499997,3.63499999 7.11999989 1.95500004,3.64839745 7.11999989 1.90499997,3.68499994 6.82000017 1.86839747,3.68499994 7.11999989 1.86839747,3.7349999 6.82000017 1.85500002,3.7349999 7.11999989 1.85500002,4.16499996 7.11999989 1.95500004,4.15160275 7.11999989 1.90499997,4.16499996 6.82000017 1.95500004,4.15160275 6.82000017 1.90499997,4.11499977 7.11999989 1.86839747,4.11499977 6.82000017 1.86839747,4.06500006 7.11999989 1.85500002,4.06500006 6.82000017 1.85500002,4.16033411 7.11999989 3.669734,4.16291714 7.11999989 3.65984774,4.16033411 6.82000017 3.669734,4.16291714 6.82000017 3.65984774,4.16447783 7.11999989 3.64974952,4.16447783 6.82000017 3.64974952,4.16499996 7.11999989 3.63954496,4.16499996 6.82000017 3.63954496,3.78552198 6.82000017 4.86025047,3.78500009 6.82000017 4.87045527,3.78500009 7.11999989 4.87045527,3.78552198 7.11999989 4.86025047,3.78708267 6.82000017 4.85015202,3.78708267 7.11999989 4.85015202,3.7896657 6.82000017 4.84026575,3.7896657 7.11999989 4.84026575,3.28500009 6.76939392 6.7546463,3.28500009 7.02814341 6.6028285,3.27160263 7.05344677 6.64595366,3.27160263 6.79469681 6.79777145,3.2349999 6.81322002 6.82934093,3.2349999 7.07196951 6.67752314,3.18499994 7.07874966 6.68907833,3.18499994 6.82000017 6.84089613,1.58500004 7.02814341 6.6028285,1.58500004 6.76939392 6.7546463,1.59839749 6.79469681 6.79777145,1.59839749 7.05344677 6.64595366,1.63499999 7.07196951 6.67752314,1.63499999 6.81322002 6.82934093,1.68499994 7.07874966 6.68907833,1.68499994 6.82000017 6.84089613,0.70499998 7.11999989 3.63954496,0.70552206 7.11999989 3.64974952,0.70499998 6.82000017 3.63954496,0.70552206 6.82000017 3.64974952,0.70708275 7.11999989 3.65984774,0.70708275 6.82000017 3.65984774,0.70966578 7.11999989 3.669734,0.70966578 6.82000017 3.669734,1.08291721 6.82000017 4.85015202,1.08033419 6.82000017 4.84026575,1.08033419 7.11999989 4.84026575,1.08291721 7.11999989 4.85015202,1.0844779 6.82000017 4.86025047,1.0844779 7.11999989 4.86025047,1.08500004 6.82000017 4.87045527,1.08500004 7.11999989 4.87045527,3.68499994 7.11999989 7.75500011,3.7349999 7.11999989 7.74160242,3.68499994 6.82000017 7.75500011,3.7349999 6.82000017 7.74160242,3.77160263 7.11999989 7.70499992,3.77160263 6.82000017 7.70499992,3.78500009 7.11999989 7.65500021,3.78500009 6.82000017 7.65500021,1.08500004 7.11999989 7.65500021,1.09839749 7.11999989 7.70499992,1.08500004 6.82000017 7.65500021,1.09839749 6.82000017 7.70499992,1.13499999 7.11999989 7.74160242,1.13499999 6.82000017 7.74160242,1.18499994 7.11999989 7.75500011,1.18499994 6.82000017 7.75500011,0.80500001 7.11999989 1.85500002,0.755 7.11999989 1.86839747,0.80500001 6.82000017 1.85500002,0.755 6.82000017 1.86839747,0.71839744 7.11999989 1.90499997,0.71839744 6.82000017 1.90499997,0.70499998 7.11999989 1.95500004,0.70499998 6.82000017 1.95500004,4.5 7.11999989 -7.09499979,4.48660231 7.11999989 -7.14499998,4.5 6.82000017 -7.09499979,4.48660231 6.82000017 -7.14499998,4.44999981 7.11999989 -7.18160248,4.44999981 6.82000017 -7.18160248,4.4000001 7.11999989 -7.19500017,4.4000001 6.82000017 -7.19500017,4.4000001 7.11999989 -4.99499989,4.44999981 7.11999989 -5.00839758,4.4000001 6.82000017 -4.99499989,4.44999981 6.82000017 -5.00839758,4.48660231 7.11999989 -5.04500008,4.48660231 6.82000017 -5.04500008,4.5 7.11999989 -5.09499979,4.5 6.82000017 -5.09499979,2.5 7.11999989 -5.09499979,2.51339746 7.11999989 -5.04500008,2.5 6.82000017 -5.09499979,2.51339746 6.82000017 -5.04500008,2.54999995 7.11999989 -5.00839758,2.54999995 6.82000017 -5.00839758,2.5999999 7.11999989 -4.99499989,2.5999999 6.82000017 -4.99499989,2.5999999 7.11999989 -7.19500017,2.54999995 7.11999989 -7.18160248,2.5999999 6.82000017 -7.19500017,2.54999995 6.82000017 -7.18160248,2.51339746 7.11999989 -7.14499998,2.51339746 6.82000017 -7.14499998,2.5 7.11999989 -7.09499979,2.5 6.82000017 -7.09499979,6.51572657 3.7159915 0.4514493,6.25021362 3.71605873 0.3069807,6.27173615 3.72481227 0.27689663,6.49420404 3.70723796 0.48153335,6.53379393 3.73792267 0.42619419,6.2898035 3.74674344 0.25164151,6.54579687 3.76986265 0.40941694,6.30180597 3.77868342 0.23486426,6.55000019 3.80719686 0.40354156,6.30600929 3.81601763 0.22898889,6.25021362 4.92394114 0.3069807,6.49420404 4.93276215 0.48153335,6.51572657 4.92400837 0.4514493,6.27173615 4.91518784 0.27689663,6.53379393 4.9020772 0.42619419,6.2898035 4.89325666 0.25164151,6.54579687 4.87013721 0.40941694,6.30180597 4.86131668 0.23486426,6.55000019 4.83280325 0.40354156,6.30600929 4.82398224 0.22898889,6.25 5.22654772 0.14797515,6.25 5.21095943 0.10099725,6.55000019 5.22654772 0.14797515,6.55000019 5.21095943 0.10099725,6.25 5.17475128 0.06724957,6.55000019 5.17475128 0.06724957,6.25 5.12679482 0.055,6.55000019 5.12679482 0.055,6.55000019 3.41345239 0.14797515,6.55000019 3.42904067 0.10099725,6.25 3.41345239 0.14797515,6.25 3.42904067 0.10099725,6.55000019 3.46524858 0.06724957,6.25 3.46524858 0.06724957,6.55000019 3.51320529 0.055,6.25 3.51320529 0.055,6.55000019 3.02728987 7.15500021,6.55000019 2.97527432 7.14040709,6.25 3.02728987 7.15500021,6.25 2.97527432 7.14040709,6.55000019 2.93843985 7.1008873,6.25 2.93843985 7.1008873,6.55000019 2.92753696 7.04797506,6.25 2.92753696 7.04797506,6.25 5.61271 7.15500021,6.25 5.66472578 7.14040709,6.55000019 5.61271 7.15500021,6.55000019 5.66472578 7.14040709,6.25 5.70156002 7.1008873,6.55000019 5.70156002 7.1008873,6.25 5.7124629 7.04797506,6.55000019 5.7124629 7.04797506,6.55000019 -2.70753694 7.04797506,6.55000019 -2.71843982 7.1008873,6.25 -2.70753694 7.04797506,6.25 -2.71843982 7.1008873,6.55000019 -2.7552743 7.14040709,6.25 -2.7552743 7.14040709,6.55000019 -2.80728984 7.15500021,6.25 -2.80728984 7.15500021,6.25 -5.49246311 7.04797506,6.25 -5.48156023 7.1008873,6.55000019 -5.49246311 7.04797506,6.55000019 -5.48156023 7.1008873,6.25 -5.44472551 7.14040709,6.55000019 -5.44472551 7.14040709,6.25 -5.39271021 7.15500021,6.55000019 -5.39271021 7.15500021,6.25 -4.90679455 0.055,6.25 -4.95475149 0.06724957,6.55000019 -4.90679455 0.055,6.55000019 -4.95475149 0.06724957,6.25 -4.99095917 0.10099725,6.55000019 -4.99095917 0.10099725,6.25 -5.00654745 0.14797515,6.55000019 -5.00654745 0.14797515,6.55000019 -3.2932055 0.055,6.55000019 -3.24524856 0.06724957,6.25 -3.2932055 0.055,6.25 -3.24524856 0.06724957,6.55000019 -3.20904064 0.10099725,6.25 -3.20904064 0.10099725,6.55000019 -3.19345236 0.14797515,6.25 -3.19345236 0.14797515,6.0999999 -7.74660254 8.65499973,6.05000019 -7.76000023 8.65499973,6.05000019 -7.76000023 8.35499954,6.0999999 -7.74660254 8.35499954,6.1366024 -7.71000004 8.65499973,6.1366024 -7.71000004 8.35499954,6.1500001 -7.65999985 8.65499973,6.1500001 -7.65999985 8.35499954,7.19999981 -6.1366024 8.65499973,7.1500001 -6.1500001 8.65499973,7.1500001 -6.1500001 8.35499954,7.19999981 -6.1366024 8.35499954,7.23660231 -6.0999999 8.65499973,7.23660231 -6.0999999 8.35499954,7.25 -6.05000019 8.65499973,7.25 -6.05000019 8.35499954,7.23660231 6.0999999 8.65499973,7.25 6.05000019 8.65499973,7.25 6.05000019 8.35499954,7.23660231 6.0999999 8.35499954,7.19999981 6.1366024 8.65499973,7.19999981 6.1366024 8.35499954,7.1500001 6.1500001 8.65499973,7.1500001 6.1500001 8.35499954,-6.61499977 -11.65999985 -6.63417959,-6.6317873 -11.52391243 -6.60792398,-6.61499977 -11.65999985 -7.97582054,-6.6317873 -11.52391243 -8.00207615,-6.67150784 -11.41485596 -8.01207542,-6.67548704 -11.40684605 -6.59719038,-6.73285627 -11.31632996 -8.02110863,-6.74405813 -11.30238438 -6.58761263,-6.82007027 -11.22684288 -8.02931309,-6.82703352 -11.22122955 -6.58017206,-6.92495632 -11.15892315 -8.03554058,-6.92495632 -11.15892315 -6.57445908,-7.52996588 -10.12417126 -1.82500005,-7.47174501 -9.57047939 -1.82500005,-7.79074335 -9.9699707 -1.82500005,-7.55631304 -10.15716648 -1.82500005,-7.83155632 -10.02833939 -1.82500005,-7.59086418 -10.21410751 -1.82500005,-7.86463022 -10.09141731 -1.82500005,-7.889431 -10.1581831 -1.82500005,-7.60981512 -10.27795792 -1.82500005,-7.9055562 -10.22755623 -1.82500005,-7.91274643 -10.29841518 -1.82500005,-7.61192274 -10.3445282 -1.82500005,-7.9108839 -10.36961365 -1.82500005,-7.9000001 -10.43999958 -1.82500005,-7.59704828 -10.40944958 -1.82500005,-7.88027 -10.50843525 -1.82500005,-7.85201359 -10.57381344 -1.82500005,-7.56616831 -10.46846199 -1.82500005,-7.81568718 -10.63507557 -1.82500005,-7.7718792 -10.69123173 -1.82500005,-7.72129726 -10.74137402 -1.82500005,-7.66476059 -10.7846899 -1.82500005,-7.60318327 -10.82047939 -1.82500005,-7.56616831 -10.46846199 -1.42499995,-7.60318327 -10.82047939 -1.42499995,-7.66476059 -10.7846899 -1.42499995,-7.72129726 -10.74137402 -1.42499995,-7.7718792 -10.69123173 -1.42499995,-7.81568718 -10.63507557 -1.42499995,-7.85201359 -10.57381344 -1.42499995,-7.59704828 -10.40944958 -1.42499995,-7.88027 -10.50843525 -1.42499995,-7.9000001 -10.43999958 -1.42499995,-7.61192274 -10.3445282 -1.42499995,-7.9108839 -10.36961365 -1.42499995,-7.91274643 -10.29841518 -1.42499995,-7.60981512 -10.27795792 -1.42499995,-7.9055562 -10.22755623 -1.42499995,-7.889431 -10.1581831 -1.42499995,-7.59086418 -10.21410751 -1.42499995,-7.86463022 -10.09141731 -1.42499995,-7.83155632 -10.02833939 -1.42499995,-7.55631304 -10.15716648 -1.42499995,-7.79074335 -9.9699707 -1.42499995,-7.52996588 -10.12417126 -1.42499995,-7.47174501 -9.57047939 -1.42499995,-6.54509068 -6.78244781 -0.2724351,-6.44826937 -6.84877014 -0.24684331,-6.50055027 -6.91265154 -0.245,-6.55000019 -6.71999979 -0.345,-6.47385025 -6.74819708 -0.28890401,-6.38742828 -6.79773569 -0.25220174,-6.23763752 -6.76816273 -0.245,-6.32438087 -6.73518324 -0.28890401,-6.25 -6.71999979 -0.345,-6.31060648 -6.78933764 -0.24684331,-6.40825462 -6.84625387 -0.24546619,-6.43754864 -6.72650623 -0.31565434,-6.39911556 -6.74169016 -0.28890401,-6.34378386 -6.72111893 -0.33014867,-7.56616831 -10.46846199 -7.10500002,-7.60318327 -10.82047939 -7.10500002,-7.66476059 -10.7846899 -7.10500002,-7.72129726 -10.74137402 -7.10500002,-7.7718792 -10.69123173 -7.10500002,-7.81568718 -10.63507557 -7.10500002,-7.85201359 -10.57381344 -7.10500002,-7.59704828 -10.40944958 -7.10500002,-7.88027 -10.50843525 -7.10500002,-7.9000001 -10.43999958 -7.10500002,-7.61192274 -10.3445282 -7.10500002,-7.9108839 -10.36961365 -7.10500002,-7.91274643 -10.29841518 -7.10500002,-7.60981512 -10.27795792 -7.10500002,-7.9055562 -10.22755623 -7.10500002,-7.889431 -10.1581831 -7.10500002,-7.59086418 -10.21410751 -7.10500002,-7.86463022 -10.09141731 -7.10500002,-7.83155632 -10.02833939 -7.10500002,-7.55631304 -10.15716648 -7.10500002,-7.79074335 -9.9699707 -7.10500002,-7.52996588 -10.12417126 -7.10500002,-7.47174501 -9.57047939 -7.10500002,-7.52996588 -10.12417126 -7.50500011,-7.47174501 -9.57047939 -7.50500011,-7.79074335 -9.9699707 -7.50500011,-7.55631304 -10.15716648 -7.50500011,-7.83155632 -10.02833939 -7.50500011,-7.59086418 -10.21410751 -7.50500011,-7.86463022 -10.09141731 -7.50500011,-7.889431 -10.1581831 -7.50500011,-7.60981512 -10.27795792 -7.50500011,-7.9055562 -10.22755623 -7.50500011,-7.91274643 -10.29841518 -7.50500011,-7.61192274 -10.3445282 -7.50500011,-7.9108839 -10.36961365 -7.50500011,-7.9000001 -10.43999958 -7.50500011,-7.59704828 -10.40944958 -7.50500011,-7.88027 -10.50843525 -7.50500011,-7.85201359 -10.57381344 -7.50500011,-7.56616831 -10.46846199 -7.50500011,-7.81568718 -10.63507557 -7.50500011,-7.7718792 -10.69123173 -7.50500011,-7.72129726 -10.74137402 -7.50500011,-7.66476059 -10.7846899 -7.50500011,-7.60318327 -10.82047939 -7.50500011,-6.31500006 -11.91986561 -1.09724629,-6.31500006 -11.65999985 -0.95417958,-6.31500006 -11.86101437 -1.05125153,-6.31500006 -11.79759789 -1.0117892,-6.31500006 -11.7303381 -0.97930866,-6.31500006 -12.06262684 -1.98114693,-6.31500006 -12.02124882 -2.04332995,-6.31500006 -12.09714413 -1.91490889,-6.31500006 -11.91986561 -2.15275359,-6.31500006 -11.86101437 -2.19874835,-6.31500006 -11.97348022 -2.10075021,-6.31500006 -11.79759789 -2.23821068,-6.31500006 -11.7303381 -2.27069139,-6.31500006 -11.65999985 -2.29582047,-6.31500006 -12.12440681 -1.84537017,-6.31500006 -12.14410591 -1.77332234,-6.31500006 -12.1560154 -1.6995858,-6.31500006 -12.15999985 -1.625,-6.31500006 -12.1560154 -1.5504142,-6.31500006 -12.14410591 -1.47667766,-6.31500006 -12.12440681 -1.40462983,-6.31500006 -12.09714413 -1.33509111,-6.31500006 -12.06262684 -1.26885307,-6.31500006 -12.02124882 -1.20667005,-6.31500006 -11.97348022 -1.14924979,-6.93130016 -10.82047939 -1.42499995,-7.46923113 -10.55204582 -0.83881682,-6.79100466 -10.89048862 -0.86984748,-7.46923113 -10.55204582 -1.42499995,-6.93130016 -10.82047939 -1.82500005,-7.46923113 -10.55204582 -2.41118312,-7.46923113 -10.55204582 -1.82500005,-6.79100466 -10.89048862 -2.38015246,-7.50603533 -10.52969456 -1.82500005,-7.53864574 -10.50157642 -1.82500005,-7.55813885 -10.47932529 -2.41785073,-7.60703897 -10.37539387 -2.42737961,-7.60638809 -10.26053619 -2.43791056,-7.55631304 -10.15716648 -2.44738817,-7.55631304 -10.15716648 -0.80261177,-7.08783627 -9.57047939 -1.42499995,-6.43796539 -8.75662804 -0.67420149,-7.08783627 -9.57047939 -1.82500005,-6.43796539 -8.75662804 -2.57579851,-6.25858593 -8.34121799 -2.61388588,-6.25 -8.22000027 -2.625,-6.25 -8.22000027 -0.625,-6.25962353 -8.34829617 -0.63676304,-6.27664328 -8.43240738 -0.64447486,-6.28417158 -8.4600153 -2.60299397,-6.31490231 -8.54774952 -0.65505016,-6.32624626 -8.57402039 -2.59254122,-6.36903667 -8.65654659 -0.66502541,-6.36543036 -8.65036774 -2.58554125,-6.55000019 -8.22000027 -2.625,-6.55792713 -8.31389141 -2.61639142,-6.55000019 -8.22000027 -0.625,-6.55792713 -8.31389141 -0.63360852,-6.58148384 -8.40512371 -2.60802674,-6.58148384 -8.40512371 -0.64197338,-6.6200037 -8.49111557 -2.60014224,-6.6200037 -8.49111557 -0.64985764,-6.67239618 -8.56943226 -2.59296179,-6.67239618 -8.56943226 -0.65703815,-7.79074335 -9.9699707 -0.78544849,-7.79074335 -9.9699707 -2.46455145,-7.60318327 -10.82047939 -2.38657141,-7.71125078 -10.74993229 -2.3930397,-7.80029917 -10.65651989 -2.40160418,-7.86308432 -10.55082607 -2.41129494,-7.89672518 -10.45399284 -2.42017317,-7.91087532 -10.36971092 -2.42790079,-7.90556717 -10.22762012 -2.44092846,-7.86464357 -10.09144688 -2.45341372,-6.92495632 -11.15892315 -0.89445925,-7.60318327 -10.82047939 -0.86342859,-6.92495632 -11.15892315 -2.35554075,-6.61499977 -11.65999985 -0.95417958,-6.61499977 -12.12440681 -1.40462983,-6.61499977 -12.09714413 -1.33509111,-6.61499977 -12.06262684 -1.26885307,-6.61499977 -12.02124882 -1.20667005,-6.61499977 -11.97348022 -1.14924979,-6.61499977 -11.91986561 -1.09724629,-6.61499977 -11.86101437 -1.05125153,-6.61499977 -11.79759789 -1.0117892,-6.61499977 -11.7303381 -0.97930866,-6.61499977 -12.14410591 -1.47667766,-6.61499977 -12.1560154 -1.5504142,-6.61499977 -12.15999985 -1.625,-6.61499977 -11.65999985 -2.29582047,-6.61499977 -11.7303381 -2.27069139,-6.61499977 -11.79759789 -2.23821068,-6.61499977 -11.86101437 -2.19874835,-6.61499977 -11.91986561 -2.15275359,-6.61499977 -11.97348022 -2.10075021,-6.61499977 -12.02124882 -2.04332995,-6.61499977 -12.06262684 -1.98114693,-6.61499977 -12.09714413 -1.91490889,-6.61499977 -12.12440681 -1.84537017,-6.61499977 -12.14410591 -1.77332234,-6.61499977 -12.1560154 -1.6995858,-6.6317873 -11.52391243 -2.32207608,-6.3258357 -11.52391243 -2.32207608,-6.3258357 -11.52391243 -0.9279238,-6.6317873 -11.52391243 -0.9279238,-6.35910177 -11.38813686 -2.33452511,-6.67150784 -11.41485596 -2.33207512,-6.41392517 -11.25954342 -2.34631515,-6.73285627 -11.31632996 -2.34110856,-6.69947815 -10.94342518 -2.37529898,-6.82007027 -11.22684288 -2.3493135,-6.48885822 -11.14153194 -2.3571353,-6.61513948 -11.00719357 -2.36945224,-6.54266739 -11.07711506 -2.3630414,-7.8591156 -10.07942677 -0.79548413,-7.60638809 -10.26053619 -0.81208938,-7.90061522 -10.20162868 -0.80668837,-7.91312122 -10.32392693 -0.81790149,-7.60703897 -10.37539387 -0.82262033,-7.90291452 -10.42592716 -0.82725352,-7.88030291 -10.5083437 -0.83480996,-7.55813885 -10.47932529 -0.83214939,-7.8157239 -10.63502216 -0.84642464,-7.72132206 -10.74135208 -0.85617369,-6.67140818 -10.96286583 -0.8764835,-6.82703352 -11.22122955 -0.90017194,-6.56511831 -11.05366325 -0.88480836,-6.74405813 -11.30238438 -0.90761268,-6.47494221 -11.16048145 -0.89460212,-6.67548704 -11.40684605 -0.91719043,-6.4295826 -11.23110294 -0.90107721,-6.38455629 -11.32118034 -0.90933603,-6.34895277 -11.42073822 -0.91846412,7.79074335 -9.9699707 -7.50500011,7.47174501 -9.57047939 -7.50500011,7.52996588 -10.12417126 -7.50500011,7.55631304 -10.15716648 -7.50500011,7.83155632 -10.02833939 -7.50500011,7.59086418 -10.21410751 -7.50500011,7.86463022 -10.09141731 -7.50500011,7.889431 -10.1581831 -7.50500011,7.60981512 -10.27795792 -7.50500011,7.9055562 -10.22755623 -7.50500011,7.91274643 -10.29841518 -7.50500011,7.61192274 -10.3445282 -7.50500011,7.9108839 -10.36961365 -7.50500011,7.9000001 -10.43999958 -7.50500011,7.59704828 -10.40944958 -7.50500011,7.88027 -10.50843525 -7.50500011,7.85201359 -10.57381344 -7.50500011,7.56616831 -10.46846199 -7.50500011,7.66476059 -10.7846899 -7.50500011,7.60318327 -10.82047939 -7.50500011,7.81568718 -10.63507557 -7.50500011,7.72129726 -10.74137402 -7.50500011,7.7718792 -10.69123173 -7.50500011,7.79074335 -9.9699707 -1.82500005,7.47174501 -9.57047939 -1.82500005,7.52996588 -10.12417126 -1.82500005,7.55631304 -10.15716648 -1.82500005,7.83155632 -10.02833939 -1.82500005,7.59086418 -10.21410751 -1.82500005,7.86463022 -10.09141731 -1.82500005,7.889431 -10.1581831 -1.82500005,7.60981512 -10.27795792 -1.82500005,7.9055562 -10.22755623 -1.82500005,7.91274643 -10.29841518 -1.82500005,7.61192274 -10.3445282 -1.82500005,7.9108839 -10.36961365 -1.82500005,7.9000001 -10.43999958 -1.82500005,7.59704828 -10.40944958 -1.82500005,7.88027 -10.50843525 -1.82500005,7.85201359 -10.57381344 -1.82500005,7.56616831 -10.46846199 -1.82500005,7.66476059 -10.7846899 -1.82500005,7.60318327 -10.82047939 -1.82500005,7.81568718 -10.63507557 -1.82500005,7.72129726 -10.74137402 -1.82500005,7.7718792 -10.69123173 -1.82500005,7.56616831 -10.46846199 -7.10500002,7.7718792 -10.69123173 -7.10500002,7.72129726 -10.74137402 -7.10500002,7.66476059 -10.7846899 -7.10500002,7.60318327 -10.82047939 -7.10500002,7.81568718 -10.63507557 -7.10500002,7.85201359 -10.57381344 -7.10500002,7.59704828 -10.40944958 -7.10500002,7.88027 -10.50843525 -7.10500002,7.9000001 -10.43999958 -7.10500002,7.61192274 -10.3445282 -7.10500002,7.9108839 -10.36961365 -7.10500002,7.91274643 -10.29841518 -7.10500002,7.60981512 -10.27795792 -7.10500002,7.9055562 -10.22755623 -7.10500002,7.889431 -10.1581831 -7.10500002,7.59086418 -10.21410751 -7.10500002,7.86463022 -10.09141731 -7.10500002,7.83155632 -10.02833939 -7.10500002,7.55631304 -10.15716648 -7.10500002,7.79074335 -9.9699707 -7.10500002,7.52996588 -10.12417126 -7.10500002,7.47174501 -9.57047939 -7.10500002,6.61499977 -11.65999985 -6.63417959,6.6317873 -11.52391243 -6.60792398,6.3258357 -11.52391243 -6.60792398,6.31500006 -11.65999985 -6.63417959,6.31500006 -11.7303381 -6.65930843,6.61499977 -11.7303381 -6.65930843,6.61499977 -11.79759789 -6.69178915,6.31500006 -11.79759789 -6.69178915,6.61499977 -11.86101437 -6.73125172,6.31500006 -11.86101437 -6.73125172,6.61499977 -11.91986561 -6.77724648,6.31500006 -11.91986561 -6.77724648,6.61499977 -11.97348022 -6.82924986,6.31500006 -11.97348022 -6.82924986,6.61499977 -12.02124882 -6.88667011,6.31500006 -12.02124882 -6.88667011,6.61499977 -12.06262684 -6.94885302,6.31500006 -12.06262684 -6.94885302,6.61499977 -12.09714413 -7.01509094,6.31500006 -12.09714413 -7.01509094,6.61499977 -12.12440681 -7.08463001,6.31500006 -12.12440681 -7.08463001,6.31500006 -12.14410591 -7.15667772,6.61499977 -12.14410591 -7.15667772,6.61499977 -12.1560154 -7.23041439,6.31500006 -12.1560154 -7.23041439,6.61499977 -12.15999985 -7.30499983,6.31500006 -12.15999985 -7.30499983,6.61499977 -12.1560154 -7.37958574,6.31500006 -12.1560154 -7.37958574,6.31500006 -12.14410591 -7.45332241,6.61499977 -12.14410591 -7.45332241,6.61499977 -12.12440681 -7.52537012,6.31500006 -12.12440681 -7.52537012,6.31500006 -12.09714413 -7.59490871,6.61499977 -12.09714413 -7.59490871,6.61499977 -12.06262684 -7.66114712,6.31500006 -12.06262684 -7.66114712,6.61499977 -12.02124882 -7.72333002,6.31500006 -12.02124882 -7.72333002,6.61499977 -11.97348022 -7.78075027,6.31500006 -11.97348022 -7.78075027,6.61499977 -11.91986561 -7.83275366,6.31500006 -11.91986561 -7.83275366,6.61499977 -11.86101437 -7.87874842,6.31500006 -11.86101437 -7.87874842,6.61499977 -11.79759789 -7.91821098,6.31500006 -11.79759789 -7.91821098,6.61499977 -11.7303381 -7.95069122,6.31500006 -11.7303381 -7.95069122,6.61499977 -11.65999985 -7.97582054,6.31500006 -11.65999985 -7.97582054,6.3258357 -11.52391243 -8.00207615,6.6317873 -11.52391243 -8.00207615,6.34895277 -11.42073822 -8.01153564,6.38455629 -11.32118034 -8.02066422,6.67548704 -11.40684605 -8.01280975,6.4295826 -11.23110294 -8.02892303,6.47494221 -11.16048145 -8.03539753,6.74405813 -11.30238438 -8.0223875,6.56511831 -11.05366325 -8.04519176,6.82703352 -11.22122955 -8.02982807,6.67140818 -10.96286583 -8.05351639,6.92495632 -11.15892315 -8.03554058,6.79100466 -10.89048862 -8.06015205,7.60318327 -10.82047939 -8.06657124,7.46923113 -10.55204582 -8.09118271,7.72132206 -10.74135208 -8.07382584,7.55813885 -10.47932529 -8.0978508,7.8157239 -10.63502216 -8.08357525,7.88030291 -10.5083437 -8.09519005,7.60703897 -10.37539387 -8.10737991,7.90291452 -10.42592716 -8.10274601,7.91312122 -10.32392693 -8.11209869,7.60638809 -10.26053619 -8.11791039,7.90061522 -10.20162868 -8.123312,7.8591156 -10.07942677 -8.13451576,7.55631304 -10.15716648 -8.127388,7.79074335 -9.9699707 -8.14455128,6.43796539 -8.75662804 -8.25579834,6.67239618 -8.56943226 -8.27296162,6.36903667 -8.65654659 -8.26497459,6.6200037 -8.49111557 -8.28014278,6.31490231 -8.54774952 -8.27495003,6.58148384 -8.40512371 -8.28802681,6.27664328 -8.43240738 -8.28552532,6.55792713 -8.31389141 -8.29639149,6.25962353 -8.34829617 -8.29323673,6.55000019 -8.22000027 -6.30499983,6.25 -8.22000027 -6.30499983,6.25858593 -8.34121799 -6.31611395,6.55792713 -8.31389141 -6.31360865,6.28417158 -8.4600153 -6.32700634,6.58148384 -8.40512371 -6.32197332,6.32624626 -8.57402039 -6.33745861,6.6200037 -8.49111557 -6.32985783,6.36543036 -8.65036774 -6.34445906,6.67239618 -8.56943226 -6.33703804,6.43796539 -8.75662804 -6.35420132,7.79074335 -9.9699707 -6.46544838,7.55631304 -10.15716648 -6.48261166,7.86464357 -10.09144688 -6.47658634,7.60638809 -10.26053619 -6.49208927,6.82007027 -11.22684288 -6.58068657,6.69947815 -10.94342518 -6.55470085,6.61513948 -11.00719357 -6.56054783,6.54266739 -11.07711506 -6.56695843,6.73285627 -11.31632996 -6.58889151,6.48885822 -11.14153194 -6.57286453,6.41392517 -11.25954342 -6.58368492,6.92495632 -11.15892315 -6.57445908,6.79100466 -10.89048862 -6.5498476,6.67150784 -11.41485596 -6.59792471,6.35910177 -11.38813686 -6.5954752,7.90556717 -10.22762012 -6.48907137,7.91087532 -10.36971092 -6.50209904,7.60703897 -10.37539387 -6.50262022,7.89672518 -10.45399284 -6.50982666,7.86308432 -10.55082607 -6.51870489,7.55813885 -10.47932529 -6.51214933,7.60318327 -10.82047939 -6.54342842,7.46923113 -10.55204582 -6.51881695,7.80029917 -10.65651989 -6.52839565,7.71125078 -10.74993229 -6.5369606,6.55000019 -8.22000027 -0.625,6.25 -8.22000027 -0.625,6.25 -8.22000027 -2.625,6.55000019 -8.22000027 -2.625,-6.55000019 -6.71999979 -0.52499998,-6.25 -6.71999979 -0.52499998,-5.6500001 6.82777214 8.41398144,5.6500001 6.82000017 8.34500027,5.6500001 6.82777214 8.41398144,-5.6500001 6.82000017 8.34500027,-5.6500001 6.85069942 8.47950363,5.6500001 6.85069942 8.47950363,-5.6500001 6.88763237 8.53828144,5.6500001 6.88763237 8.53828144,-5.6500001 6.93671799 8.58736801,5.6500001 6.93671799 8.58736801,-5.6500001 6.99549627 8.6243,5.6500001 6.99549627 8.6243,-5.6500001 7.06101847 8.64722729,5.6500001 7.06101847 8.64722729,-5.6500001 7.13000011 8.65499973,5.6500001 7.13000011 8.65499973,-5.6500001 7.11999989 8.34500027,-5.6500001 7.1213398 8.35000038,5.6500001 7.11999989 8.34500027,5.6500001 7.1213398 8.35000038,5.6500001 7.125 8.35366058,-5.6500001 7.125 8.35366058,-5.6500001 7.13000011 8.35499954,5.6500001 7.13000011 8.35499954,-5.55000019 7.68499994 8.65499973,-5.5999999 7.67160273 8.65499973,-5.6366024 7.63500023 8.65499973,-5.6500001 7.58500004 8.65499973,-5.5999999 7.67160273 8.35499954,-5.55000019 7.68499994 8.35499954,-5.6366024 7.63500023 8.35499954,-5.6500001 7.58500004 8.35499954,6.25777245 6.1500001 8.41398144,6.25 6.1500001 8.34500027,6.25 -6.1500001 8.34500027,6.25777245 -6.1500001 8.41398144,6.28069973 6.1500001 8.47950363,6.28069973 -6.1500001 8.47950363,6.3176322 -6.1500001 8.53828144,6.3176322 6.1500001 8.53828144,6.36671829 -6.1500001 8.58736801,6.36671829 6.1500001 8.58736801,6.4254961 6.1500001 8.6243,6.4254961 -6.1500001 8.6243,6.4910183 6.1500001 8.64722729,6.4910183 -6.1500001 8.64722729,6.55999994 6.1500001 8.65499973,6.55999994 -6.1500001 8.65499973,6.55000019 6.1500001 8.34500027,6.55133963 6.1500001 8.35000038,6.55000019 -6.1500001 8.34500027,6.55133963 -6.1500001 8.35000038,6.55499983 6.1500001 8.35366058,6.55499983 -6.1500001 8.35366058,6.55999994 6.1500001 8.35499954,6.55999994 -6.1500001 8.35499954,6.55000019 6.71999979 8.34500027,6.55000019 5.26999998 7.15500021,6.55000019 3.36999989 7.15500021,6.55000019 -3.1500001 7.15500021,6.55000019 -5.05000019 7.15500021,6.55000019 -6.71999979 8.34500027,6.55000019 4.28755713 -4.03319645,6.55000019 4.33180332 -4.07744312,6.55000019 4.23180342 -4.00478888,6.55000019 4.36021137 -4.13319683,6.55000019 4.17000008 -3.99499989,6.55000019 4.36999989 -4.19500017,6.55000019 3.11999989 -3.99499989,6.55000019 3.05819654 -4.00478888,6.55000019 3.00244284 -4.03319645,6.55000019 2.95819664 -4.07744312,6.55000019 2.92978859 -4.13319683,6.55000019 6.71999979 -8.34500027,6.55000019 4.36999989 -6.14499998,6.55000019 4.36021137 -6.20680332,6.55000019 4.33180332 -6.26255703,6.55000019 4.28755713 -6.30680323,6.55000019 4.23180342 -6.33521128,6.55000019 4.17000008 -6.34499979,6.55000019 3.11999989 -6.34499979,6.55000019 3.05819654 -6.33521128,6.55000019 2.92000008 -6.14499998,6.55000019 2.92000008 -4.19500017,6.55000019 3.00244284 -6.30680323,6.55000019 2.92978859 -6.20680332,6.55000019 2.95819664 -6.26255703,6.55000019 -6.71999979 -0.34499553,6.55000019 -3.96244287 -4.03319645,6.55000019 -3.91819668 -4.07744312,6.55000019 -4.01819658 -4.00478888,6.55000019 -3.88978863 -4.13319683,6.55000019 -4.07999992 -3.99499989,6.55000019 -3.88000011 -4.19500017,6.55000019 -5.13000011 -3.99499989,6.55000019 -5.19180346 -4.00478888,6.55000019 -5.24755716 -4.03319645,6.55000019 -3.88000011 -6.14499998,6.55000019 -3.88978863 -6.20680332,6.55000019 -3.91819668 -6.26255703,6.55000019 -3.96244287 -6.30680323,6.55000019 -4.01819658 -6.33521128,6.55000019 -5.29180336 -4.07744312,6.55000019 -5.32021141 -4.13319683,6.55000019 -5.32999992 -4.19500017,6.55000019 -5.32021141 -6.20680332,6.55000019 -5.32999992 -6.14499998,6.55000019 -5.29180336 -6.26255703,6.55000019 -4.07999992 -6.34499979,6.55000019 -5.13000011 -6.34499979,6.55000019 -5.24755716 -6.30680323,6.55000019 -5.19180346 -6.33521128,6.21945906 7.11392307 -8.34500027,6.1500001 7.11999989 -8.34500027,6.1500001 7.11999989 8.34500027,6.21945906 7.11392307 8.34500027,6.28680801 7.09587717 -8.34500027,6.28680801 7.09587717 8.34500027,6.3499999 7.06641006 -8.34500027,6.3499999 7.06641006 8.34500027,6.40711498 7.02641773 -8.34500027,6.40711498 7.02641773 8.34500027,6.45641756 6.97711515 8.34500027,6.45641756 6.97711515 -8.34500027,6.49641037 6.92000008 -8.34500027,6.49641037 6.92000008 8.34500027,6.525877 6.85680819 -8.34500027,6.525877 6.85680819 8.34500027,6.5439229 6.78945923 8.34500027,6.5439229 6.78945923 -8.34500027,-3.7349999 7.11999989 7.74160242,-3.77160263 7.11999989 7.70499992,-3.68499994 7.11999989 7.75500011,-3.78500009 7.11999989 7.65500021,-1.18499994 7.11999989 7.75500011,-3.78500009 7.11999989 4.87045527,-6.1500001 7.11999989 8.34500027,-3.78708267 7.11999989 4.85015202,-3.78552198 7.11999989 4.86025047,-3.7896657 7.11999989 4.84026575,-4.16033411 7.11999989 3.669734,-4.16291714 7.11999989 3.65984774,-4.16447783 7.11999989 3.64974952,-4.16499996 7.11999989 3.63954496,-1.13499999 7.11999989 7.74160242,-1.09839749 7.11999989 7.70499992,-1.08500004 7.11999989 7.65500021,-4.16499996 7.11999989 1.95500004,-1.08500004 7.11999989 4.87045527,-1.08291721 7.11999989 4.85015202,-1.0844779 7.11999989 4.86025047,-1.08033419 7.11999989 4.84026575,-1.23500001 7.11999989 3.74973679,-3.63499999 7.11999989 3.74973679,-3.28500009 7.11999989 4.85500002,-1.58500004 7.11999989 4.85500002,-0.70966578 7.11999989 3.669734,-1.23500001 7.11999989 1.95500004,-3.63499999 7.11999989 1.95500004,-1.22160256 7.11999989 1.90499997,-3.64839745 7.11999989 1.90499997,-3.68499994 7.11999989 1.86839747,-1.18499994 7.11999989 1.86839747,-0.70708275 7.11999989 3.65984774,-0.70552206 7.11999989 3.64974952,-0.70499998 7.11999989 3.63954496,3.28500009 7.11999989 4.85500002,1.23500001 7.11999989 3.74973679,1.58500004 7.11999989 4.85500002,-0.70499998 7.11999989 1.95500004,-0.71839744 7.11999989 1.90499997,-0.755 7.11999989 1.86839747,-0.80500001 7.11999989 1.85500002,3.63499999 7.11999989 3.74973679,-4.48660231 7.11999989 -5.04500008,-4.15160275 7.11999989 1.90499997,-4.44999981 7.11999989 -5.00839758,-4.11499977 7.11999989 1.86839747,-4.4000001 7.11999989 -4.99499989,-4.06500006 7.11999989 1.85500002,-3.7349999 7.11999989 1.85500002,-6.1500001 7.11999989 -8.34500027,-4.5 7.11999989 -5.09499979,-2.5999999 7.11999989 -4.99499989,-1.13499999 7.11999989 1.85500002,-2.54999995 7.11999989 -5.00839758,-4.5 7.11999989 -7.09499979,-4.48660231 7.11999989 -7.14499998,-4.44999981 7.11999989 -7.18160248,-4.4000001 7.11999989 -7.19500017,-4.25 7.11999989 -7.19500017,-2.75 7.11999989 -7.19500017,-2.5999999 7.11999989 -7.19500017,-2.5 7.11999989 -7.09499979,-2.5 7.11999989 -5.09499979,-2.51339746 7.11999989 -5.04500008,-2.51339746 7.11999989 -7.14499998,-2.54999995 7.11999989 -7.18160248,4.25 7.11999989 -7.19500017,2.75 7.11999989 -7.19500017,-6.5439229 6.78945923 -8.34500027,-6.55000019 6.71999979 -8.34500027,-6.55000019 6.71999979 8.34500027,-6.5439229 6.78945923 8.34500027,-6.525877 6.85680819 -8.34500027,-6.525877 6.85680819 8.34500027,-6.49641037 6.92000008 8.34500027,-6.49641037 6.92000008 -8.34500027,-6.45641756 6.97711515 -8.34500027,-6.45641756 6.97711515 8.34500027,-6.40711498 7.02641773 -8.34500027,-6.40711498 7.02641773 8.34500027,-6.3499999 7.06641006 -8.34500027,-6.3499999 7.06641006 8.34500027,-6.28680801 7.09587717 -8.34500027,-6.28680801 7.09587717 8.34500027,-6.21945906 7.11392307 8.34500027,-6.21945906 7.11392307 -8.34500027,-6.55000019 -5.48156023 7.1008873,-6.55000019 -6.71999979 8.34500027,-6.55000019 -6.1500001 8.34500027,-6.55000019 -5.44472551 7.14040709,-6.55000019 -5.39271021 7.15500021,-6.55000019 -5.49246311 7.04797506,-6.55000019 -5.05000019 7.15500021,-6.55000019 -3.1500001 7.15500021,-6.55000019 -2.80728984 7.15500021,-6.55000019 -6.82000017 -0.625,-6.55000019 -5.00654745 0.14797515,-6.55000019 -4.99095917 0.10099725,-6.55000019 -4.95475149 0.06724957,-6.55000019 -6.73339748 -0.57499999,-6.55000019 -4.90679455 0.055,-6.55000019 2.97527432 7.14040709,-6.55000019 -2.7552743 7.14040709,-6.55000019 2.93843985 7.1008873,-6.55000019 -2.71843982 7.1008873,-6.55000019 -2.70753694 7.04797506,-6.55000019 3.02728987 7.15500021,-6.55000019 2.92753696 7.04797506,-6.55000019 6.1500001 8.34500027,-6.55000019 3.36999989 7.15500021,-6.55000019 0.5 2.40499997,-6.55000019 -0.5 2.40499997,-6.55000019 5.26999998 7.15500021,-6.55000019 5.61271 7.15500021,-6.55000019 5.66472578 7.14040709,-6.55000019 5.70156002 7.1008873,-6.55000019 5.7124629 7.04797506,-6.55000019 -5.24755716 -4.03319645,-6.55000019 -6.76999998 -0.61160254,-6.55000019 -5.29180336 -4.07744312,-6.55000019 -5.19180346 -4.00478888,-6.55000019 -5.32021141 -4.13319683,-6.55000019 -5.13000011 -3.99499989,-6.55000019 -5.32999992 -4.19500017,-6.55000019 -8.22000027 -6.30499983,-6.55000019 -4.07999992 -3.99499989,-6.55000019 -3.2932055 0.055,-6.55000019 -4.01819658 -4.00478888,-6.55000019 -3.96244287 -4.03319645,-6.55000019 -8.17041969 -8.34026051,-6.55000019 -8.19795704 -8.32649231,-6.55000019 -8.22000027 -8.30500031,-6.55000019 -8.14000034 -8.34500027,-6.55000019 -5.32999992 -6.14499998,-6.55000019 -5.32021141 -6.20680332,-6.55000019 -5.29180336 -6.26255703,-6.55000019 -5.24755716 -6.30680323,-6.55000019 -5.19180346 -6.33521128,-6.55000019 -5.13000011 -6.34499979,-6.55000019 -0.5 -1.84500003,-6.55000019 -3.91819668 -4.07744312,-6.55000019 -3.88978863 -4.13319683,-6.55000019 -3.19345236 0.14797515,-6.55000019 -3.20904064 0.10099725,-6.55000019 -3.24524856 0.06724957,-6.55000019 -4.07999992 -6.34499979,-6.55000019 -4.01819658 -6.33521128,-6.55000019 3.41345239 0.14797515,-6.55000019 0.5 -1.84500003,-6.55000019 3.42904067 0.10099725,-6.55000019 3.46524858 0.06724957,-6.55000019 -0.5 -5.44500017,-6.55000019 -3.88000011 -6.14499998,-6.55000019 -3.88000011 -4.19500017,-6.55000019 5.22654772 0.14797515,-6.55000019 -0.5 -6.44500017,-6.55000019 -3.88978863 -6.20680332,-6.55000019 -3.91819668 -6.26255703,-6.55000019 -3.96244287 -6.30680323,-6.55000019 0.5 -5.44500017,-6.55000019 3.00244284 -4.03319645,-6.55000019 2.95819664 -4.07744312,-6.55000019 2.92978859 -4.13319683,-6.55000019 3.05819654 -4.00478888,-6.55000019 3.11999989 -3.99499989,-6.55000019 3.51320529 0.055,-6.55000019 2.92000008 -4.19500017,-6.55000019 4.17000008 -3.99499989,-6.55000019 5.12679482 0.055,-6.55000019 4.23180342 -4.00478888,-6.55000019 4.28755713 -4.03319645,-6.55000019 5.17475128 0.06724957,-6.55000019 4.33180332 -4.07744312,-6.55000019 4.36021137 -4.13319683,-6.55000019 5.21095943 0.10099725,-6.55000019 4.36999989 -4.19500017,-6.55000019 2.92000008 -6.14499998,-6.55000019 0.5 -6.44500017,-6.55000019 2.92978859 -6.20680332,-6.55000019 2.95819664 -6.26255703,-6.55000019 3.00244284 -6.30680323,-6.55000019 3.05819654 -6.33521128,-6.55000019 3.11999989 -6.34499979,-6.55000019 4.17000008 -6.34499979,-6.55000019 4.36021137 -6.20680332,-6.55000019 4.36999989 -6.14499998,-6.55000019 4.33180332 -6.26255703,-6.55000019 4.28755713 -6.30680323,-6.55000019 4.23180342 -6.33521128,-6.25 -6.71999979 8.34500027,-6.25 -5.48156023 7.1008873,-6.25 -6.1500001 8.34500027,-6.25 -5.44472551 7.14040709,-6.25 -5.39271021 7.15500021,-6.25 -5.49246311 7.04797506,-6.25 -5.05000019 7.15500021,-6.25 -3.1500001 7.15500021,-6.25 -2.80728984 7.15500021,-6.25 -6.82000017 -0.625,-6.25 -5.00654745 0.14797515,-6.25 -4.99095917 0.10099725,-6.25 -6.73339748 -0.57499999,-6.25 -4.95475149 0.06724957,-6.25 -4.90679455 0.055,-6.25 -2.7552743 7.14040709,-6.25 2.97527432 7.14040709,-6.25 -2.71843982 7.1008873,-6.25 2.93843985 7.1008873,-6.25 -2.70753694 7.04797506,-6.25 3.02728987 7.15500021,-6.25 2.92753696 7.04797506,-6.25 3.36999989 7.15500021,-6.25 6.1500001 8.34500027,-6.25 0.5 2.40499997,-6.25 -0.5 2.40499997,-6.25 5.26999998 7.15500021,-6.25 5.61271 7.15500021,-6.25 5.66472578 7.14040709,-6.25 5.70156002 7.1008873,-6.25 6.71999979 8.34500027,-6.25 5.7124629 7.04797506,-6.25 -5.24755716 -4.03319645,-6.25 -6.76999998 -0.61160254,-6.25 -5.29180336 -4.07744312,-6.25 -5.32021141 -4.13319683,-6.25 -5.19180346 -4.00478888,-6.25 -8.22000027 -6.30499983,-6.25 -5.32999992 -4.19500017,-6.25 -5.13000011 -3.99499989,-6.25 -4.07999992 -3.99499989,-6.25 -3.2932055 0.055,-6.25 -4.01819658 -4.00478888,-6.25 -3.96244287 -4.03319645,-6.25 -8.19795704 -8.32649231,-6.25 -8.17041969 -8.34026051,-6.25 -8.22000027 -8.30500031,-6.25 -8.14000034 -8.34500027,-6.25 -5.32999992 -6.14499998,-6.25 -5.32021141 -6.20680332,-6.25 -5.29180336 -6.26255703,-6.25 -5.24755716 -6.30680323,-6.25 -5.19180346 -6.33521128,-6.25 -5.13000011 -6.34499979,-6.25 -0.5 -1.84500003,-6.25 -3.20904064 0.10099725,-6.25 -3.19345236 0.14797515,-6.25 -3.24524856 0.06724957,-6.25 -3.91819668 -4.07744312,-6.25 -3.88978863 -4.13319683,-6.25 -4.07999992 -6.34499979,-6.25 -4.01819658 -6.33521128,-6.25 0.5 -1.84500003,-6.25 3.41345239 0.14797515,-6.25 3.42904067 0.10099725,-6.25 3.46524858 0.06724957,-6.25 -0.5 -5.44500017,-6.25 -3.88000011 -6.14499998,-6.25 -3.88000011 -4.19500017,-6.25 5.22654772 0.14797515,-6.25 0.5 -5.44500017,-6.25 -0.5 -6.44500017,-6.25 -3.88978863 -6.20680332,-6.25 -3.91819668 -6.26255703,-6.25 -3.96244287 -6.30680323,-6.25 2.95819664 -4.07744312,-6.25 3.00244284 -4.03319645,-6.25 2.92978859 -4.13319683,-6.25 3.05819654 -4.00478888,-6.25 3.11999989 -3.99499989,-6.25 3.51320529 0.055,-6.25 2.92000008 -4.19500017,-6.25 4.17000008 -3.99499989,-6.25 5.12679482 0.055,-6.25 4.23180342 -4.00478888,-6.25 4.28755713 -4.03319645,-6.25 5.17475128 0.06724957,-6.25 4.33180332 -4.07744312,-6.25 4.36021137 -4.13319683,-6.25 5.21095943 0.10099725,-6.25 4.36999989 -4.19500017,-6.25 0.5 -6.44500017,-6.25 2.92000008 -6.14499998,-6.25 2.92978859 -6.20680332,-6.25 2.95819664 -6.26255703,-6.25 3.00244284 -6.30680323,-6.25 3.05819654 -6.33521128,-6.25 6.71999979 -8.34500027,-6.25 3.11999989 -6.34499979,-6.25 4.17000008 -6.34499979,-6.25 4.36021137 -6.20680332,-6.25 4.36999989 -6.14499998,-6.25 4.33180332 -6.26255703,-6.25 4.28755713 -6.30680323,-6.25 4.23180342 -6.33521128,-6.23660231 6.76999998 -8.34500027,-6.23660231 6.76999998 8.34500027,-6.19999981 6.80660248 8.34500027,-6.19999981 6.80660248 -8.34500027,-6.1500001 6.82000017 8.34500027,-6.1500001 6.82000017 -8.34500027,-3.77160263 6.82000017 7.70499992,-3.7349999 6.82000017 7.74160242,-3.68499994 6.82000017 7.75500011,-3.78500009 6.82000017 7.65500021,-1.18499994 6.82000017 7.75500011,-3.78500009 6.82000017 4.87045527,-3.7896657 6.82000017 4.84026575,-3.78552198 6.82000017 4.86025047,-3.78708267 6.82000017 4.85015202,-4.16033411 6.82000017 3.669734,-4.16291714 6.82000017 3.65984774,-4.16447783 6.82000017 3.64974952,-4.16499996 6.82000017 3.63954496,-1.13499999 6.82000017 7.74160242,-1.09839749 6.82000017 7.70499992,-1.08500004 6.82000017 7.65500021,-4.16499996 6.82000017 1.95500004,-1.08500004 6.82000017 4.87045527,-1.0844779 6.82000017 4.86025047,-1.08291721 6.82000017 4.85015202,-1.08033419 6.82000017 4.84026575,-3.63499999 6.82000017 1.95500004,-1.23500001 6.82000017 3.74973679,-3.63499999 6.82000017 3.74973679,-3.28500009 6.82000017 4.85500002,-1.58500004 6.82000017 4.85500002,-0.70966578 6.82000017 3.669734,-1.23500001 6.82000017 1.95500004,-1.22160256 6.82000017 1.90499997,-3.64839745 6.82000017 1.90499997,-3.68499994 6.82000017 1.86839747,-1.18499994 6.82000017 1.86839747,-0.70708275 6.82000017 3.65984774,-0.70552206 6.82000017 3.64974952,-0.70499998 6.82000017 3.63954496,-0.70499998 6.82000017 1.95500004,-0.71839744 6.82000017 1.90499997,-0.755 6.82000017 1.86839747,6.1500001 6.82000017 8.34500027,-0.80500001 6.82000017 1.85500002,3.63499999 6.82000017 3.74973679,1.23500001 6.82000017 3.74973679,1.58500004 6.82000017 4.85500002,3.28500009 6.82000017 4.85500002,-4.48660231 6.82000017 -5.04500008,-4.15160275 6.82000017 1.90499997,-4.44999981 6.82000017 -5.00839758,-4.11499977 6.82000017 1.86839747,-4.4000001 6.82000017 -4.99499989,-4.06500006 6.82000017 1.85500002,-3.7349999 6.82000017 1.85500002,-4.5 6.82000017 -5.09499979,-2.5999999 6.82000017 -4.99499989,-1.13499999 6.82000017 1.85500002,-2.54999995 6.82000017 -5.00839758,-4.5 6.82000017 -7.09499979,-4.48660231 6.82000017 -7.14499998,-4.44999981 6.82000017 -7.18160248,-4.4000001 6.82000017 -7.19500017,-4.25 6.82000017 -7.19500017,-2.75 6.82000017 -7.19500017,-2.51339746 6.82000017 -5.04500008,-2.5 6.82000017 -5.09499979,-2.5999999 6.82000017 -7.19500017,-2.5 6.82000017 -7.09499979,-2.51339746 6.82000017 -7.14499998,-2.54999995 6.82000017 -7.18160248,6.1500001 6.82000017 -8.34500027,2.75 6.82000017 -7.19500017,4.25 6.82000017 -7.19500017,6.19999981 6.80660248 -8.34500027,6.19999981 6.80660248 8.34500027,6.23660231 6.76999998 8.34500027,6.23660231 6.76999998 -8.34500027,6.25 6.71999979 8.34500027,6.25 6.71999979 -8.34500027,6.25 5.26999998 7.15500021,6.25 3.36999989 7.15500021,6.25 -3.1500001 7.15500021,6.25 -5.05000019 7.15500021,6.25 -6.71999979 8.34500027,6.25 4.33180332 -4.07744312,6.25 4.28755713 -4.03319645,6.25 4.23180342 -4.00478888,6.25 4.36021137 -4.13319683,6.25 4.17000008 -3.99499989,6.25 4.36999989 -4.19500017,6.25 3.11999989 -3.99499989,6.25 3.05819654 -4.00478888,6.25 3.00244284 -4.03319645,6.25 2.95819664 -4.07744312,6.25 2.92978859 -4.13319683,6.25 4.36999989 -6.14499998,6.25 4.36021137 -6.20680332,6.25 4.33180332 -6.26255703,6.25 4.28755713 -6.30680323,6.25 4.23180342 -6.33521128,6.25 4.17000008 -6.34499979,6.25 3.11999989 -6.34499979,6.25 3.05819654 -6.33521128,6.25 2.92000008 -6.14499998,6.25 2.92000008 -4.19500017,6.25 2.92978859 -6.20680332,6.25 2.95819664 -6.26255703,6.25 3.00244284 -6.30680323,6.25 -6.71999979 -0.34499553,6.25 -3.96244287 -4.03319645,6.25 -3.91819668 -4.07744312,6.25 -4.01819658 -4.00478888,6.25 -3.88978863 -4.13319683,6.25 -4.07999992 -3.99499989,6.25 -3.88000011 -4.19500017,6.25 -5.13000011 -3.99499989,6.25 -5.19180346 -4.00478888,6.25 -5.24755716 -4.03319645,6.25 -3.88000011 -6.14499998,6.25 -3.88978863 -6.20680332,6.25 -3.91819668 -6.26255703,6.25 -3.96244287 -6.30680323,6.25 -4.01819658 -6.33521128,6.25 -5.29180336 -4.07744312,6.25 -5.32021141 -4.13319683,6.25 -5.32999992 -4.19500017,6.25 -5.32021141 -6.20680332,6.25 -5.32999992 -6.14499998,6.25 -5.29180336 -6.26255703,6.25 -4.07999992 -6.34499979,6.25 -5.13000011 -6.34499979,6.25 -5.24755716 -6.30680323,6.25 -5.19180346 -6.33521128,6.1500001 -7.11999989 8.34500027,6.21945906 -7.11392307 8.34500027,6.1500001 -6.82000017 8.34500027,6.5439229 -6.78945923 8.34500027,6.28680801 -7.09587717 8.34500027,6.19999981 -6.80660248 8.34500027,6.23660231 -6.76999998 8.34500027,6.525877 -6.85680819 8.34500027,6.3499999 -7.06641006 8.34500027,6.49641037 -6.92000008 8.34500027,6.40711498 -7.02641773 8.34500027,6.45641756 -6.97711515 8.34500027,7.79074335 -9.9699707 -2.46455145,7.8591156 -10.07942677 -2.45451593,7.90061522 -10.20162868 -2.44331169,7.91312122 -10.32392693 -2.43209863,7.90291452 -10.42592716 -2.42274642,7.88030291 -10.5083437 -2.41518998,7.8157239 -10.63502216 -2.40357542,7.72132206 -10.74135208 -2.39382625,7.60318327 -10.82047939 -2.38657141,-6.5439229 -6.78945923 8.34500027,-6.525877 -6.85680819 8.34500027,-6.23660231 -6.76999998 8.34500027,-6.49641037 -6.92000008 8.34500027,-6.45641756 -6.97711515 8.34500027,-6.40711498 -7.02641773 8.34500027,-6.19999981 -6.80660248 8.34500027,-6.3499999 -7.06641006 8.34500027,-6.28680801 -7.09587717 8.34500027,-6.1500001 -6.82000017 8.34500027,-6.21945906 -7.11392307 8.34500027,-6.1500001 -7.11999989 8.34500027,-6.1500001 -6.82000017 -0.245,-6.18486166 -6.81372643 -0.245,-6.2153492 -6.7956934 -0.245,-6.1500001 -7.11999989 -0.245,-6.22084332 -7.11367655 -0.245,-6.28944683 -7.09490633 -0.245,-6.35364103 -7.06428242 -0.245,-6.41139698 -7.02277327 -0.245,-6.46088839 -6.97169113 -0.245,6.1500001 -7.11999989 -0.245,6.22084332 -7.11367655 -0.245,6.28944683 -7.09490633 -0.245,6.35364103 -7.06428242 -0.245,6.41139698 -7.02277327 -0.245,6.46088839 -6.97169113 -0.245,6.50055027 -6.91265154 -0.245,6.5450902 -6.78245115 -0.27243349,6.1500001 -6.82000017 -0.245,6.18486166 -6.81372643 -0.245,6.2153492 -6.7956934 -0.245,6.23763752 -6.76816273 -0.245,6.4750762 -6.72346306 -0.32482526,6.47373438 -6.74941587 -0.28780478,6.39990044 -6.73035526 -0.30551532,6.46659803 -6.79286146 -0.26153684,6.32047606 -6.759233 -0.26153684,6.32504082 -6.7218647 -0.32482526,6.36252117 -6.72057438 -0.33484903,6.41909599 -6.82072067 -0.24928926,6.32611752 -6.80063915 -0.24609169,6.1500001 -7.1213398 8.35000038,0 -7.11999989 8.34500027,0 -7.1213398 8.35000038,6.1500001 -7.125 8.35366058,0 -7.125 8.35366058,6.1500001 -7.13000011 8.35499954,0 -7.13000011 8.35499954,0 -7.76000023 8.35499954,0 -7.11999989 -0.245,0 -6.82000017 -0.245,0 -6.82000017 8.34500027,0 -6.82777214 8.41398144,0 -6.85069942 8.47950363,0 -6.88763237 8.53828144,0 -6.93671799 8.58736801,0 -6.99549627 8.6243,0 -7.06101847 8.64722729,0 -7.13000011 8.65499973,0 -7.76000023 8.65499973,6.1500001 -7.13000011 8.65499973,6.1500001 -7.06101847 8.64722729,6.1500001 -6.99549627 8.6243,6.1500001 -6.93671799 8.58736801,6.1500001 -6.88763237 8.53828144,6.1500001 -6.85069942 8.47950363,6.1500001 -6.82777214 8.41398144,6.52042103 3.41265345 6.31094742,6.48348141 5.20608521 5.89021587,6.52042103 5.22734642 6.31094742,6.48348141 3.43391466 5.89021587,6.54260302 3.39133978 6.73271465,6.54260302 5.24866009 6.73271465,6.05000019 3.64159513 1.78051388,6.05000019 4.99840498 1.78051388,6.04183674 4.99204302 1.65461612,6.04162121 3.64847112 1.64444649,6.04204512 4.98779202 1.57049572,6.04512167 3.65535784 1.50816643,6.04620886 4.98390055 1.49349606,6.0604744 3.66220307 1.37270868,6.06367111 4.97681332 1.35324049,6.07533026 3.66626859 1.29225719,6.08784819 4.97098732 1.23795414,6.09867811 3.67108727 1.19690502,6.11457825 4.9662137 1.14349425,6.13452101 3.67675757 1.08469629,6.14134407 4.96230698 1.066185,6.18852234 3.68335819 0.95408082,6.19481373 4.95596981 0.94078356,6.22288609 3.68684649 0.88504887,6.25899887 4.94989204 0.8205139,6.26420307 3.69054937 0.81177402,6.33341169 4.94411993 0.70628941,6.33341169 3.69587994 0.70628941,6.18513632 5.20767546 5.92168427,6.18513632 3.43232465 5.92168427,6.22115707 5.22840786 6.3319478,6.22115707 3.41159225 6.3319478,6.24278688 5.24919128 6.74322128,6.24278688 3.39080882 6.74322128,5.7516551 3.64000487 1.81198251,5.7516551 4.99999523 1.81198251,5.74450827 4.99557686 1.72454953,5.7424078 3.64674449 1.67861307,5.74148273 4.99114656 1.63687706,5.74274254 3.65350032 1.54492378,5.74299097 4.9861865 1.53872287,5.74891043 4.98164892 1.44893086,5.75265741 3.66023755 1.41160226,5.75813818 4.97750616 1.36695921,5.7631855 3.66425657 1.3320713,5.76977444 4.97373056 1.29224384,5.78032064 3.66904378 1.23734212,5.79893589 4.96688318 1.15673888,5.80730295 3.67471957 1.12502348,5.83087444 4.96127319 1.04572785,5.84878492 3.68140292 0.992769,5.86270094 4.95668221 0.95487458,5.87552166 3.68497729 0.92203736,5.89277744 4.95292377 0.88050097,5.90793324 3.68881059 0.84618253,5.94992304 4.94681597 0.7596404,5.94708014 3.69290519 0.76515675,5.99418974 3.69725728 0.67903358,6.01558352 4.94093132 0.64318603,6.04007244 3.70103574 0.6042645,6.08942127 4.93529892 0.53173673,6.08942127 3.70470095 0.53173673,6.33341169 -4.72412014 0.70628941,6.33341169 -3.47588015 0.70628941,6.26420307 -4.7294507 0.81177402,6.25899887 -3.47010779 0.8205139,6.22288609 -4.73315334 0.88504887,6.19481373 -3.46403003 0.94078356,6.18852234 -4.73664188 0.95408082,6.14134407 -3.4576931 1.066185,6.13452101 -4.74324226 1.08469629,6.11457825 -3.45378637 1.14349425,6.09867811 -4.74891281 1.19690502,6.08784819 -3.44901276 1.23795414,6.07533026 -4.75373125 1.29225719,6.06367111 -3.443187 1.35324049,6.0604744 -4.75779676 1.37270868,6.04620886 -3.43609929 1.49349606,6.04512167 -4.76464224 1.50816643,6.04204512 -3.43220806 1.57049572,6.04162121 -4.77152872 1.64444649,6.04183674 -3.42795706 1.65461612,6.05000019 -4.77840519 1.78051388,6.05000019 -3.4215951 1.78051388,6.48348141 -4.98608541 5.89021587,6.48348141 -3.21391487 5.89021587,6.54260302 -3.17133975 6.73271465,6.54260302 -5.0286603 6.73271465,6.52042103 -3.19265342 6.31094742,6.52042103 -5.00734663 6.31094742,6.08942127 -4.71529913 0.53173673,6.08942127 -3.48470092 0.53173673,6.04007244 -4.7189641 0.6042645,6.01558352 -3.47906899 0.64318603,5.99418974 -4.72274256 0.67903358,5.94992304 -3.47318387 0.7596404,5.94708014 -4.72709465 0.76515675,5.90793324 -4.73118925 0.84618253,5.89277744 -3.4670763 0.88050097,5.87552166 -4.73502254 0.92203736,5.86270094 -3.46331811 0.95487458,5.84878492 -4.73859692 0.992769,5.83087444 -3.45872688 1.04572785,5.80730295 -4.74528027 1.12502348,5.79893589 -3.45311689 1.15673888,5.78032064 -4.75095606 1.23734212,5.76977444 -3.44626927 1.29224384,5.7631855 -4.7557435 1.3320713,5.75813818 -3.44249368 1.36695921,5.75265741 -4.75976229 1.41160226,5.74891043 -3.43835139 1.44893086,5.74274254 -4.76649952 1.54492378,5.74299097 -3.43381381 1.53872287,5.74148273 -3.42885351 1.63687706,5.7424078 -4.77325535 1.67861307,5.74450827 -3.42442322 1.72454953,5.7516551 -4.77999544 1.81198251,5.7516551 -3.42000484 1.81198251,6.18513632 -3.21232462 5.92168427,6.18513632 -4.98767567 5.92168427,6.24278688 -3.17080879 6.74322128,6.24278688 -5.02919102 6.74322128,6.22115707 -3.19159222 6.3319478,6.22115707 -5.00840759 6.3319478,3.28500009 6.47147799 5.65407991,3.28500009 6.2127285 5.80589819,3.28500009 6.18329716 5.73849773,3.28500009 6.47015667 5.64798594,3.28500009 6.1705718 5.66606092,3.28500009 6.17526865 5.5926652,3.28500009 6.19712257 5.52244139,3.28500009 6.47270298 5.64229393,3.28500009 6.23490429 5.459342,3.28500009 6.2864871 5.40691853,3.28500009 6.34896755 5.3681221,3.28500009 6.47812653 5.6392169,3.28500009 6.41882896 5.34513569,3.28500009 6.54908657 5.62149811,3.28500009 6.48492813 5.3270154,3.28500009 6.61813164 5.59737301,3.28500009 6.54792833 5.30002689,3.28500009 6.7481904 5.53076124,3.28500009 6.68468523 5.56704283,3.28500009 6.60664558 5.26467609,3.28500009 6.80811644 5.48883152,3.28500009 6.65997696 5.22162771,3.28500009 6.86396313 5.44160414,3.28500009 6.91526318 5.38947344,3.28500009 6.70692015 5.17169046,3.28500009 6.96158743 5.33287573,3.28500009 6.74659348 5.11580276,3.28500009 7.00254965 5.27228403,3.28500009 7.03780699 5.20820427,3.28500009 6.77825117 5.05501461,3.28500009 7.06706429 5.14117289,3.28500009 6.80129862 4.99046803,3.28500009 7.09007788 5.07174921,3.28500009 7.10665464 5.00051355,3.28500009 6.81530237 4.92337656,3.28500009 7.11665678 4.92806244,1.58500004 7.11665678 4.92806244,1.58500004 6.81530237 4.92337656,1.58500004 7.10665464 5.00051355,1.58500004 6.80129862 4.99046803,1.58500004 6.47270298 5.64229393,1.58500004 6.34896755 5.3681221,1.58500004 6.2864871 5.40691853,1.58500004 6.23490429 5.459342,1.58500004 6.19712257 5.52244139,1.58500004 6.47812653 5.6392169,1.58500004 6.41882896 5.34513569,1.58500004 6.47015667 5.64798594,1.58500004 6.17526865 5.5926652,1.58500004 6.1705718 5.66606092,1.58500004 6.18329716 5.73849773,1.58500004 6.47147799 5.65407991,1.58500004 6.2127285 5.80589819,1.58500004 7.09007788 5.07174921,1.58500004 6.54908657 5.62149811,1.58500004 6.48492813 5.3270154,1.58500004 7.06706429 5.14117289,1.58500004 6.77825117 5.05501461,1.58500004 6.61813164 5.59737301,1.58500004 6.54792833 5.30002689,1.58500004 7.03780699 5.20820427,1.58500004 6.74659348 5.11580276,1.58500004 6.68468523 5.56704283,1.58500004 7.00254965 5.27228403,1.58500004 6.7481904 5.53076124,1.58500004 6.60664558 5.26467609,1.58500004 6.96158743 5.33287573,1.58500004 6.70692015 5.17169046,1.58500004 6.80811644 5.48883152,1.58500004 6.65997696 5.22162771,1.58500004 6.91526318 5.38947344,1.58500004 6.86396313 5.44160414,2.75 7.11882019 -7.16798162,2.75 6.81996202 -7.19412851,2.75 7.11947536 -7.17697525,2.75 6.81998301 -7.19441843,2.75 7.11986876 -7.18598366,2.75 6.81999588 -7.1947093,4.25 6.81998301 -7.19441843,4.25 7.11882019 -7.16798162,4.25 6.81996202 -7.19412851,4.25 7.11947536 -7.17697525,4.25 6.81999588 -7.1947093,4.25 7.11986876 -7.18598366,-6.4254961 6.1500001 8.6243,-6.55499983 6.1500001 8.35366058,-6.4910183 6.1500001 8.64722729,-6.36671829 6.1500001 8.58736801,-6.3176322 6.1500001 8.53828144,-6.55133963 6.1500001 8.35000038,-6.28069973 6.1500001 8.47950363,-6.25777245 6.1500001 8.41398144,-6.55999994 6.1500001 8.35499954,-6.55999994 6.1500001 8.65499973,-7.1500001 6.1500001 8.35499954,-7.1500001 6.1500001 8.65499973,-6.55999994 -6.1500001 8.65499973,-6.55999994 -6.1500001 8.35499954,-6.4910183 -6.1500001 8.64722729,-7.1500001 -6.1500001 8.35499954,-7.1500001 -6.1500001 8.65499973,-6.4254961 -6.1500001 8.6243,-6.55499983 -6.1500001 8.35366058,-6.36671829 -6.1500001 8.58736801,-6.55133963 -6.1500001 8.35000038,-6.3176322 -6.1500001 8.53828144,-6.28069973 -6.1500001 8.47950363,-6.25777245 -6.1500001 8.41398144,-7.25 -6.05000019 8.65499973,-7.23660231 -6.0999999 8.65499973,-7.19999981 -6.1366024 8.65499973,-7.19999981 6.1366024 8.65499973,-7.23660231 6.0999999 8.65499973,-7.25 6.05000019 8.65499973,-7.23660231 -6.0999999 8.35499954,-7.25 -6.05000019 8.35499954,-7.19999981 -6.1366024 8.35499954,-7.19999981 6.1366024 8.35499954,-7.23660231 6.0999999 8.35499954,-7.25 6.05000019 8.35499954,-6.36903667 -8.65654659 -6.34502554,-6.43796539 -8.75662804 -6.35420132,-6.43796539 -8.75662804 -8.25579834,-6.36543036 -8.65036774 -8.26554108,-6.32624626 -8.57402039 -8.27254105,-6.31490231 -8.54774952 -6.33505011,-6.28417158 -8.4600153 -8.28299427,-6.27664328 -8.43240738 -6.32447481,-6.25858593 -8.34121799 -8.29388618,-6.25962353 -8.34829617 -6.31676292,-6.3258357 -11.52391243 -8.00207615,-6.31500006 -11.65999985 -7.97582054,-6.31500006 -11.7303381 -7.95069122,-6.61499977 -11.7303381 -7.95069122,-6.61499977 -11.79759789 -7.91821098,-6.31500006 -11.79759789 -7.91821098,-6.61499977 -11.86101437 -7.87874842,-6.31500006 -11.86101437 -7.87874842,-6.61499977 -11.91986561 -7.83275366,-6.31500006 -11.91986561 -7.83275366,-6.61499977 -11.97348022 -7.78075027,-6.31500006 -11.97348022 -7.78075027,-6.61499977 -12.02124882 -7.72333002,-6.31500006 -12.02124882 -7.72333002,-6.61499977 -12.06262684 -7.66114712,-6.31500006 -12.06262684 -7.66114712,-6.61499977 -12.09714413 -7.59490871,-6.31500006 -12.09714413 -7.59490871,-6.31500006 -12.12440681 -7.52537012,-6.61499977 -12.12440681 -7.52537012,-6.61499977 -12.14410591 -7.45332241,-6.31500006 -12.14410591 -7.45332241,-6.61499977 -12.1560154 -7.37958574,-6.31500006 -12.1560154 -7.37958574,-6.31500006 -12.15999985 -7.30499983,-6.61499977 -12.15999985 -7.30499983,-6.61499977 -12.1560154 -7.23041439,-6.31500006 -12.1560154 -7.23041439,-6.61499977 -12.14410591 -7.15667772,-6.31500006 -12.14410591 -7.15667772,-6.61499977 -12.12440681 -7.08463001,-6.31500006 -12.12440681 -7.08463001,-6.31500006 -12.09714413 -7.01509094,-6.61499977 -12.09714413 -7.01509094,-6.31500006 -12.06262684 -6.94885302,-6.61499977 -12.06262684 -6.94885302,-6.61499977 -12.02124882 -6.88667011,-6.31500006 -12.02124882 -6.88667011,-6.61499977 -11.97348022 -6.82924986,-6.31500006 -11.97348022 -6.82924986,-6.61499977 -11.91986561 -6.77724648,-6.31500006 -11.91986561 -6.77724648,-6.61499977 -11.86101437 -6.73125172,-6.31500006 -11.86101437 -6.73125172,-6.61499977 -11.79759789 -6.69178915,-6.31500006 -11.79759789 -6.69178915,-6.31500006 -11.7303381 -6.65930843,-6.61499977 -11.7303381 -6.65930843,-6.31500006 -11.65999985 -6.63417959,-6.3258357 -11.52391243 -6.60792398,-7.55813885 -10.47932529 -8.0978508,-7.71125078 -10.74993229 -8.07304001,-7.80029917 -10.65651989 -8.081604,-7.86308432 -10.55082607 -8.09129524,-7.46923113 -10.55204582 -8.09118271,-7.60318327 -10.82047939 -8.06657124,-7.60703897 -10.37539387 -8.10737991,-7.89672518 -10.45399284 -8.100173,-7.91087532 -10.36971092 -8.10790062,-7.60638809 -10.26053619 -8.11791039,-7.90556717 -10.22762012 -8.12092876,-7.86464357 -10.09144688 -8.13341331,-6.35910177 -11.38813686 -8.01452541,-7.55631304 -10.15716648 -8.127388,-7.79074335 -9.9699707 -8.14455128,-6.79100466 -10.89048862 -8.06015205,-6.41392517 -11.25954342 -8.02631474,-6.69947815 -10.94342518 -8.05529881,-6.48885822 -11.14153194 -8.03713512,-6.61513948 -11.00719357 -8.04945183,-6.54266739 -11.07711506 -8.04304123,-6.67239618 -8.56943226 -8.27296162,-6.6200037 -8.49111557 -8.28014278,-6.58148384 -8.40512371 -8.28802681,-6.55792713 -8.31389141 -8.29639149,-6.55792713 -8.31389141 -6.31360865,-6.58148384 -8.40512371 -6.32197332,-6.6200037 -8.49111557 -6.32985783,-6.67239618 -8.56943226 -6.33703804,-7.79074335 -9.9699707 -6.46544838,-7.55631304 -10.15716648 -6.48261166,-7.8591156 -10.07942677 -6.47548437,-7.60638809 -10.26053619 -6.49208927,-7.90061522 -10.20162868 -6.48668861,-7.91312122 -10.32392693 -6.49790144,-7.60703897 -10.37539387 -6.50262022,-7.90291452 -10.42592716 -6.50725365,-7.88030291 -10.5083437 -6.51481009,-7.55813885 -10.47932529 -6.51214933,-7.8157239 -10.63502216 -6.52642488,-7.72132206 -10.74135208 -6.53617382,-7.46923113 -10.55204582 -6.51881695,-7.60318327 -10.82047939 -6.54342842,-6.79100466 -10.89048862 -6.5498476,-6.67140818 -10.96286583 -6.55648375,-6.56511831 -11.05366325 -6.56480837,-6.47494221 -11.16048145 -6.57460213,-6.4295826 -11.23110294 -6.5810771,-6.38455629 -11.32118034 -6.58933592,-6.34895277 -11.42073822 -6.59846401,-5E-05 -6.82000017 -0.245,-5E-05 -7.11999989 -0.245,-6.1500001 -6.99549627 8.6243,-6.1500001 -7.125 8.35366058,-6.1500001 -7.06101847 8.64722729,-6.1500001 -6.93671799 8.58736801,-6.1500001 -6.88763237 8.53828144,-6.1500001 -7.1213398 8.35000038,-6.1500001 -6.85069942 8.47950363,-6.1500001 -6.82777214 8.41398144,-6.1500001 -7.13000011 8.35499954,-6.1500001 -7.13000011 8.65499973,-6.1500001 -7.65999985 8.35499954,-6.1500001 -7.65999985 8.65499973,-5E-05 -7.11999989 8.34500027,-5E-05 -6.82000017 8.34500027,-5E-05 -6.82777214 8.41398144,-5E-05 -7.1213398 8.35000038,-5E-05 -6.85069942 8.47950363,-5E-05 -6.88763237 8.53828144,-5E-05 -7.125 8.35366058,-5E-05 -6.93671799 8.58736801,-5E-05 -6.99549627 8.6243,-5E-05 -7.06101847 8.64722729,-5E-05 -7.13000011 8.35499954,-5E-05 -7.13000011 8.65499973,-5E-05 -7.76000023 8.65499973,-5E-05 -7.76000023 8.35499954,-6.05000019 -7.76000023 8.65499973,-6.1366024 -7.71000004 8.65499973,-6.0999999 -7.74660254 8.65499973,-6.05000019 -7.76000023 8.35499954,-6.1366024 -7.71000004 8.35499954,-6.0999999 -7.74660254 8.35499954,-6.55000019 3.80719686 0.40354156,-6.55000019 4.83280325 0.40354156,-6.30600929 3.81601763 0.22898889,-6.30600929 4.82398224 0.22898889,-6.49420404 3.70723796 0.48153335,-6.54579687 3.76986265 0.40941694,-6.53379393 3.73792267 0.42619419,-6.51572657 3.7159915 0.4514493,-6.33341169 3.69587994 0.70628941,-6.49420404 4.93276215 0.48153335,-6.51572657 4.92400837 0.4514493,-6.53379393 4.9020772 0.42619419,-6.54579687 4.87013721 0.40941694,-6.33341169 4.94411993 0.70628941,-6.26420307 4.94945049 0.81177402,-6.25899887 3.69010782 0.8205139,-6.22288609 4.95315361 0.88504887,-6.19481373 3.68403006 0.94078356,-6.18852234 4.95664167 0.95408082,-6.14134407 3.67769313 1.066185,-6.13452101 4.96324253 1.08469629,-6.11457825 3.67378616 1.14349425,-6.09867811 4.9689126 1.19690502,-6.08784819 3.66901278 1.23795414,-6.07533026 4.97373152 1.29225719,-6.06367111 3.66318703 1.35324049,-6.0604744 4.97779703 1.37270868,-6.04620886 3.65609932 1.49349606,-6.04512167 4.98464203 1.50816643,-6.04204512 3.65220809 1.57049572,-6.04162121 4.99152899 1.64444649,-6.04183674 3.64795709 1.65461612,-6.05000019 4.99840498 1.78051388,-6.05000019 3.64159513 1.78051388,-6.48348141 5.20608521 5.89021587,-6.48348141 3.43391466 5.89021587,-6.54260302 3.39133978 6.73271465,-6.54260302 5.24866009 6.73271465,-6.52042103 3.41265345 6.31094742,-6.52042103 5.22734642 6.31094742,-6.30180597 3.77868342 0.23486426,-6.25021362 3.71605873 0.3069807,-6.2898035 3.74674344 0.25164151,-6.27173615 3.72481227 0.27689663,-6.08942127 3.70470095 0.53173673,-6.27173615 4.91518784 0.27689663,-6.25021362 4.92394114 0.3069807,-6.2898035 4.89325666 0.25164151,-6.30180597 4.86131668 0.23486426,-6.08942127 4.93529892 0.53173673,-6.04007244 4.93896437 0.6042645,-6.01558352 3.69906902 0.64318603,-5.99418974 4.94274282 0.67903358,-5.94992304 3.6931839 0.7596404,-5.94708014 4.94709492 0.76515675,-5.90793324 4.95118952 0.84618253,-5.89277744 3.68707633 0.88050097,-5.87552166 4.95502281 0.92203736,-5.86270094 3.6833179 0.95487458,-5.84878492 4.95859718 0.992769,-5.83087444 3.67872691 1.04572785,-5.80730295 4.96528053 1.12502348,-5.79893589 3.67311692 1.15673888,-5.78032064 4.97095633 1.23734212,-5.76977444 3.6662693 1.29224384,-5.7631855 4.97574329 1.3320713,-5.75813818 3.66249371 1.36695921,-5.75265741 4.97976255 1.41160226,-5.74891043 3.65835118 1.44893086,-5.74274254 4.98649979 1.54492378,-5.74299097 3.65381384 1.53872287,-5.74148273 3.64885354 1.63687706,-5.7424078 4.99325562 1.67861307,-5.74450827 3.64442325 1.72454953,-5.7516551 4.99999523 1.81198251,-5.7516551 3.64000487 1.81198251,-6.18513632 5.20767546 5.92168427,-6.18513632 3.43232465 5.92168427,-6.24278688 3.39080882 6.74322128,-6.24278688 5.24919128 6.74322128,-6.22115707 3.41159225 6.3319478,-6.22115707 5.22840786 6.3319478,-6.55000019 -4.61280298 0.40354156,-6.30600929 -3.5960176 0.22898889,-6.30600929 -4.60398245 0.22898889,-6.55000019 -3.58719683 0.40354156,-6.52042103 -3.19265342 6.31094742,-6.48348141 -4.98608541 5.89021587,-6.52042103 -5.00734663 6.31094742,-6.48348141 -3.21391487 5.89021587,-6.54260302 -3.17133975 6.73271465,-6.54260302 -5.0286603 6.73271465,-6.05000019 -3.4215951 1.78051388,-6.05000019 -4.77840519 1.78051388,-6.04183674 -4.77204275 1.65461612,-6.04162121 -3.42847109 1.64444649,-6.04204512 -4.76779175 1.57049572,-6.04512167 -3.43535781 1.50816643,-6.04620886 -4.76390076 1.49349606,-6.0604744 -3.44220304 1.37270868,-6.06367111 -4.75681305 1.35324049,-6.07533026 -3.44626856 1.29225719,-6.08784819 -4.75098705 1.23795414,-6.09867811 -3.45108724 1.19690502,-6.11457825 -4.74621391 1.14349425,-6.13452101 -3.45675755 1.08469629,-6.14134407 -4.74230719 1.066185,-6.18852234 -3.46335816 0.95408082,-6.19481373 -4.73597002 0.94078356,-6.22288609 -3.46684647 0.88504887,-6.25899887 -4.72989225 0.8205139,-6.26420307 -3.47054935 0.81177402,-6.33341169 -4.72412014 0.70628941,-6.33341169 -3.47588015 0.70628941,-6.49420404 -4.71276188 0.48153335,-6.54579687 -4.65013742 0.40941694,-6.53379393 -4.68207741 0.42619419,-6.51572657 -4.70400858 0.4514493,-6.49420404 -3.48723793 0.48153335,-6.51572657 -3.49599147 0.4514493,-6.53379393 -3.51792264 0.42619419,-6.54579687 -3.54986262 0.40941694,-6.18513632 -4.98767567 5.92168427,-6.18513632 -3.21232462 5.92168427,-6.22115707 -5.00840759 6.3319478,-6.22115707 -3.19159222 6.3319478,-6.24278688 -5.02919102 6.74322128,-6.24278688 -3.17080879 6.74322128,-5.7516551 -3.42000484 1.81198251,-5.7516551 -4.77999544 1.81198251,-5.74450827 -4.77557707 1.72454953,-5.7424078 -3.42674446 1.67861307,-5.74148273 -4.7711463 1.63687706,-5.74274254 -3.43350029 1.54492378,-5.74299097 -4.76618624 1.53872287,-5.74891043 -4.76164865 1.44893086,-5.75265741 -3.44023776 1.41160226,-5.75813818 -4.75750637 1.36695921,-5.7631855 -3.44425678 1.3320713,-5.76977444 -4.75373077 1.29224384,-5.78032064 -3.44904375 1.23734212,-5.79893589 -4.74688292 1.15673888,-5.80730295 -3.45471978 1.12502348,-5.83087444 -4.7412734 1.04572785,-5.84878492 -3.46140313 0.992769,-5.86270094 -4.73668194 0.95487458,-5.87552166 -3.4649775 0.92203736,-5.89277744 -4.73292351 0.88050097,-5.90793324 -3.46881056 0.84618253,-5.94992304 -4.72681618 0.7596404,-5.94708014 -3.47290516 0.76515675,-5.99418974 -3.47725749 0.67903358,-6.01558352 -4.72093105 0.64318603,-6.04007244 -3.48103571 0.6042645,-6.08942127 -4.71529913 0.53173673,-6.08942127 -3.48470092 0.53173673,-6.30180597 -4.64131641 0.23486426,-6.25021362 -4.70394135 0.3069807,-6.2898035 -4.6732564 0.25164151,-6.27173615 -4.69518757 0.27689663,-6.27173615 -3.50481224 0.27689663,-6.25021362 -3.4960587 0.3069807,-6.2898035 -3.52674341 0.25164151,-6.30180597 -3.5586834 0.23486426,-6.25 0.2 -1.54499996,-6.25 -0.2 2.10500002,-6.25 0.2 2.10500002,-6.25 -0.2 -1.54499996,-5.94999981 -0.2 -1.54499996,-5.94999981 0.2 -1.54499996,-5.94999981 -0.2 2.10500002,-5.94999981 0.2 2.10500002,-6.10761976 0.46406043 -1.80906045,-6.10761976 0.46406043 2.36906052,-6.04732275 0.4211832 -1.76618326,-6.04732275 0.4211832 2.32618332,-5.99935389 0.3648527 -1.7098527,-5.99935389 0.3648527 2.26985264,-5.96809244 0.30260605 -1.64760602,-5.96809244 0.30260605 2.20760608,-6.10761976 -0.46406043 -1.80906045,-6.04732275 -0.4211832 -1.76618326,-5.99935389 -0.3648527 -1.7098527,-5.96809244 -0.30260605 -1.64760602,-6.10761976 -0.46406043 2.36906052,-6.04732275 -0.4211832 2.32618332,-5.99935389 -0.3648527 2.26985264,-5.96809244 -0.30260605 2.20760608,-6.39238024 0.23593958 -1.58093953,-6.39238024 0.23593958 2.14093947,-6.45267725 0.27881679 -1.62381685,-6.45267725 0.27881679 2.18381691,-6.50064611 0.33514732 -1.68014729,-6.50064611 0.33514732 2.24014735,-6.53190756 0.39739397 -1.74239397,-6.53190756 0.39739397 2.30239391,-6.39238024 -0.23593958 -1.58093953,-6.45267725 -0.27881679 -1.62381685,-6.50064611 -0.33514732 -1.68014729,-6.53190756 -0.39739397 -1.74239397,-6.39238024 -0.23593958 2.14093947,-6.45267725 -0.27881679 2.18381691,-6.50064611 -0.33514732 2.24014735,-6.53190756 -0.39739397 2.30239391,-6.25 0.2 -5.74499989,-6.25 -0.2 -6.14499998,-6.25 -0.2 -5.74499989,-6.25 0.2 -6.14499998,-5.94999981 -0.2 -6.14499998,-5.94999981 0.2 -6.14499998,-5.94999981 0.2 -5.74499989,-5.94999981 -0.2 -5.74499989,-5.96615553 -0.29712018 -5.6478796,-5.96615553 0.29712018 -5.6478796,-6.01288223 -0.38378015 -5.56121969,-6.01288223 0.38378015 -5.56121969,-6.08514738 0.45064634 -5.49435377,-6.08514738 -0.45064634 -5.49435377,-6.14739418 0.48190778 -5.46309233,-6.14739418 -0.48190778 -5.46309233,-5.96615553 -0.29712018 -6.24212027,-6.01288223 -0.38378015 -6.32878017,-6.08514738 -0.45064634 -6.39564657,-6.14739418 -0.48190778 -6.42690802,-5.96615553 0.29712018 -6.24212027,-6.01288223 0.38378015 -6.32878017,-6.08514738 0.45064634 -6.39564657,-6.14739418 0.48190778 -6.42690802,-6.39238024 -0.23593958 -5.70906019,-6.39238024 0.23593958 -5.70906019,-6.45267725 0.27881679 -5.66618299,-6.45267725 -0.27881679 -5.66618299,-6.50064611 0.33514732 -5.60985279,-6.50064611 -0.33514732 -5.60985279,-6.53190756 0.39739397 -5.54760599,-6.53190756 -0.39739397 -5.54760599,-6.39238024 -0.23593958 -6.18093967,-6.45267725 -0.27881679 -6.22381687,-6.50064611 -0.33514732 -6.28014708,-6.53190756 -0.39739397 -6.34239388,-6.39238024 0.23593958 -6.18093967,-6.45267725 0.27881679 -6.22381687,-6.50064611 0.33514732 -6.28014708,-6.53190756 0.39739397 -6.34239388,-1.58500004 6.47147799 5.65407991,-1.58500004 7.02814341 6.6028285,-1.58500004 6.76939392 6.7546463,-1.58500004 6.2127285 5.80589819,-1.58500004 6.18329716 5.73849773,-1.58500004 6.47015667 5.64798594,-1.58500004 6.1705718 5.66606092,-1.58500004 6.17526865 5.5926652,-1.58500004 6.19712257 5.52244139,-1.58500004 6.47270298 5.64229393,-1.58500004 6.23490429 5.459342,-1.58500004 6.2864871 5.40691853,-1.58500004 6.34896755 5.3681221,-1.58500004 6.47812653 5.6392169,-1.58500004 6.41882896 5.34513569,-1.58500004 6.54908657 5.62149811,-1.58500004 6.48492813 5.3270154,-1.58500004 6.61813164 5.59737301,-1.58500004 6.54792833 5.30002689,-1.58500004 6.7481904 5.53076124,-1.58500004 6.68468523 5.56704283,-1.58500004 6.60664558 5.26467609,-1.58500004 6.80811644 5.48883152,-1.58500004 6.65997696 5.22162771,-1.58500004 6.86396313 5.44160414,-1.58500004 6.91526318 5.38947344,-1.58500004 6.70692015 5.17169046,-1.58500004 6.96158743 5.33287573,-1.58500004 6.74659348 5.11580276,-1.58500004 7.00254965 5.27228403,-1.58500004 7.03780699 5.20820427,-1.58500004 6.77825117 5.05501461,-1.58500004 7.06706429 5.14117289,-1.58500004 6.80129862 4.99046803,-1.58500004 7.09007788 5.07174921,-1.58500004 7.10665464 5.00051355,-1.58500004 6.81530237 4.92337656,-1.58500004 7.11665678 4.92806244,-3.28500009 7.11665678 4.92806244,-3.28500009 6.81530237 4.92337656,-3.28500009 7.10665464 5.00051355,-3.28500009 6.80129862 4.99046803,-3.28500009 6.47270298 5.64229393,-3.28500009 6.34896755 5.3681221,-3.28500009 6.2864871 5.40691853,-3.28500009 6.23490429 5.459342,-3.28500009 6.19712257 5.52244139,-3.28500009 6.47812653 5.6392169,-3.28500009 6.41882896 5.34513569,-3.28500009 6.47015667 5.64798594,-3.28500009 6.17526865 5.5926652,-3.28500009 6.1705718 5.66606092,-3.28500009 6.18329716 5.73849773,-3.28500009 6.47147799 5.65407991,-3.28500009 6.2127285 5.80589819,-3.28500009 7.09007788 5.07174921,-3.28500009 6.54908657 5.62149811,-3.28500009 6.48492813 5.3270154,-3.28500009 7.06706429 5.14117289,-3.28500009 6.77825117 5.05501461,-3.28500009 6.61813164 5.59737301,-3.28500009 6.54792833 5.30002689,-3.28500009 7.03780699 5.20820427,-3.28500009 6.74659348 5.11580276,-3.28500009 6.68468523 5.56704283,-3.28500009 7.00254965 5.27228403,-3.28500009 6.7481904 5.53076124,-3.28500009 6.60664558 5.26467609,-3.28500009 6.96158743 5.33287573,-3.28500009 6.70692015 5.17169046,-3.28500009 6.80811644 5.48883152,-3.28500009 6.65997696 5.22162771,-3.28500009 6.91526318 5.38947344,-3.28500009 6.86396313 5.44160414,-3.28500009 7.02814341 6.6028285,-3.28500009 6.76939392 6.7546463,-4.25 6.96197796 -5.37526608,-4.25 7.11882019 -7.16798162,-4.25 6.66311979 -5.40141296,-4.25 6.81996202 -7.19412851,-4.25 7.11947536 -7.17697525,-4.25 6.81998301 -7.19441843,-4.25 7.11986876 -7.18598366,-4.25 6.81999588 -7.1947093,-2.75 6.81998301 -7.19441843,-2.75 7.11882019 -7.16798162,-2.75 6.81996202 -7.19412851,-2.75 6.66311979 -5.40141296,-2.75 6.96197796 -5.37526608,-2.75 7.11947536 -7.17697525,-2.75 6.81999588 -7.1947093,-2.75 7.11986876 -7.18598366,-4.1500001 6.95326233 -5.27564669,-4.23660231 6.95762014 -5.32545662,-4.19999981 6.9544301 -5.28899336,-2.8499999 6.95326233 -5.27564669,-2.76339746 6.95762014 -5.32545662,-2.79999995 6.9544301 -5.28899336,-4.1500001 6.65440416 -5.30179358,-4.23660231 6.65876198 -5.35160303,-4.19999981 6.65557194 -5.31513977,-2.8499999 6.65440416 -5.30179358,-2.76339746 6.65876198 -5.35160303,-2.79999995 6.65557194 -5.31513977,-3.2349999 6.81322002 6.82934093,-3.18499994 7.07874966 6.68907833,-3.2349999 7.07196951 6.67752314,-3.18499994 6.82000017 6.84089613,-3.27160263 6.79469681 6.79777145,-3.27160263 7.05344677 6.64595366,-1.68499994 7.07874966 6.68907833,-1.68499994 6.82000017 6.84089613,-1.63499999 6.81322002 6.82934093,-1.63499999 7.07196951 6.67752314,-1.59839749 7.05344677 6.64595366,-1.59839749 6.79469681 6.79777145,-7.50603533 -10.52969456 -1.42499995,-7.53864574 -10.50157642 -1.42499995,-7.50603533 -10.52969456 -7.50500011,-7.53864574 -10.50157642 -7.50500011,-7.46923113 -10.55204582 -7.50500011,-6.93130016 -10.82047939 -7.50500011,-7.08783627 -9.57047939 -7.50500011,-7.08783627 -9.57047939 -7.10500002,-6.93130016 -10.82047939 -7.10500002,-7.50603533 -10.52969456 -7.10500002,-7.53864574 -10.50157642 -7.10500002,-7.46923113 -10.55204582 -7.10500002,6.93130016 -10.82047939 -1.42499995,7.52996588 -10.12417126 -1.42499995,7.08783627 -9.57047939 -1.42499995,7.46923113 -10.55204582 -1.42499995,7.56616831 -10.46846199 -1.42499995,7.50603533 -10.52969456 -1.42499995,7.53864574 -10.50157642 -1.42499995,7.08783627 -9.57047939 -1.82500005,6.93130016 -10.82047939 -1.82500005,7.46923113 -10.55204582 -1.82500005,7.50603533 -10.52969456 -1.82500005,7.53864574 -10.50157642 -1.82500005,7.60318327 -10.82047939 -1.42499995,7.47174501 -9.57047939 -1.42499995,6.93130016 -10.82047939 -7.10500002,7.08783627 -9.57047939 -7.10500002,7.46923113 -10.55204582 -7.10500002,7.50603533 -10.52969456 -7.10500002,7.53864574 -10.50157642 -7.10500002,7.08783627 -9.57047939 -7.50500011,6.93130016 -10.82047939 -7.50500011,7.46923113 -10.55204582 -7.50500011,7.50603533 -10.52969456 -7.50500011,7.53864574 -10.50157642 -7.50500011,7.7718792 -10.69123173 -1.42499995,7.72129726 -10.74137402 -1.42499995,7.66476059 -10.7846899 -1.42499995,7.81568718 -10.63507557 -1.42499995,7.85201359 -10.57381344 -1.42499995,7.59704828 -10.40944958 -1.42499995,7.88027 -10.50843525 -1.42499995,7.9000001 -10.43999958 -1.42499995,7.61192274 -10.3445282 -1.42499995,7.9108839 -10.36961365 -1.42499995,7.91274643 -10.29841518 -1.42499995,7.60981512 -10.27795792 -1.42499995,7.9055562 -10.22755623 -1.42499995,7.889431 -10.1581831 -1.42499995,7.59086418 -10.21410751 -1.42499995,7.86463022 -10.09141731 -1.42499995,7.83155632 -10.02833939 -1.42499995,7.55631304 -10.15716648 -1.42499995,7.79074335 -9.9699707 -1.42499995,6.92495632 -11.15892315 -0.89445925,7.60318327 -10.82047939 -0.86342859,6.92495632 -11.15892315 -2.35554075,7.55631304 -10.15716648 -0.80261177,6.43796539 -8.75662804 -0.67420149,6.43796539 -8.75662804 -2.57579851,7.55631304 -10.15716648 -2.44738817,7.60638809 -10.26053619 -0.81208938,7.60703897 -10.37539387 -0.82262033,7.55813885 -10.47932529 -0.83214939,7.46923113 -10.55204582 -0.83881682,7.60638809 -10.26053619 -2.43791056,7.60703897 -10.37539387 -2.42737961,7.55813885 -10.47932529 -2.41785073,7.46923113 -10.55204582 -2.41118312,6.79100466 -10.89048862 -0.86984748,6.79100466 -10.89048862 -2.38015246,6.67239618 -8.56943226 -0.65703815,7.79074335 -9.9699707 -0.78544849,6.67239618 -8.56943226 -2.59296179,7.86464357 -10.09144688 -0.79658628,7.90556717 -10.22762012 -0.80907148,7.91087532 -10.36971092 -0.82209927,7.89672518 -10.45399284 -0.82982677,7.86308432 -10.55082607 -0.838705,7.80029917 -10.65651989 -0.84839576,7.71125078 -10.74993229 -0.85696042,6.3258357 -11.52391243 -2.32207608,6.31500006 -11.65999985 -0.95417958,6.3258357 -11.52391243 -0.9279238,6.31500006 -11.65999985 -2.29582047,6.34895277 -11.42073822 -2.33153582,6.35910177 -11.38813686 -0.91547501,6.38455629 -11.32118034 -2.34066391,6.41392517 -11.25954342 -0.90368479,6.4295826 -11.23110294 -2.34892273,6.48885822 -11.14153194 -0.8928647,6.47494221 -11.16048145 -2.35539794,6.54266739 -11.07711506 -0.88695854,6.56511831 -11.05366325 -2.3651917,6.61513948 -11.00719357 -0.8805477,6.67140818 -10.96286583 -2.37351656,6.69947815 -10.94342518 -0.87470108,6.61499977 -11.65999985 -2.29582047,6.6317873 -11.52391243 -2.32207608,6.61499977 -11.65999985 -0.95417958,6.6317873 -11.52391243 -0.9279238,6.67150784 -11.41485596 -0.91792482,6.67548704 -11.40684605 -2.33280969,6.73285627 -11.31632996 -0.90889132,6.74405813 -11.30238438 -2.3423872,6.82007027 -11.22684288 -0.90068662,6.82703352 -11.22122955 -2.349828,6.36903667 -8.65654659 -2.58497453,6.36543036 -8.65036774 -0.66445887,6.32624626 -8.57402039 -0.65745884,6.31490231 -8.54774952 -2.59494996,6.28417158 -8.4600153 -0.64700615,6.27664328 -8.43240738 -2.60552526,6.25858593 -8.34121799 -0.636114,6.25962353 -8.34829617 -2.6132369,6.31500006 -11.7303381 -0.97930866,6.61499977 -11.7303381 -0.97930866,6.61499977 -11.79759789 -1.0117892,6.31500006 -11.79759789 -1.0117892,6.61499977 -11.86101437 -1.05125153,6.31500006 -11.86101437 -1.05125153,6.61499977 -11.91986561 -1.09724629,6.31500006 -11.91986561 -1.09724629,6.61499977 -11.97348022 -1.14924979,6.31500006 -11.97348022 -1.14924979,6.61499977 -12.02124882 -1.20667005,6.31500006 -12.02124882 -1.20667005,6.61499977 -12.06262684 -1.26885307,6.31500006 -12.06262684 -1.26885307,6.61499977 -12.09714413 -1.33509111,6.31500006 -12.09714413 -1.33509111,6.61499977 -12.12440681 -1.40462983,6.31500006 -12.12440681 -1.40462983,6.31500006 -12.14410591 -1.47667766,6.61499977 -12.14410591 -1.47667766,6.61499977 -12.1560154 -1.5504142,6.31500006 -12.1560154 -1.5504142,6.61499977 -12.15999985 -1.625,6.31500006 -12.15999985 -1.625,6.61499977 -12.1560154 -1.6995858,6.31500006 -12.1560154 -1.6995858,6.31500006 -12.14410591 -1.77332234,6.61499977 -12.14410591 -1.77332234,6.61499977 -12.12440681 -1.84537017,6.31500006 -12.12440681 -1.84537017,6.31500006 -12.09714413 -1.91490889,6.61499977 -12.09714413 -1.91490889,6.61499977 -12.06262684 -1.98114693,6.31500006 -12.06262684 -1.98114693,6.61499977 -12.02124882 -2.04332995,6.31500006 -12.02124882 -2.04332995,6.61499977 -11.97348022 -2.10075021,6.31500006 -11.97348022 -2.10075021,6.61499977 -11.91986561 -2.15275359,6.31500006 -11.91986561 -2.15275359,6.61499977 -11.86101437 -2.19874835,6.31500006 -11.86101437 -2.19874835,6.61499977 -11.79759789 -2.23821068,6.31500006 -11.79759789 -2.23821068,6.61499977 -11.7303381 -2.27069139,6.31500006 -11.7303381 -2.27069139,6.55792713 -8.31389141 -0.63360852,6.58148384 -8.40512371 -0.64197338,6.6200037 -8.49111557 -0.64985764,6.6200037 -8.49111557 -2.60014224,6.58148384 -8.40512371 -2.60802674,6.55792713 -8.31389141 -2.61639142              ]
            }
            coordIndex [
0,1,2,-1,2,1,3,-1,3,4,5,-1,1,4,3,-1,5,6,7,-1,4,6,5,-1,8,9,10,-1,8,11,9,-1,12,8,10,-1,13,8,12,-1,14,13,12,-1,15,13,14,-1,16,14,17,-1,16,15,14,-1,18,17,19,-1,18,16,17,-1,20,21,11,-1,20,11,8,-1,22,8,13,-1,22,20,8,-1,23,13,15,-1,23,22,13,-1,24,15,16,-1,24,23,15,-1,25,16,18,-1,25,24,16,-1,10,26,27,-1,10,9,26,-1,12,27,28,-1,12,10,27,-1,14,28,29,-1,14,12,28,-1,17,29,30,-1,17,14,29,-1,19,30,31,-1,19,17,30,-1,27,21,20,-1,27,26,21,-1,28,20,22,-1,28,27,20,-1,29,22,23,-1,29,28,22,-1,30,23,24,-1,30,29,23,-1,31,24,25,-1,31,30,24,-1,32,33,34,-1,35,33,32,-1,36,35,32,-1,37,35,36,-1,38,37,36,-1,39,37,38,-1,40,39,38,-1,41,39,40,-1,42,40,43,-1,42,41,40,-1,35,44,33,-1,45,44,35,-1,37,45,35,-1,46,45,37,-1,47,39,41,-1,47,37,39,-1,47,46,37,-1,48,47,41,-1,42,48,41,-1,49,48,42,-1,32,50,51,-1,32,34,50,-1,52,32,51,-1,36,32,52,-1,53,36,52,-1,38,53,54,-1,38,36,53,-1,40,38,54,-1,55,40,54,-1,43,40,55,-1,51,44,45,-1,51,50,44,-1,52,45,46,-1,52,51,45,-1,53,46,47,-1,53,52,46,-1,54,47,48,-1,54,53,47,-1,55,48,49,-1,55,54,48,-1,56,57,58,-1,59,57,56,-1,60,59,56,-1,61,59,60,-1,62,60,63,-1,62,61,60,-1,64,63,65,-1,64,62,63,-1,66,65,67,-1,66,64,65,-1,68,69,57,-1,68,57,59,-1,70,59,61,-1,70,68,59,-1,71,61,62,-1,71,70,61,-1,72,62,64,-1,72,71,62,-1,73,64,66,-1,73,72,64,-1,56,74,75,-1,56,58,74,-1,60,75,76,-1,60,56,75,-1,77,60,76,-1,63,77,78,-1,63,60,77,-1,65,63,78,-1,67,78,79,-1,67,65,78,-1,75,69,68,-1,75,74,69,-1,76,68,70,-1,76,75,68,-1,71,76,70,-1,77,71,72,-1,77,76,71,-1,78,77,72,-1,79,72,73,-1,79,78,72,-1,80,81,82,-1,83,81,80,-1,84,83,80,-1,85,83,84,-1,86,85,84,-1,87,85,86,-1,88,87,86,-1,89,87,88,-1,90,88,91,-1,90,89,88,-1,80,92,93,-1,80,82,92,-1,84,93,94,-1,84,80,93,-1,95,84,94,-1,86,84,95,-1,96,86,95,-1,88,86,96,-1,91,96,97,-1,91,88,96,-1,83,98,81,-1,99,98,83,-1,100,83,85,-1,100,99,83,-1,101,85,87,-1,101,100,85,-1,102,87,89,-1,102,101,87,-1,103,89,90,-1,103,102,89,-1,99,92,98,-1,93,92,99,-1,94,99,100,-1,94,93,99,-1,95,100,101,-1,95,94,100,-1,96,101,102,-1,96,95,101,-1,97,102,103,-1,97,96,102,-1,104,105,106,-1,107,105,104,-1,108,107,104,-1,109,107,108,-1,110,109,108,-1,111,109,110,-1,112,111,110,-1,113,111,112,-1,114,112,115,-1,114,113,112,-1,116,117,105,-1,116,105,107,-1,118,107,109,-1,118,116,107,-1,119,109,111,-1,119,118,109,-1,120,111,113,-1,120,119,111,-1,121,113,114,-1,121,120,113,-1,104,122,123,-1,104,106,122,-1,124,104,123,-1,108,104,124,-1,110,124,125,-1,110,108,124,-1,112,125,126,-1,112,110,125,-1,115,126,127,-1,115,112,126,-1,123,117,116,-1,123,122,117,-1,124,116,118,-1,124,123,116,-1,125,118,119,-1,125,124,118,-1,126,119,120,-1,126,125,119,-1,127,120,121,-1,127,126,120,-1,128,129,130,-1,131,129,128,-1,132,131,128,-1,133,131,132,-1,134,133,132,-1,135,133,134,-1,136,135,134,-1,137,135,136,-1,138,137,136,-1,139,137,138,-1,131,140,129,-1,141,140,131,-1,142,131,133,-1,142,141,131,-1,143,133,135,-1,143,142,133,-1,137,143,135,-1,144,143,137,-1,145,137,139,-1,145,144,137,-1,128,146,147,-1,128,130,146,-1,132,147,148,-1,132,128,147,-1,134,148,149,-1,134,132,148,-1,150,134,149,-1,136,134,150,-1,138,150,151,-1,138,136,150,-1,147,140,141,-1,147,146,140,-1,148,141,142,-1,148,147,141,-1,149,142,143,-1,149,148,142,-1,150,143,144,-1,150,149,143,-1,151,144,145,-1,151,150,144,-1,152,153,154,-1,152,154,155,-1,156,155,157,-1,156,152,155,-1,158,157,159,-1,158,156,157,-1,160,159,161,-1,160,158,159,-1,162,163,164,-1,165,164,166,-1,165,162,164,-1,167,166,168,-1,167,165,166,-1,169,168,170,-1,169,167,168,-1,171,169,170,-1,172,173,174,-1,172,175,173,-1,176,174,177,-1,176,172,174,-1,178,177,179,-1,178,176,177,-1,180,181,182,-1,180,182,183,-1,184,183,185,-1,184,180,183,-1,186,185,187,-1,186,184,185,-1,188,189,190,-1,191,188,190,-1,192,190,193,-1,192,191,190,-1,194,193,195,-1,194,192,193,-1,196,197,198,-1,196,198,199,-1,200,199,201,-1,200,196,199,-1,202,201,203,-1,202,200,201,-1,204,205,206,-1,206,205,207,-1,207,208,209,-1,205,208,207,-1,209,210,211,-1,208,210,209,-1,212,213,214,-1,214,213,215,-1,215,216,217,-1,213,216,215,-1,217,218,219,-1,216,218,217,-1,220,221,222,-1,222,221,223,-1,223,224,225,-1,221,224,223,-1,225,226,227,-1,224,226,225,-1,228,229,230,-1,230,229,231,-1,231,232,233,-1,229,232,231,-1,233,234,235,-1,232,234,233,-1,236,237,238,-1,236,238,239,-1,240,239,241,-1,240,236,239,-1,242,241,243,-1,242,240,241,-1,244,245,246,-1,247,244,246,-1,248,249,250,-1,248,246,249,-1,248,247,246,-1,251,248,250,-1,252,253,254,-1,255,252,254,-1,256,254,257,-1,256,255,254,-1,258,257,259,-1,258,256,257,-1,260,261,262,-1,262,261,263,-1,263,264,265,-1,261,264,263,-1,265,266,267,-1,264,266,265,-1,268,269,270,-1,268,270,271,-1,272,271,273,-1,272,268,271,-1,274,273,275,-1,274,272,273,-1,276,277,278,-1,278,277,279,-1,279,280,281,-1,277,280,279,-1,281,282,283,-1,280,282,281,-1,284,285,286,-1,286,285,287,-1,287,288,289,-1,285,288,287,-1,289,290,291,-1,288,290,289,-1,292,293,294,-1,294,293,295,-1,295,296,297,-1,293,296,295,-1,297,298,299,-1,296,298,297,-1,300,301,302,-1,302,301,303,-1,303,304,305,-1,301,304,303,-1,305,306,307,-1,304,306,305,-1,308,309,310,-1,310,309,311,-1,311,312,313,-1,309,312,311,-1,313,314,315,-1,312,314,313,-1,316,317,318,-1,318,317,319,-1,319,320,321,-1,317,320,319,-1,321,322,323,-1,320,322,321,-1,324,325,326,-1,326,325,327,-1,327,328,329,-1,325,328,327,-1,329,330,331,-1,328,330,329,-1,332,333,334,-1,332,335,333,-1,336,334,337,-1,336,332,334,-1,338,337,339,-1,338,336,337,-1,340,339,341,-1,340,338,339,-1,342,343,344,-1,345,344,346,-1,345,342,344,-1,347,346,348,-1,347,345,346,-1,349,348,350,-1,349,347,348,-1,351,349,350,-1,352,353,354,-1,354,353,355,-1,355,356,357,-1,353,356,355,-1,357,358,359,-1,356,358,357,-1,360,361,362,-1,362,361,363,-1,363,364,365,-1,361,364,363,-1,365,366,367,-1,364,366,365,-1,368,369,370,-1,370,369,371,-1,371,372,373,-1,369,372,371,-1,373,374,375,-1,372,374,373,-1,376,377,378,-1,378,377,379,-1,379,380,381,-1,377,380,379,-1,381,382,383,-1,380,382,381,-1,384,385,386,-1,386,385,387,-1,387,388,389,-1,385,388,387,-1,389,390,391,-1,388,390,389,-1,392,393,394,-1,394,393,395,-1,395,396,397,-1,393,396,395,-1,397,398,399,-1,396,398,397,-1,400,401,402,-1,402,401,403,-1,403,404,405,-1,401,404,403,-1,405,406,407,-1,404,406,405,-1,408,409,410,-1,410,409,411,-1,411,412,413,-1,409,412,411,-1,413,414,415,-1,412,414,413,-1,416,417,418,-1,416,418,419,-1,420,419,421,-1,420,416,419,-1,422,421,423,-1,422,420,421,-1,424,425,426,-1,424,426,427,-1,428,427,429,-1,428,424,427,-1,430,429,431,-1,430,428,429,-1,432,433,434,-1,432,434,435,-1,436,435,437,-1,436,432,435,-1,438,437,439,-1,438,436,437,-1,440,441,442,-1,442,441,443,-1,441,444,443,-1,441,445,444,-1,445,446,444,-1,445,447,446,-1,447,448,446,-1,447,449,448,-1,449,450,448,-1,449,451,450,-1,452,453,454,-1,455,454,456,-1,455,452,454,-1,457,456,458,-1,457,458,459,-1,457,455,456,-1,460,459,461,-1,460,461,462,-1,460,457,459,-1,463,462,464,-1,463,464,465,-1,463,460,462,-1,466,465,467,-1,466,467,468,-1,466,463,465,-1,469,468,470,-1,469,466,468,-1,471,469,470,-1,472,469,471,-1,473,469,472,-1,474,469,473,-1,475,476,477,-1,475,477,478,-1,475,478,479,-1,475,479,480,-1,475,480,481,-1,482,481,483,-1,482,483,484,-1,482,475,481,-1,485,484,486,-1,485,486,487,-1,485,482,484,-1,488,487,489,-1,488,489,490,-1,488,485,487,-1,491,490,492,-1,491,492,493,-1,491,488,490,-1,494,493,495,-1,494,491,493,-1,496,494,495,-1,497,496,495,-1,498,499,500,-1,501,502,498,-1,498,502,499,-1,499,502,503,-1,504,505,506,-1,503,505,507,-1,507,505,504,-1,500,508,504,-1,507,508,503,-1,499,508,500,-1,504,508,507,-1,503,508,499,-1,501,509,502,-1,502,510,503,-1,503,510,505,-1,509,510,502,-1,506,511,501,-1,505,511,506,-1,501,511,509,-1,510,511,505,-1,509,511,510,-1,512,513,514,-1,512,514,515,-1,512,515,516,-1,512,516,517,-1,512,517,518,-1,519,518,520,-1,519,520,521,-1,519,512,518,-1,522,521,523,-1,522,523,524,-1,522,519,521,-1,525,524,526,-1,525,526,527,-1,525,522,524,-1,528,527,529,-1,528,529,530,-1,528,525,527,-1,531,530,532,-1,531,528,530,-1,533,531,532,-1,534,533,532,-1,535,536,537,-1,538,537,539,-1,538,535,537,-1,540,539,541,-1,540,541,542,-1,540,538,539,-1,543,542,544,-1,543,544,545,-1,543,540,542,-1,546,545,547,-1,546,547,548,-1,546,543,545,-1,549,548,550,-1,549,550,551,-1,549,546,548,-1,552,551,553,-1,552,549,551,-1,554,552,553,-1,555,552,554,-1,556,552,555,-1,557,552,556,-1,558,559,560,-1,560,559,561,-1,561,559,562,-1,563,564,565,-1,566,567,568,-1,568,567,564,-1,569,570,567,-1,565,571,572,-1,572,571,573,-1,573,571,574,-1,574,571,575,-1,575,571,576,-1,576,571,577,-1,577,571,578,-1,578,571,579,-1,579,571,580,-1,580,571,581,-1,581,571,582,-1,582,571,558,-1,558,571,559,-1,564,571,565,-1,570,571,567,-1,567,571,564,-1,583,584,585,-1,583,586,584,-1,587,588,589,-1,590,588,587,-1,585,590,587,-1,585,587,583,-1,589,588,591,-1,592,593,469,-1,591,593,592,-1,588,593,591,-1,593,466,469,-1,466,594,463,-1,593,594,466,-1,460,595,457,-1,463,595,460,-1,594,595,463,-1,457,596,455,-1,595,596,457,-1,494,496,597,-1,496,598,597,-1,455,596,452,-1,598,599,597,-1,596,600,452,-1,600,601,598,-1,596,601,600,-1,598,601,599,-1,602,603,604,-1,602,604,605,-1,606,602,605,-1,607,602,606,-1,608,607,606,-1,609,607,608,-1,610,609,608,-1,611,609,610,-1,601,610,599,-1,601,611,610,-1,612,613,614,-1,614,613,615,-1,615,616,617,-1,613,616,615,-1,617,618,619,-1,616,618,617,-1,619,620,621,-1,618,620,619,-1,497,495,622,-1,621,453,497,-1,621,497,622,-1,623,454,453,-1,620,623,453,-1,620,453,621,-1,473,624,474,-1,625,473,472,-1,625,624,473,-1,471,625,472,-1,626,471,470,-1,626,625,471,-1,627,468,467,-1,627,470,468,-1,627,626,470,-1,628,467,465,-1,628,627,467,-1,629,465,464,-1,629,628,465,-1,462,629,464,-1,630,461,459,-1,630,462,461,-1,630,629,462,-1,631,458,456,-1,631,459,458,-1,631,630,459,-1,623,456,454,-1,623,631,456,-1,476,632,633,-1,634,632,476,-1,474,634,476,-1,624,634,474,-1,635,636,637,-1,635,637,638,-1,635,638,639,-1,635,639,640,-1,635,640,641,-1,635,641,642,-1,635,642,643,-1,635,643,644,-1,645,636,635,-1,646,645,635,-1,647,646,635,-1,648,649,650,-1,648,650,651,-1,648,651,652,-1,648,652,653,-1,648,653,654,-1,648,654,655,-1,648,655,656,-1,648,656,657,-1,648,657,658,-1,648,658,659,-1,648,659,647,-1,648,647,635,-1,648,660,661,-1,648,661,571,-1,570,648,571,-1,649,648,570,-1,650,570,569,-1,650,649,570,-1,651,569,567,-1,651,650,569,-1,652,567,566,-1,652,651,567,-1,653,566,568,-1,653,652,566,-1,654,568,564,-1,654,653,568,-1,655,564,563,-1,655,654,564,-1,656,563,565,-1,656,655,563,-1,572,656,565,-1,657,656,572,-1,658,657,572,-1,658,572,573,-1,659,658,573,-1,659,573,574,-1,575,659,574,-1,647,659,575,-1,646,647,575,-1,646,575,576,-1,645,646,576,-1,645,576,577,-1,636,645,577,-1,636,577,578,-1,579,636,578,-1,637,636,579,-1,580,637,579,-1,638,637,580,-1,639,638,580,-1,639,580,581,-1,640,639,581,-1,640,581,582,-1,641,640,582,-1,641,582,558,-1,642,641,558,-1,642,558,560,-1,643,642,560,-1,643,560,561,-1,562,643,561,-1,644,643,562,-1,635,562,559,-1,635,644,562,-1,662,635,559,-1,663,635,662,-1,593,625,626,-1,593,626,627,-1,588,624,625,-1,588,625,593,-1,594,627,628,-1,594,628,629,-1,594,593,627,-1,595,629,630,-1,595,630,631,-1,595,594,629,-1,664,661,660,-1,664,660,665,-1,596,631,623,-1,596,595,631,-1,590,634,624,-1,590,624,588,-1,666,665,667,-1,666,664,665,-1,668,669,634,-1,668,634,590,-1,670,666,667,-1,671,669,668,-1,672,667,669,-1,672,670,667,-1,672,669,671,-1,601,623,620,-1,601,596,623,-1,611,620,618,-1,611,601,620,-1,609,611,618,-1,609,618,616,-1,607,609,616,-1,607,616,613,-1,602,607,613,-1,602,613,612,-1,603,602,612,-1,605,604,614,-1,605,614,615,-1,606,615,617,-1,606,605,615,-1,608,617,619,-1,608,606,617,-1,610,619,621,-1,610,608,619,-1,599,621,622,-1,599,610,621,-1,597,622,673,-1,597,599,622,-1,674,673,675,-1,674,675,676,-1,674,597,673,-1,677,676,678,-1,677,678,679,-1,677,674,676,-1,680,679,681,-1,680,677,679,-1,682,680,681,-1,584,680,682,-1,633,584,682,-1,585,584,633,-1,632,585,633,-1,683,585,632,-1,684,683,632,-1,685,683,684,-1,686,685,684,-1,687,685,686,-1,688,687,686,-1,689,687,688,-1,690,689,688,-1,690,688,663,-1,691,690,663,-1,662,691,663,-1,692,693,694,-1,692,694,695,-1,696,695,697,-1,696,692,695,-1,698,696,697,-1,699,697,700,-1,699,698,697,-1,701,699,700,-1,702,700,703,-1,702,701,700,-1,704,702,703,-1,705,703,706,-1,705,704,703,-1,707,705,706,-1,708,706,709,-1,708,707,706,-1,710,709,711,-1,712,708,709,-1,713,709,710,-1,714,712,709,-1,714,709,713,-1,715,716,717,-1,715,717,718,-1,719,718,720,-1,719,715,718,-1,721,719,720,-1,722,720,723,-1,722,721,720,-1,724,722,723,-1,725,723,726,-1,725,724,723,-1,727,725,726,-1,728,726,729,-1,728,727,726,-1,730,728,729,-1,731,729,732,-1,731,730,729,-1,733,732,734,-1,735,731,732,-1,736,732,733,-1,737,735,732,-1,737,732,736,-1,738,739,740,-1,738,740,741,-1,738,741,742,-1,743,739,738,-1,744,738,745,-1,744,743,738,-1,746,744,745,-1,747,745,748,-1,747,746,745,-1,749,747,748,-1,750,748,751,-1,750,749,748,-1,752,750,751,-1,753,751,754,-1,753,752,751,-1,755,753,754,-1,756,754,757,-1,756,755,754,-1,758,757,759,-1,758,756,757,-1,760,758,759,-1,761,762,763,-1,761,763,764,-1,765,761,764,-1,766,761,765,-1,767,765,768,-1,767,766,765,-1,769,768,770,-1,769,767,768,-1,771,770,772,-1,771,769,770,-1,773,772,774,-1,773,771,772,-1,775,774,776,-1,775,773,774,-1,777,776,778,-1,777,775,776,-1,779,778,780,-1,779,777,778,-1,781,780,782,-1,781,779,780,-1,783,781,782,-1,784,781,783,-1,785,784,783,-1,785,783,786,-1,787,785,786,-1,787,786,788,-1,789,787,788,-1,789,788,790,-1,791,789,790,-1,792,789,791,-1,793,792,791,-1,793,791,794,-1,795,793,794,-1,796,793,795,-1,797,796,795,-1,797,795,798,-1,799,797,798,-1,799,798,800,-1,801,799,800,-1,801,800,802,-1,803,801,802,-1,803,802,804,-1,805,803,804,-1,805,804,806,-1,807,805,806,-1,807,806,808,-1,809,807,808,-1,809,808,810,-1,811,810,812,-1,811,809,810,-1,813,811,812,-1,814,811,813,-1,814,813,815,-1,814,815,816,-1,817,816,818,-1,817,814,816,-1,819,817,818,-1,820,817,819,-1,821,820,819,-1,822,820,821,-1,823,822,821,-1,824,822,823,-1,825,824,823,-1,826,824,825,-1,827,826,825,-1,828,826,827,-1,829,828,827,-1,830,828,829,-1,831,829,832,-1,831,830,829,-1,833,831,832,-1,834,832,835,-1,834,833,832,-1,836,834,835,-1,837,835,838,-1,837,836,835,-1,839,838,840,-1,839,837,838,-1,841,840,842,-1,841,839,840,-1,843,841,842,-1,843,842,844,-1,845,843,844,-1,845,844,846,-1,847,845,846,-1,847,846,848,-1,175,847,848,-1,175,848,173,-1,849,850,851,-1,852,851,853,-1,852,849,851,-1,854,853,855,-1,854,852,853,-1,856,855,857,-1,856,854,855,-1,858,857,859,-1,858,856,857,-1,860,859,861,-1,860,858,859,-1,862,861,863,-1,862,860,861,-1,864,865,866,-1,864,866,867,-1,868,867,869,-1,868,869,870,-1,868,864,867,-1,871,872,865,-1,871,865,864,-1,873,870,874,-1,873,868,870,-1,875,862,863,-1,762,874,763,-1,762,873,874,-1,876,875,863,-1,876,863,877,-1,878,876,877,-1,879,877,880,-1,879,878,877,-1,881,882,872,-1,881,872,871,-1,883,879,880,-1,884,883,880,-1,884,882,881,-1,884,880,882,-1,764,768,765,-1,764,770,768,-1,764,772,770,-1,764,774,772,-1,764,776,774,-1,764,778,776,-1,764,780,778,-1,764,782,780,-1,764,783,782,-1,764,786,783,-1,764,788,786,-1,788,812,790,-1,790,812,791,-1,764,812,788,-1,812,794,791,-1,812,795,794,-1,810,808,812,-1,812,798,795,-1,808,806,812,-1,812,800,798,-1,806,804,812,-1,812,802,800,-1,804,802,812,-1,851,850,173,-1,851,173,848,-1,846,851,848,-1,853,851,846,-1,844,853,846,-1,855,853,844,-1,842,855,844,-1,857,855,842,-1,859,842,840,-1,859,857,842,-1,885,0,886,-1,886,0,2,-1,850,849,887,-1,887,849,888,-1,889,890,501,-1,501,890,506,-1,891,892,893,-1,891,894,892,-1,895,893,896,-1,895,891,893,-1,897,896,898,-1,897,895,896,-1,899,898,900,-1,899,897,898,-1,901,900,902,-1,901,899,900,-1,903,902,904,-1,903,901,902,-1,905,904,906,-1,905,903,904,-1,907,908,909,-1,910,908,911,-1,909,908,910,-1,908,912,911,-1,911,913,914,-1,912,913,911,-1,915,916,917,-1,915,917,918,-1,905,915,918,-1,181,180,184,-1,181,184,186,-1,906,186,915,-1,906,915,905,-1,906,181,186,-1,919,920,921,-1,921,920,922,-1,920,913,922,-1,183,182,185,-1,185,182,187,-1,187,914,920,-1,920,914,913,-1,182,914,187,-1,902,911,904,-1,900,911,902,-1,898,910,900,-1,896,910,898,-1,893,910,896,-1,900,910,911,-1,892,909,893,-1,893,909,910,-1,904,914,906,-1,911,914,904,-1,906,182,181,-1,914,182,906,-1,187,920,186,-1,186,920,915,-1,905,913,903,-1,922,913,918,-1,918,913,905,-1,901,912,899,-1,903,912,901,-1,913,912,903,-1,912,908,899,-1,908,897,899,-1,908,895,897,-1,907,891,908,-1,908,891,895,-1,907,894,891,-1,923,924,925,-1,923,925,926,-1,927,928,929,-1,927,926,928,-1,927,923,926,-1,930,929,931,-1,930,927,929,-1,932,930,931,-1,933,931,934,-1,933,932,931,-1,935,934,936,-1,935,933,934,-1,937,936,938,-1,937,935,936,-1,939,940,941,-1,941,940,942,-1,942,943,944,-1,940,943,942,-1,944,945,946,-1,943,945,944,-1,430,938,425,-1,430,425,424,-1,430,424,428,-1,433,438,937,-1,433,937,938,-1,433,938,430,-1,432,436,438,-1,432,438,433,-1,946,431,426,-1,426,431,427,-1,427,431,429,-1,945,434,946,-1,946,434,431,-1,945,439,434,-1,437,435,439,-1,439,435,434,-1,934,944,936,-1,931,944,934,-1,929,942,931,-1,928,942,929,-1,926,942,928,-1,931,942,944,-1,925,941,926,-1,926,941,942,-1,936,946,938,-1,944,946,936,-1,938,426,425,-1,946,426,938,-1,431,434,430,-1,430,434,433,-1,937,945,935,-1,439,945,438,-1,438,945,937,-1,933,943,932,-1,935,943,933,-1,945,943,935,-1,943,940,932,-1,940,930,932,-1,940,927,930,-1,939,923,940,-1,940,923,927,-1,939,924,923,-1,381,947,939,-1,381,939,379,-1,378,379,939,-1,383,947,381,-1,948,378,939,-1,949,948,939,-1,368,949,939,-1,354,947,383,-1,385,369,388,-1,385,372,369,-1,385,374,372,-1,390,368,939,-1,390,388,369,-1,390,369,368,-1,384,374,385,-1,49,360,374,-1,49,374,384,-1,941,950,390,-1,941,390,939,-1,951,950,941,-1,55,49,384,-1,399,951,941,-1,397,399,941,-1,395,941,952,-1,395,397,941,-1,394,395,952,-1,953,357,359,-1,953,954,357,-1,955,953,359,-1,956,355,357,-1,956,357,954,-1,957,359,366,-1,957,955,359,-1,958,355,956,-1,959,366,364,-1,959,957,366,-1,960,959,364,-1,42,961,960,-1,42,962,961,-1,42,963,962,-1,42,361,360,-1,42,364,361,-1,42,360,49,-1,42,960,364,-1,964,947,354,-1,964,354,355,-1,964,355,958,-1,965,964,958,-1,966,964,965,-1,967,964,966,-1,968,964,967,-1,969,964,968,-1,970,964,969,-1,414,43,55,-1,412,43,414,-1,409,43,412,-1,971,964,970,-1,408,43,409,-1,972,964,971,-1,97,973,974,-1,97,974,963,-1,97,963,42,-1,103,972,975,-1,103,973,97,-1,103,964,972,-1,103,976,973,-1,103,977,976,-1,103,975,977,-1,91,97,42,-1,91,42,43,-1,978,405,407,-1,978,407,394,-1,6,403,405,-1,6,405,978,-1,4,402,403,-1,4,403,6,-1,979,980,43,-1,979,43,408,-1,981,979,408,-1,982,91,43,-1,982,43,980,-1,983,408,402,-1,983,981,408,-1,984,91,982,-1,985,4,1,-1,985,402,4,-1,985,983,402,-1,986,985,1,-1,987,1,0,-1,987,986,1,-1,988,90,91,-1,988,91,984,-1,989,90,988,-1,990,90,989,-1,991,90,990,-1,992,90,991,-1,888,0,885,-1,888,993,987,-1,888,994,993,-1,888,995,994,-1,888,987,0,-1,849,996,997,-1,849,998,996,-1,849,995,888,-1,849,997,995,-1,178,90,992,-1,178,998,849,-1,178,992,999,-1,178,999,1000,-1,178,1001,998,-1,178,1002,1001,-1,178,1000,1002,-1,172,176,178,-1,175,178,849,-1,175,172,178,-1,178,964,103,-1,178,103,90,-1,952,978,394,-1,384,414,55,-1,1003,1004,1005,-1,1003,1005,1006,-1,1007,1006,1008,-1,1007,1003,1006,-1,1009,1008,1010,-1,1009,1007,1008,-1,1011,1012,1013,-1,1011,1010,1012,-1,1011,1009,1010,-1,1014,1011,1013,-1,1015,1013,1016,-1,1015,1014,1013,-1,1017,1018,1019,-1,1017,1016,1018,-1,1017,1015,1016,-1,1020,1019,947,-1,1020,1017,1019,-1,964,1020,947,-1,1021,1022,907,-1,1023,1021,907,-1,1024,907,1022,-1,1025,1023,907,-1,1026,1027,907,-1,1026,907,1024,-1,1028,1026,1029,-1,1030,1027,1026,-1,1030,1026,1028,-1,1031,1027,1030,-1,1032,1027,1031,-1,1033,1027,1032,-1,1034,1027,1033,-1,288,1035,1025,-1,288,1036,1035,-1,288,285,1036,-1,290,288,1025,-1,284,1037,1036,-1,284,1036,285,-1,1038,1027,1034,-1,1039,1037,284,-1,1040,1041,1039,-1,1042,1040,1039,-1,1043,1044,1045,-1,1043,1045,1046,-1,275,1042,1039,-1,275,1039,284,-1,271,275,273,-1,270,1042,275,-1,270,1047,1042,-1,270,275,271,-1,1048,1049,1044,-1,1048,1044,1043,-1,1050,1051,1049,-1,1050,1052,1051,-1,1050,1049,1048,-1,1053,1052,1050,-1,266,1047,270,-1,264,1054,1047,-1,264,1055,1054,-1,264,1047,266,-1,261,1055,264,-1,260,1056,1055,-1,260,1055,261,-1,909,1025,907,-1,909,277,276,-1,909,280,277,-1,909,282,280,-1,909,276,290,-1,909,290,1025,-1,1057,1058,1059,-1,298,1060,1056,-1,298,1056,260,-1,296,1061,1060,-1,296,1062,1061,-1,296,1060,298,-1,293,1062,296,-1,238,909,1005,-1,238,282,909,-1,243,238,1005,-1,243,241,239,-1,243,239,238,-1,292,1063,1062,-1,292,1062,293,-1,1064,1058,1057,-1,228,243,1005,-1,229,228,1005,-1,232,229,1005,-1,234,232,1005,-1,1065,1038,1066,-1,1067,1066,1068,-1,1067,1065,1066,-1,1069,1070,1071,-1,1069,1067,1068,-1,1069,1068,1070,-1,214,1058,1064,-1,214,204,1058,-1,215,204,214,-1,215,205,204,-1,215,208,205,-1,217,208,215,-1,1072,1038,1065,-1,1072,1065,1073,-1,1072,1027,1038,-1,220,234,1005,-1,1074,1071,1052,-1,1074,1069,1071,-1,1074,1052,1053,-1,1074,1053,1075,-1,1076,1075,1063,-1,1076,1074,1075,-1,1077,1072,1073,-1,1078,1072,1077,-1,1079,1072,1078,-1,1080,1072,1079,-1,1081,1072,1080,-1,1082,1072,1081,-1,1083,1072,1082,-1,151,1084,1085,-1,151,1086,1076,-1,151,1085,1086,-1,145,1087,1084,-1,145,1088,1087,-1,145,1083,1088,-1,145,1084,151,-1,145,1072,1083,-1,320,317,138,-1,320,138,151,-1,320,151,1076,-1,320,292,210,-1,320,1063,292,-1,320,1076,1063,-1,322,208,217,-1,322,320,210,-1,322,210,208,-1,322,217,219,-1,316,138,317,-1,308,322,219,-1,308,219,226,-1,308,226,224,-1,309,308,224,-1,309,224,221,-1,312,309,221,-1,312,221,220,-1,330,139,138,-1,330,138,316,-1,328,139,330,-1,325,139,328,-1,324,139,325,-1,1004,220,1005,-1,1004,1089,306,-1,1004,301,300,-1,1004,304,301,-1,1004,306,304,-1,1004,300,314,-1,1004,314,312,-1,1004,324,1090,-1,1004,1090,1089,-1,1004,312,220,-1,1004,139,324,-1,1004,1072,145,-1,1004,145,139,-1,1091,1092,1093,-1,1091,1093,1094,-1,1095,1096,1097,-1,1095,1094,1096,-1,1095,1091,1094,-1,1098,1095,1097,-1,1099,1097,1100,-1,1099,1098,1097,-1,1101,1100,1102,-1,1101,1099,1100,-1,1103,1102,1104,-1,1103,1101,1102,-1,1105,1106,1107,-1,1105,1104,1106,-1,1105,1103,1104,-1,1108,1107,1027,-1,1108,1105,1107,-1,1072,1108,1027,-1,1109,1110,1111,-1,1109,1111,1112,-1,1113,1112,1111,-1,1114,1110,1109,-1,1115,1113,1111,-1,1116,1115,1111,-1,1117,1116,1111,-1,612,614,1118,-1,1119,501,1114,-1,1120,889,501,-1,1120,501,1119,-1,1121,1122,889,-1,1121,889,1120,-1,1123,1122,1121,-1,1124,1125,1117,-1,1126,1125,1124,-1,1126,1127,1125,-1,1126,1128,1127,-1,1129,1124,1117,-1,1130,1128,1126,-1,1131,1132,1129,-1,1131,1117,1111,-1,1131,1129,1117,-1,1133,1128,1130,-1,1133,1134,1128,-1,1135,1132,1131,-1,1136,1135,1131,-1,1137,1136,1131,-1,1138,1131,1093,-1,1138,1137,1131,-1,1139,1138,1093,-1,1140,1118,1141,-1,1140,612,1118,-1,1140,1142,612,-1,1143,1140,1141,-1,1144,612,1142,-1,1145,1141,1122,-1,1145,1143,1141,-1,1145,1122,1123,-1,1146,612,1144,-1,1146,1147,612,-1,1148,1145,1123,-1,1148,1123,1149,-1,1150,1148,1149,-1,1151,1150,1149,-1,1152,1153,1154,-1,1155,1154,1147,-1,1155,1152,1154,-1,1156,1147,1146,-1,1157,1147,1156,-1,1158,1155,1147,-1,1158,1147,1157,-1,1159,1155,1158,-1,1160,1155,1159,-1,1161,1155,1160,-1,1162,1151,1149,-1,1162,1163,1151,-1,1162,1164,1163,-1,1162,1165,1134,-1,1162,1166,1165,-1,1162,1167,1166,-1,1162,1149,1167,-1,1168,1155,1161,-1,1169,1155,1168,-1,1170,1171,1133,-1,1170,1133,1130,-1,1172,1171,1170,-1,1173,1171,1172,-1,1174,1162,1171,-1,1174,1175,1176,-1,1174,1176,1164,-1,1174,1164,1162,-1,1177,1139,1093,-1,1178,1179,1175,-1,1178,1155,1169,-1,1178,1180,1179,-1,1178,1181,1180,-1,1178,1169,1181,-1,1178,1175,1174,-1,1182,1174,1171,-1,1183,1184,1171,-1,1185,1182,1171,-1,1185,1171,1184,-1,1186,1171,1173,-1,1186,1183,1171,-1,1187,1173,1188,-1,1187,1186,1173,-1,1189,1182,1185,-1,1190,1187,1188,-1,1190,1188,1191,-1,1192,1190,1191,-1,1193,1191,1194,-1,1193,1192,1191,-1,1195,1193,1194,-1,1196,1195,1194,-1,1196,1194,1197,-1,1198,1196,1197,-1,1199,1200,1182,-1,1199,1182,1189,-1,1201,1200,1199,-1,1202,1200,1201,-1,1203,1200,1202,-1,1204,1200,1203,-1,1092,1200,1204,-1,1092,1204,1205,-1,1092,1205,1206,-1,1092,1207,1208,-1,1092,1209,1207,-1,1092,1210,1209,-1,1092,1211,1210,-1,1092,1206,1211,-1,1092,1208,1198,-1,1092,1177,1093,-1,1092,1197,1177,-1,1092,1198,1197,-1,1092,1155,1178,-1,1092,1178,1200,-1,501,1110,1114,-1,1165,1128,1134,-1,1212,1213,1214,-1,1214,1213,1215,-1,1215,1216,1214,-1,1212,1217,1213,-1,1216,1218,1214,-1,1218,1219,1214,-1,1219,1220,1214,-1,604,603,1221,-1,506,1222,1217,-1,890,1223,506,-1,506,1223,1222,-1,1224,1225,890,-1,890,1225,1223,-1,1224,1226,1225,-1,1227,1228,1220,-1,1229,1230,1227,-1,1231,1230,1229,-1,1227,1230,1228,-1,1228,1232,1220,-1,1231,1233,1230,-1,1234,1235,1232,-1,1220,1235,1214,-1,1232,1235,1220,-1,1231,1236,1233,-1,1237,1236,1231,-1,1234,1238,1235,-1,1238,1239,1235,-1,1239,1240,1235,-1,1235,1241,1242,-1,1240,1241,1235,-1,1241,1243,1242,-1,1221,1244,1245,-1,603,1244,1221,-1,1246,1244,603,-1,603,1247,1246,-1,1244,1248,1245,-1,1249,1250,603,-1,603,1250,1247,-1,1248,1251,1245,-1,1245,1251,1224,-1,1224,1251,1226,-1,1226,1252,1253,-1,1251,1252,1226,-1,1252,1254,1253,-1,1254,1255,1253,-1,1256,1257,1258,-1,1258,1259,1249,-1,1257,1259,1258,-1,1249,1260,1250,-1,1249,1261,1260,-1,1259,1262,1249,-1,1249,1262,1261,-1,1259,1263,1262,-1,1259,1264,1263,-1,1259,1265,1264,-1,1255,1266,1253,-1,1267,1266,1268,-1,1269,1266,1267,-1,1253,1266,1269,-1,1268,1266,1237,-1,1270,1266,1255,-1,1271,1266,1270,-1,1259,1272,1265,-1,1259,1273,1272,-1,1274,1275,1236,-1,1236,1275,1233,-1,1274,1276,1275,-1,1274,1277,1276,-1,1266,1278,1274,-1,1271,1278,1266,-1,1279,1278,1280,-1,1280,1278,1271,-1,1243,1281,1242,-1,1278,1282,1274,-1,1279,1283,1278,-1,1259,1283,1273,-1,1284,1283,1279,-1,1285,1283,1284,-1,1286,1283,1285,-1,1273,1283,1286,-1,1287,1288,1274,-1,1282,1289,1274,-1,1274,1289,1287,-1,1274,1290,1277,-1,1288,1290,1274,-1,1277,1291,1292,-1,1290,1291,1277,-1,1282,1293,1289,-1,1292,1294,1295,-1,1291,1294,1292,-1,1294,1296,1295,-1,1295,1297,1298,-1,1296,1297,1295,-1,1297,1299,1298,-1,1298,1300,1301,-1,1299,1300,1298,-1,1300,1302,1301,-1,1303,1304,1282,-1,1282,1304,1293,-1,1303,1305,1304,-1,1303,1306,1305,-1,1303,1307,1306,-1,1303,1308,1307,-1,1302,1309,1301,-1,1303,1309,1308,-1,1301,1309,1281,-1,1308,1309,1310,-1,1310,1309,1311,-1,1312,1309,1313,-1,1314,1309,1312,-1,1315,1309,1314,-1,1316,1309,1315,-1,1311,1309,1316,-1,1313,1309,1302,-1,1281,1309,1242,-1,1212,506,1217,-1,1259,1309,1283,-1,1283,1309,1303,-1,1231,1268,1237,-1,1309,1317,1242,-1,1242,1317,1318,-1,1319,1320,1321,-1,1318,1320,1319,-1,1317,1320,1318,-1,1320,1322,1321,-1,1323,1324,894,-1,1324,1325,894,-1,894,1326,1323,-1,1325,1327,894,-1,1321,1328,894,-1,894,1328,1326,-1,1328,1329,1330,-1,1330,1329,1331,-1,1321,1329,1328,-1,1321,1332,1329,-1,1321,1333,1332,-1,1321,1334,1333,-1,1321,1335,1334,-1,1336,289,1327,-1,1337,289,1336,-1,287,289,1337,-1,289,291,1327,-1,1338,286,1337,-1,1337,286,287,-1,1321,1339,1335,-1,1338,1340,286,-1,1341,1342,1340,-1,1342,1343,1340,-1,1344,1345,1346,-1,1346,1345,1347,-1,1347,1345,1348,-1,1340,274,286,-1,1343,269,1340,-1,1349,269,1343,-1,1340,269,274,-1,274,269,272,-1,272,269,268,-1,1344,1350,1345,-1,1344,1351,1350,-1,1352,1351,1344,-1,1353,1351,1352,-1,1353,1354,1351,-1,1349,267,269,-1,1355,265,1349,-1,1356,265,1355,-1,1349,265,267,-1,1356,263,265,-1,1357,262,1356,-1,1356,262,263,-1,279,892,278,-1,281,892,279,-1,283,892,281,-1,278,892,291,-1,1327,892,894,-1,291,892,1327,-1,1358,299,1357,-1,1357,299,262,-1,1359,297,1358,-1,1360,297,1359,-1,1358,297,299,-1,1360,295,297,-1,892,237,1361,-1,283,237,892,-1,237,242,1361,-1,240,242,236,-1,236,242,237,-1,1362,294,1360,-1,1360,294,295,-1,206,1363,1364,-1,1364,1363,1365,-1,1365,1363,1366,-1,242,230,1361,-1,230,231,1361,-1,231,233,1361,-1,233,235,1361,-1,1339,1367,1368,-1,1367,1369,1368,-1,1368,1369,1370,-1,1369,1371,1370,-1,1370,1371,1372,-1,1372,1371,1373,-1,206,212,1363,-1,207,213,206,-1,209,213,207,-1,206,213,212,-1,209,216,213,-1,1367,1322,1374,-1,1321,1322,1339,-1,1339,1322,1367,-1,235,222,1361,-1,1373,1375,1353,-1,1371,1375,1373,-1,1354,1375,1376,-1,1353,1375,1354,-1,1376,1377,1362,-1,1375,1377,1376,-1,1322,1378,1374,-1,1322,1379,1378,-1,1322,1380,1379,-1,1322,1381,1380,-1,1322,1382,1381,-1,1322,1383,1382,-1,1384,122,1377,-1,1385,122,1384,-1,1322,1386,1383,-1,1385,1387,122,-1,1388,117,1387,-1,1389,117,1388,-1,1386,117,1389,-1,1387,117,122,-1,1322,117,1386,-1,122,106,1377,-1,319,321,106,-1,1377,321,1362,-1,294,321,211,-1,106,321,1377,-1,1362,321,294,-1,209,323,216,-1,321,323,211,-1,211,323,209,-1,216,323,218,-1,106,318,319,-1,218,310,227,-1,227,310,225,-1,323,310,218,-1,225,311,223,-1,310,311,225,-1,223,313,222,-1,311,313,223,-1,106,331,318,-1,105,331,106,-1,105,329,331,-1,105,327,329,-1,105,326,327,-1,222,1390,1361,-1,313,1390,222,-1,326,1390,1391,-1,1391,1390,1392,-1,1392,1390,307,-1,303,1390,302,-1,305,1390,303,-1,307,1390,305,-1,302,1390,315,-1,315,1390,313,-1,105,1390,326,-1,1322,1390,117,-1,117,1390,105,-1,1390,1393,1361,-1,1361,1393,1394,-1,1395,1396,1397,-1,1394,1396,1395,-1,1393,1396,1394,-1,1396,1398,1397,-1,1397,380,924,-1,924,380,377,-1,377,376,924,-1,1397,382,380,-1,376,1399,924,-1,1399,1400,924,-1,1400,370,924,-1,1397,352,382,-1,373,387,371,-1,371,387,389,-1,370,391,924,-1,371,391,370,-1,389,391,371,-1,375,386,373,-1,373,386,387,-1,362,21,375,-1,375,21,386,-1,391,925,924,-1,1401,925,391,-1,1401,1402,925,-1,21,26,386,-1,1402,398,925,-1,398,396,925,-1,925,393,1403,-1,396,393,925,-1,393,392,1403,-1,1404,1405,356,-1,356,1405,358,-1,1405,1406,358,-1,356,1407,1404,-1,353,1407,356,-1,358,1408,367,-1,1406,1408,358,-1,353,1409,1407,-1,367,1410,365,-1,1408,1410,367,-1,1410,1411,365,-1,363,11,362,-1,365,11,363,-1,362,11,21,-1,1412,11,1411,-1,1413,11,1412,-1,1414,11,1413,-1,1411,11,365,-1,1397,1398,352,-1,352,1398,353,-1,353,1398,1409,-1,1398,1415,1409,-1,1398,1416,1415,-1,1398,1417,1416,-1,1398,1418,1417,-1,1398,1419,1418,-1,1398,1420,1419,-1,9,415,26,-1,9,413,415,-1,9,411,413,-1,1398,1421,1420,-1,9,410,411,-1,1398,1422,1421,-1,1414,73,11,-1,1423,73,1424,-1,1424,73,1414,-1,1398,79,1422,-1,1425,79,1423,-1,1426,79,1425,-1,1427,79,1426,-1,1422,79,1427,-1,1423,79,73,-1,11,66,9,-1,73,66,11,-1,404,1428,406,-1,406,1428,392,-1,401,7,404,-1,404,7,1428,-1,400,5,401,-1,401,5,7,-1,9,1429,410,-1,1430,1429,9,-1,1429,1431,410,-1,66,1432,9,-1,9,1432,1430,-1,410,1433,400,-1,1431,1433,410,-1,66,1434,1432,-1,5,1435,3,-1,400,1435,5,-1,1433,1435,400,-1,1435,1436,3,-1,3,1437,2,-1,1436,1437,3,-1,67,1438,66,-1,66,1438,1434,-1,67,1439,1438,-1,67,1440,1439,-1,67,1441,1440,-1,67,1442,1441,-1,2,887,886,-1,1437,887,2,-1,1443,887,1437,-1,1444,887,1443,-1,1445,887,1444,-1,1446,850,1447,-1,1448,850,1446,-1,1447,850,1445,-1,1445,850,887,-1,67,179,1442,-1,1448,179,850,-1,1442,179,1449,-1,1449,179,1450,-1,1451,179,1448,-1,1452,179,1451,-1,1450,179,1452,-1,177,174,179,-1,179,173,850,-1,174,173,179,-1,1428,1403,392,-1,1398,179,79,-1,79,179,67,-1,415,386,26,-1,925,952,941,-1,1403,952,925,-1,1453,1454,1455,-1,1403,1456,952,-1,1455,1457,1458,-1,1454,1457,1455,-1,1459,1460,1403,-1,1403,1460,1456,-1,1457,1461,1458,-1,1459,1462,1460,-1,1461,1463,1458,-1,1458,1464,1459,-1,1459,1464,1462,-1,1463,1464,1458,-1,1465,715,719,-1,1466,719,721,-1,1466,1465,719,-1,722,1466,721,-1,1467,722,724,-1,1467,1466,722,-1,1468,725,727,-1,1468,724,725,-1,1468,1467,724,-1,1469,727,728,-1,1469,1468,727,-1,1470,728,730,-1,1470,1469,728,-1,731,1470,730,-1,1471,731,735,-1,1471,1470,731,-1,737,1471,735,-1,1472,737,736,-1,1472,1471,737,-1,733,1472,736,-1,1473,733,734,-1,1473,1472,733,-1,7,6,1428,-1,1428,6,978,-1,1097,1318,1100,-1,1096,1318,1097,-1,1094,1318,1096,-1,1104,1319,1106,-1,1102,1319,1104,-1,1100,1319,1102,-1,1318,1319,1100,-1,1107,1321,1027,-1,1106,1321,1107,-1,1319,1321,1106,-1,1093,1242,1094,-1,1094,1242,1318,-1,1027,894,907,-1,1321,894,1027,-1,1131,1235,1093,-1,1093,1235,1242,-1,892,1005,909,-1,1006,1361,1008,-1,1005,1361,1006,-1,892,1361,1005,-1,1010,1394,1012,-1,1008,1394,1010,-1,1361,1394,1008,-1,1395,1013,1394,-1,1394,1013,1012,-1,1395,1016,1013,-1,1395,1018,1016,-1,1397,1019,1395,-1,1395,1019,1018,-1,1397,947,1019,-1,924,939,1397,-1,1397,939,947,-1,1317,1098,1099,-1,1317,1095,1098,-1,1317,1091,1095,-1,1320,1103,1105,-1,1320,1101,1103,-1,1320,1099,1101,-1,1320,1317,1099,-1,1322,1108,1072,-1,1322,1105,1108,-1,1322,1320,1105,-1,1309,1092,1091,-1,1309,1091,1317,-1,1390,1072,1004,-1,1390,1004,1003,-1,1390,1322,1072,-1,1393,1009,1011,-1,1393,1007,1009,-1,1393,1003,1007,-1,1393,1390,1003,-1,1014,1396,1393,-1,1014,1393,1011,-1,1015,1396,1014,-1,1017,1396,1015,-1,1020,1398,1396,-1,1020,1396,1017,-1,964,1398,1020,-1,1259,1155,1092,-1,1259,1092,1309,-1,179,1398,964,-1,178,179,964,-1,865,872,825,-1,865,825,823,-1,866,823,821,-1,866,865,823,-1,867,866,821,-1,819,867,821,-1,869,867,819,-1,818,869,819,-1,870,818,816,-1,870,869,818,-1,874,816,815,-1,874,870,816,-1,763,815,813,-1,763,874,815,-1,764,813,812,-1,764,763,813,-1,1111,1212,1214,-1,1474,1212,1110,-1,1110,1212,1111,-1,1475,1476,1474,-1,1477,1476,1475,-1,1478,1476,1477,-1,1474,1476,1212,-1,1476,1479,1480,-1,1478,1479,1476,-1,1479,1481,1480,-1,1480,1482,1483,-1,1481,1482,1480,-1,1482,1484,1483,-1,1484,1485,1483,-1,1391,1090,326,-1,326,1090,324,-1,1486,1487,1483,-1,1483,1487,1480,-1,1480,1488,1476,-1,1487,1488,1480,-1,1476,504,1212,-1,1488,504,1476,-1,504,506,1212,-1,1489,1485,1484,-1,1490,1484,1482,-1,1490,1489,1484,-1,1491,1482,1481,-1,1491,1490,1482,-1,1492,1481,1479,-1,1492,1491,1481,-1,1493,1479,1478,-1,1493,1492,1479,-1,1494,1478,1477,-1,1494,1493,1478,-1,500,1477,1475,-1,500,1494,1477,-1,498,1474,1110,-1,498,1475,1474,-1,498,500,1475,-1,501,498,1110,-1,1454,1453,1495,-1,1454,1495,1496,-1,1457,1496,1497,-1,1457,1454,1496,-1,1461,1497,1498,-1,1461,1457,1497,-1,1463,1498,1499,-1,1463,1461,1498,-1,1464,1499,1500,-1,1464,1463,1499,-1,1462,1500,1501,-1,1462,1464,1500,-1,1460,1462,1501,-1,1502,1460,1501,-1,1456,1460,1502,-1,952,1502,978,-1,952,1456,1502,-1,1503,1455,1504,-1,1504,1458,1505,-1,1455,1458,1504,-1,1505,1459,1506,-1,1458,1459,1505,-1,1506,1403,1428,-1,1459,1403,1506,-1,1502,1507,978,-1,1502,1508,1507,-1,1507,1508,1509,-1,1501,1510,1502,-1,1508,1510,1509,-1,1502,1510,1508,-1,1428,1511,1506,-1,1512,1511,1428,-1,1509,1511,1512,-1,978,1513,1428,-1,1428,1513,1512,-1,1507,1513,978,-1,1509,1513,1507,-1,1512,1513,1509,-1,1501,1514,1510,-1,1510,1514,1509,-1,1509,1514,1511,-1,1506,1515,1501,-1,1511,1515,1506,-1,1501,1515,1514,-1,1514,1515,1511,-1,1453,1516,1517,-1,1517,1516,1518,-1,1518,1519,1520,-1,1516,1519,1518,-1,1520,1521,1522,-1,1519,1521,1520,-1,1521,418,1522,-1,1522,418,1523,-1,1521,423,418,-1,418,421,419,-1,423,421,418,-1,1524,1517,1525,-1,1525,1517,1526,-1,1526,1517,1527,-1,1528,1518,1529,-1,1527,1518,1528,-1,1517,1518,1527,-1,1520,1530,1518,-1,1518,1530,1529,-1,1520,1531,1530,-1,1522,1532,1520,-1,1520,1532,1531,-1,1522,1533,1532,-1,1523,1534,1522,-1,1522,1534,1533,-1,417,1535,1533,-1,417,1533,1534,-1,422,1535,417,-1,416,420,422,-1,416,422,417,-1,1523,418,1534,-1,1534,418,417,-1,1535,1521,1536,-1,423,1521,422,-1,422,1521,1535,-1,1537,1519,1538,-1,1536,1519,1537,-1,1521,1519,1536,-1,1519,1516,1538,-1,1516,1539,1538,-1,1516,1540,1539,-1,1453,1541,1516,-1,1516,1541,1540,-1,1453,1455,1541,-1,1524,1495,1453,-1,1524,1453,1517,-1,1455,1525,1526,-1,1503,1525,1455,-1,1541,1455,1526,-1,1541,1526,1527,-1,1540,1528,1529,-1,1540,1527,1528,-1,1540,1541,1527,-1,1539,1529,1530,-1,1539,1540,1529,-1,1538,1539,1530,-1,1537,1530,1531,-1,1537,1538,1530,-1,1536,1531,1532,-1,1536,1537,1531,-1,1535,1532,1533,-1,1535,1536,1532,-1,378,948,376,-1,376,948,1399,-1,350,340,341,-1,350,341,351,-1,1542,1543,1544,-1,1542,1545,1543,-1,1546,1544,1547,-1,1546,1542,1544,-1,949,1547,948,-1,949,1546,1547,-1,1548,1543,1545,-1,1549,1543,1548,-1,1549,1548,1550,-1,1550,1551,1552,-1,1548,1551,1550,-1,1552,1553,1554,-1,1551,1553,1552,-1,1554,1555,1556,-1,1553,1555,1554,-1,1556,1557,1558,-1,1555,1557,1556,-1,1558,1559,1560,-1,1557,1559,1558,-1,1560,1561,1562,-1,1559,1561,1560,-1,1562,1563,1564,-1,1561,1563,1562,-1,1564,1565,1566,-1,1563,1565,1564,-1,1566,1567,1568,-1,1565,1567,1566,-1,1567,1569,1568,-1,336,335,332,-1,338,335,336,-1,340,1569,335,-1,340,335,338,-1,350,1568,1569,-1,350,1569,340,-1,343,1568,350,-1,348,343,350,-1,346,344,343,-1,346,343,348,-1,1570,1571,1572,-1,1572,1573,1574,-1,1571,1573,1572,-1,1574,1575,1399,-1,1573,1575,1574,-1,1575,1400,1399,-1,1570,1576,1571,-1,1570,1577,1576,-1,1576,1577,1578,-1,1579,1578,1580,-1,1579,1576,1578,-1,1581,1580,1582,-1,1581,1582,1583,-1,1581,1579,1580,-1,1584,1583,1585,-1,1584,1581,1583,-1,1586,1585,1587,-1,1586,1584,1585,-1,1588,1587,1589,-1,1588,1586,1587,-1,1590,1589,1591,-1,1590,1588,1589,-1,1592,1591,1593,-1,1592,1590,1591,-1,1594,1593,1595,-1,1594,1592,1593,-1,1596,1595,1597,-1,1596,1594,1595,-1,1598,1596,1597,-1,1599,1597,1600,-1,1599,1598,1597,-1,1601,1600,1602,-1,1601,1599,1600,-1,1603,1601,1602,-1,333,337,334,-1,333,339,337,-1,1603,341,333,-1,333,341,339,-1,1602,351,1603,-1,1603,351,341,-1,1602,342,351,-1,342,349,351,-1,345,347,342,-1,342,347,349,-1,333,335,1603,-1,1603,1569,1601,-1,335,1569,1603,-1,1601,1567,1599,-1,1569,1567,1601,-1,1599,1565,1598,-1,1567,1565,1599,-1,1598,1563,1596,-1,1596,1563,1594,-1,1565,1563,1598,-1,1594,1561,1592,-1,1563,1561,1594,-1,1592,1559,1590,-1,1561,1559,1592,-1,1590,1557,1588,-1,1559,1557,1590,-1,1588,1555,1586,-1,1586,1555,1584,-1,1557,1555,1588,-1,1584,1553,1581,-1,1555,1553,1584,-1,1581,1551,1579,-1,1553,1551,1581,-1,1579,1548,1576,-1,1551,1548,1579,-1,1576,1545,1571,-1,1548,1545,1576,-1,1571,1542,1573,-1,1545,1542,1571,-1,1573,1546,1575,-1,1542,1546,1573,-1,1575,949,1400,-1,1546,949,1575,-1,948,1574,1399,-1,948,1547,1574,-1,1547,1572,1574,-1,1547,1544,1572,-1,1544,1570,1572,-1,1544,1543,1570,-1,1543,1577,1570,-1,1577,1549,1578,-1,1543,1549,1577,-1,1578,1550,1580,-1,1549,1550,1578,-1,1580,1552,1582,-1,1550,1552,1580,-1,1582,1554,1583,-1,1583,1554,1585,-1,1552,1554,1582,-1,1585,1556,1587,-1,1554,1556,1585,-1,1587,1558,1589,-1,1556,1558,1587,-1,1589,1560,1591,-1,1558,1560,1589,-1,1591,1562,1593,-1,1593,1562,1595,-1,1560,1562,1591,-1,1595,1564,1597,-1,1562,1564,1595,-1,1597,1566,1600,-1,1564,1566,1597,-1,1600,1568,1602,-1,1566,1568,1600,-1,1602,343,342,-1,1568,343,1602,-1,374,360,375,-1,375,360,362,-1,354,382,352,-1,354,383,382,-1,951,399,1402,-1,1402,399,398,-1,162,154,163,-1,163,154,153,-1,157,161,159,-1,155,161,157,-1,154,1604,161,-1,154,161,155,-1,162,1605,1604,-1,162,1604,154,-1,171,1605,162,-1,165,171,162,-1,167,169,171,-1,167,171,165,-1,1604,1605,1606,-1,1606,1607,1608,-1,1605,1607,1606,-1,1608,1609,1610,-1,1607,1609,1608,-1,1610,1611,1612,-1,1609,1611,1610,-1,1612,1613,1614,-1,1611,1613,1612,-1,1614,1615,1616,-1,1613,1615,1614,-1,1616,1617,1618,-1,1615,1617,1616,-1,1618,1619,1620,-1,1617,1619,1618,-1,1620,1621,1622,-1,1619,1621,1620,-1,1622,1623,1624,-1,1621,1623,1622,-1,1623,1625,1624,-1,1625,1626,1624,-1,1625,1627,1626,-1,1628,951,1629,-1,1628,950,951,-1,1630,1629,1631,-1,1630,1631,1626,-1,1630,1628,1629,-1,1627,1630,1626,-1,160,156,158,-1,160,152,156,-1,1632,153,160,-1,160,153,152,-1,1632,1633,153,-1,1633,163,153,-1,1633,170,163,-1,170,164,163,-1,168,166,170,-1,170,166,164,-1,1633,1632,1634,-1,1635,1634,1636,-1,1635,1633,1634,-1,1637,1636,1638,-1,1637,1638,1639,-1,1637,1635,1636,-1,1640,1639,1641,-1,1640,1637,1639,-1,1642,1641,1643,-1,1642,1640,1641,-1,1644,1643,1645,-1,1644,1642,1643,-1,1646,1645,1647,-1,1646,1644,1645,-1,1648,1647,1649,-1,1648,1646,1647,-1,1650,1649,1651,-1,1650,1648,1649,-1,1652,1651,1653,-1,1652,1650,1651,-1,1654,1652,1653,-1,1655,1653,1656,-1,1655,1654,1653,-1,1657,1656,1658,-1,1657,1655,1656,-1,1659,1657,1658,-1,1660,1659,1661,-1,1661,1659,1658,-1,1401,1662,1402,-1,1402,1662,1663,-1,1663,1664,1665,-1,1662,1664,1663,-1,1665,1660,1661,-1,1664,1660,1665,-1,950,1662,1401,-1,950,1628,1662,-1,1628,1664,1662,-1,1628,1630,1664,-1,1630,1660,1664,-1,1630,1627,1660,-1,1627,1659,1660,-1,1659,1625,1657,-1,1627,1625,1659,-1,1657,1623,1655,-1,1625,1623,1657,-1,1655,1621,1654,-1,1623,1621,1655,-1,1654,1619,1652,-1,1652,1619,1650,-1,1621,1619,1654,-1,1650,1617,1648,-1,1619,1617,1650,-1,1648,1615,1646,-1,1617,1615,1648,-1,1646,1613,1644,-1,1615,1613,1646,-1,1644,1611,1642,-1,1642,1611,1640,-1,1613,1611,1644,-1,1640,1609,1637,-1,1611,1609,1640,-1,1637,1607,1635,-1,1609,1607,1637,-1,1635,1605,1633,-1,1607,1605,1635,-1,1633,171,170,-1,1605,171,1633,-1,160,161,1632,-1,1632,1604,1634,-1,161,1604,1632,-1,1634,1606,1636,-1,1604,1606,1634,-1,1636,1608,1638,-1,1606,1608,1636,-1,1638,1610,1639,-1,1639,1610,1641,-1,1608,1610,1638,-1,1641,1612,1643,-1,1610,1612,1641,-1,1643,1614,1645,-1,1612,1614,1643,-1,1645,1616,1647,-1,1614,1616,1645,-1,1647,1618,1649,-1,1649,1618,1651,-1,1616,1618,1647,-1,1651,1620,1653,-1,1618,1620,1651,-1,1653,1622,1656,-1,1620,1622,1653,-1,1656,1624,1658,-1,1622,1624,1656,-1,1658,1626,1661,-1,1624,1626,1658,-1,1661,1631,1665,-1,1626,1631,1661,-1,1665,1629,1663,-1,1631,1629,1665,-1,1663,951,1402,-1,1629,951,1663,-1,414,384,415,-1,415,384,386,-1,394,406,392,-1,394,407,406,-1,1408,1406,957,-1,957,1406,955,-1,955,1405,953,-1,1406,1405,955,-1,953,1404,954,-1,1405,1404,953,-1,954,1407,956,-1,1404,1407,954,-1,956,1409,958,-1,1407,1409,956,-1,1408,959,1410,-1,957,959,1408,-1,1424,1414,974,-1,974,1414,963,-1,963,1413,962,-1,1414,1413,963,-1,962,1412,961,-1,1413,1412,962,-1,961,1411,960,-1,1412,1411,961,-1,960,1410,959,-1,1411,1410,960,-1,1424,973,1423,-1,974,973,1424,-1,1421,1422,971,-1,971,1422,972,-1,972,1427,975,-1,1422,1427,972,-1,975,1426,977,-1,1427,1426,975,-1,977,1425,976,-1,1426,1425,977,-1,976,1423,973,-1,1425,1423,976,-1,1421,970,1420,-1,971,970,1421,-1,1415,1416,965,-1,965,1416,966,-1,966,1417,967,-1,1416,1417,966,-1,967,1418,968,-1,1417,1418,967,-1,968,1419,969,-1,1418,1419,968,-1,969,1420,970,-1,1419,1420,969,-1,1415,965,1409,-1,1409,965,958,-1,1433,1431,983,-1,983,1431,981,-1,981,1429,979,-1,1431,1429,981,-1,979,1430,980,-1,1429,1430,979,-1,980,1432,982,-1,1430,1432,980,-1,982,1434,984,-1,1432,1434,982,-1,1433,985,1435,-1,983,985,1433,-1,1445,1444,995,-1,995,1444,994,-1,994,1443,993,-1,1444,1443,994,-1,993,1437,987,-1,1443,1437,993,-1,987,1436,986,-1,1437,1436,987,-1,986,1435,985,-1,1436,1435,986,-1,997,1447,995,-1,995,1447,1445,-1,1450,1452,1000,-1,1000,1452,1002,-1,1002,1451,1001,-1,1452,1451,1002,-1,1001,1448,998,-1,1451,1448,1001,-1,998,1446,996,-1,1448,1446,998,-1,996,1447,997,-1,1446,1447,996,-1,1450,999,1449,-1,1000,999,1450,-1,1438,1439,988,-1,988,1439,989,-1,989,1440,990,-1,1439,1440,989,-1,990,1441,991,-1,1440,1441,990,-1,991,1442,992,-1,1441,1442,991,-1,992,1449,999,-1,1442,1449,992,-1,1438,984,1434,-1,988,984,1438,-1,34,33,44,-1,34,44,50,-1,25,18,31,-1,18,19,31,-1,81,98,82,-1,82,98,92,-1,74,58,57,-1,74,57,69,-1,238,237,283,-1,238,283,282,-1,276,278,291,-1,276,291,290,-1,274,275,284,-1,274,284,286,-1,266,269,267,-1,266,270,269,-1,299,298,260,-1,299,260,262,-1,227,226,219,-1,227,219,218,-1,220,222,235,-1,220,235,234,-1,243,228,230,-1,243,230,242,-1,1064,1366,1363,-1,1064,1057,1366,-1,1666,245,244,-1,1666,244,1667,-1,1666,1667,1668,-1,1669,1668,1670,-1,1669,1670,1671,-1,1669,1671,1672,-1,1669,1666,1668,-1,1673,1672,1674,-1,1673,1669,1672,-1,1675,1673,1674,-1,1676,1677,1673,-1,1676,1673,1675,-1,1678,1679,1677,-1,1678,1677,1676,-1,1680,1681,1679,-1,1680,1679,1678,-1,1682,1683,1684,-1,1682,1684,1681,-1,1682,1681,1680,-1,1685,1686,1683,-1,1685,1683,1682,-1,1687,1688,1686,-1,1687,1686,1685,-1,1689,1688,1687,-1,1690,1689,1687,-1,1691,1689,1690,-1,1692,1691,1690,-1,1693,1691,1692,-1,1694,1692,1695,-1,1694,1693,1692,-1,1696,1694,1695,-1,1696,1695,1697,-1,1698,1696,1697,-1,1699,1697,1700,-1,1699,1698,1697,-1,1701,1699,1700,-1,1701,1700,1366,-1,1057,1701,1366,-1,1059,1364,1365,-1,1059,1058,1364,-1,1702,1059,1365,-1,1702,1365,1703,-1,1704,1703,1705,-1,1704,1702,1703,-1,1706,1707,1708,-1,1706,1708,1709,-1,1706,1709,1710,-1,1711,1712,1707,-1,1711,1707,1706,-1,1713,1710,1714,-1,1713,1714,1715,-1,1713,1715,1716,-1,1713,1706,1710,-1,1717,1716,1718,-1,1717,1713,1716,-1,1719,1704,1705,-1,1720,1721,1712,-1,1720,1712,1711,-1,1722,1705,1723,-1,1722,1719,1705,-1,1724,1725,1721,-1,1724,1721,1720,-1,1726,1723,1727,-1,1726,1722,1723,-1,1728,1725,1724,-1,1729,1726,1727,-1,1730,1725,1728,-1,1730,1731,1725,-1,1732,1729,1727,-1,1732,1727,1733,-1,1734,1731,1730,-1,1734,1735,1731,-1,1736,1732,1733,-1,1736,1733,1735,-1,1737,1736,1735,-1,1737,1735,1734,-1,252,1718,253,-1,252,1717,1718,-1,331,330,318,-1,318,330,316,-1,322,310,323,-1,308,310,322,-1,314,302,315,-1,300,302,314,-1,197,1738,198,-1,1738,1739,198,-1,1740,1741,1738,-1,1742,1741,1740,-1,1738,1741,1739,-1,1090,1743,1742,-1,1742,1743,1741,-1,1090,1391,1743,-1,1744,1745,1746,-1,1746,1745,195,-1,195,1745,194,-1,1744,1747,1745,-1,1748,1749,1744,-1,1744,1749,1747,-1,1392,1089,1748,-1,1748,1089,1749,-1,197,1745,1738,-1,200,197,196,-1,202,197,200,-1,188,197,202,-1,194,1745,197,-1,194,197,188,-1,191,192,194,-1,191,194,188,-1,198,203,199,-1,199,203,201,-1,1746,195,1739,-1,1739,195,198,-1,198,195,203,-1,195,189,203,-1,189,193,190,-1,195,193,189,-1,203,188,202,-1,189,188,203,-1,1749,1090,1742,-1,1749,1089,1090,-1,1747,1742,1740,-1,1747,1749,1742,-1,1745,1740,1738,-1,1745,1747,1740,-1,1392,1748,1391,-1,1391,1748,1743,-1,1743,1744,1741,-1,1748,1744,1743,-1,1741,1746,1739,-1,1744,1746,1741,-1,129,140,146,-1,129,146,130,-1,121,114,127,-1,127,114,115,-1,1750,1751,1752,-1,1753,1751,1750,-1,1754,1755,1753,-1,1756,1755,1754,-1,1757,1755,1756,-1,1753,1755,1751,-1,1235,1131,1757,-1,1757,1131,1755,-1,1752,1758,1759,-1,1751,1758,1752,-1,1759,1760,1761,-1,1758,1760,1759,-1,1762,1763,1764,-1,1765,1763,1766,-1,1766,1763,1762,-1,1767,1768,1769,-1,1764,1768,1767,-1,1763,1768,1764,-1,1768,1770,1769,-1,1770,1771,1769,-1,1770,1772,1771,-1,1111,1773,1770,-1,1770,1773,1772,-1,1111,1214,1773,-1,1774,1775,1776,-1,1766,1774,1776,-1,1762,1774,1766,-1,1761,1777,1778,-1,1761,1778,1779,-1,1759,1779,1774,-1,1759,1774,1762,-1,1759,1761,1779,-1,1780,1781,1782,-1,1781,1765,1782,-1,1781,1763,1765,-1,1783,1760,1784,-1,1784,1760,1785,-1,1785,1758,1781,-1,1781,1758,1763,-1,1760,1758,1785,-1,1785,1781,1779,-1,1779,1781,1774,-1,1773,1214,1235,-1,1773,1235,1757,-1,1772,1756,1754,-1,1772,1757,1756,-1,1772,1773,1757,-1,1771,1754,1753,-1,1771,1772,1754,-1,1769,1771,1753,-1,1767,1753,1750,-1,1767,1769,1753,-1,1764,1750,1752,-1,1764,1767,1750,-1,1762,1752,1759,-1,1762,1764,1752,-1,1111,1770,1131,-1,1131,1770,1755,-1,1755,1768,1751,-1,1770,1768,1755,-1,1751,1763,1758,-1,1768,1763,1751,-1,1786,1787,1788,-1,1786,1788,1789,-1,1790,1786,1789,-1,1791,1786,1790,-1,1792,1791,1790,-1,1793,1791,1792,-1,1794,1793,1792,-1,1795,1793,1794,-1,1249,1794,1258,-1,1249,1795,1794,-1,442,443,1796,-1,442,1796,1797,-1,1798,442,1797,-1,1799,442,1798,-1,1800,1798,1801,-1,1800,1799,1798,-1,1802,1801,1803,-1,1802,1800,1801,-1,1804,1803,1805,-1,1804,1802,1803,-1,1806,1805,1807,-1,1806,1804,1805,-1,1808,1807,1809,-1,1808,1806,1807,-1,1810,1809,1811,-1,1810,1808,1809,-1,1812,1811,1813,-1,1812,1810,1811,-1,1814,1812,1813,-1,1815,1812,1814,-1,1816,1815,1814,-1,1816,1814,1817,-1,1818,1816,1817,-1,1818,1817,1819,-1,1820,1818,1819,-1,1821,1818,1820,-1,1822,1821,1820,-1,1822,1820,1823,-1,1824,1822,1823,-1,1824,1823,1825,-1,1826,1824,1825,-1,1826,1825,1827,-1,1828,1826,1827,-1,1829,1826,1828,-1,1830,1829,1828,-1,1831,1829,1830,-1,1832,1831,1830,-1,1832,1830,1833,-1,1834,1832,1833,-1,1834,1833,1835,-1,1836,1834,1835,-1,1836,1835,1837,-1,1838,1836,1837,-1,1838,1837,1839,-1,1840,1838,1839,-1,1840,1839,1841,-1,1842,1840,1841,-1,1843,1840,1842,-1,440,1842,1844,-1,440,1843,1842,-1,1845,440,1844,-1,441,440,1845,-1,1846,1847,1848,-1,1846,1848,1849,-1,1850,1851,1847,-1,1850,1847,1846,-1,1852,1849,1853,-1,1852,1853,1854,-1,1852,1846,1849,-1,1855,1854,1856,-1,1855,1856,1857,-1,1855,1852,1854,-1,1858,1796,443,-1,1858,443,444,-1,1859,1857,1860,-1,1859,1855,1857,-1,1861,450,1851,-1,1861,1851,1850,-1,1862,444,446,-1,1862,1858,444,-1,1863,448,450,-1,1863,450,1861,-1,1864,1862,446,-1,1865,448,1863,-1,1866,446,448,-1,1866,1864,446,-1,1866,448,1865,-1,1788,1860,1867,-1,1788,1859,1860,-1,1789,1867,1868,-1,1789,1788,1867,-1,1790,1789,1868,-1,1790,1868,1869,-1,1792,1790,1869,-1,1792,1869,1870,-1,1794,1792,1870,-1,1794,1870,1154,-1,1258,1794,1154,-1,1795,1249,1147,-1,1795,1147,1871,-1,1793,1871,1872,-1,1793,1795,1871,-1,1791,1872,1873,-1,1791,1793,1872,-1,1786,1873,1874,-1,1786,1791,1873,-1,1787,1874,1875,-1,1787,1786,1874,-1,1876,1875,1877,-1,1876,1787,1875,-1,1878,1877,1879,-1,1878,1879,1880,-1,1878,1876,1877,-1,1881,1880,1882,-1,1881,1882,1883,-1,1881,1878,1880,-1,1884,1883,1885,-1,1884,1881,1883,-1,1886,1884,1885,-1,1887,1884,1886,-1,1888,1887,1886,-1,1889,1887,1888,-1,451,1889,1888,-1,1890,1889,451,-1,449,1890,451,-1,1891,1890,449,-1,447,1891,449,-1,1892,1891,447,-1,445,1892,447,-1,1893,1892,445,-1,1894,1893,445,-1,1894,445,441,-1,1895,1894,441,-1,1845,1895,441,-1,889,1122,890,-1,890,1122,1224,-1,1224,1141,1245,-1,1122,1141,1224,-1,1245,1118,1221,-1,1141,1118,1245,-1,500,504,1494,-1,504,1488,1494,-1,1488,1493,1494,-1,1487,1492,1488,-1,1488,1492,1493,-1,1487,1491,1492,-1,1486,1490,1487,-1,1487,1490,1491,-1,1486,1489,1490,-1,1896,1897,1486,-1,1486,1897,1489,-1,1898,1899,1900,-1,1901,1899,1898,-1,1902,1903,1901,-1,1904,1903,1902,-1,1905,1903,1904,-1,1901,1903,1899,-1,1483,1485,1905,-1,1905,1485,1903,-1,1900,1906,1907,-1,1899,1906,1900,-1,1907,1908,1909,-1,1906,1908,1907,-1,1910,1911,1912,-1,1910,1897,1896,-1,1910,1896,1911,-1,1913,1912,1914,-1,1913,1914,1915,-1,1913,1910,1912,-1,1916,1913,1915,-1,1917,1916,1915,-1,1918,1916,1917,-1,1919,1920,1916,-1,1919,1916,1918,-1,1921,1920,1919,-1,1922,1923,1920,-1,1922,1920,1921,-1,1912,1911,1483,-1,1912,1483,1905,-1,1914,1905,1904,-1,1914,1912,1905,-1,1915,1902,1901,-1,1915,1904,1902,-1,1915,1914,1904,-1,1917,1915,1901,-1,1918,1898,1900,-1,1918,1901,1898,-1,1918,1917,1901,-1,1919,1900,1907,-1,1919,1918,1900,-1,1921,1919,1907,-1,1924,1907,1909,-1,1924,1909,1925,-1,1924,1925,1926,-1,1921,1907,1924,-1,1922,1921,1924,-1,1927,1923,1924,-1,1924,1923,1922,-1,1906,1927,1908,-1,1908,1927,1928,-1,1928,1927,1929,-1,1906,1920,1927,-1,1920,1923,1927,-1,1897,1910,1485,-1,1489,1897,1485,-1,1911,1896,1483,-1,1896,1486,1483,-1,1910,1913,1485,-1,1485,1913,1903,-1,1903,1916,1899,-1,1913,1916,1903,-1,1899,1920,1906,-1,1916,1920,1899,-1,1239,1238,1136,-1,1136,1238,1135,-1,1930,1931,1932,-1,1932,1931,1933,-1,1934,1935,1936,-1,1934,1936,1937,-1,1930,1935,1934,-1,1938,1930,1934,-1,1931,1930,1938,-1,1939,1940,1941,-1,1939,1941,1942,-1,1939,1942,1931,-1,1943,1931,1938,-1,1943,1939,1931,-1,1943,1938,1944,-1,1944,1945,1946,-1,1938,1945,1944,-1,1946,1947,1948,-1,1945,1947,1946,-1,1948,1949,1950,-1,1947,1949,1948,-1,1950,1951,1952,-1,1949,1951,1950,-1,1952,1953,1954,-1,1951,1953,1952,-1,1954,1955,1956,-1,1953,1955,1954,-1,1956,1957,1958,-1,1955,1957,1956,-1,1958,1959,1960,-1,1957,1959,1958,-1,1960,1961,1962,-1,1959,1961,1960,-1,1961,1963,1962,-1,1964,1962,1963,-1,1964,1963,1965,-1,1966,1135,1967,-1,1966,1132,1135,-1,1968,1967,1969,-1,1968,1969,1964,-1,1968,1966,1967,-1,1965,1968,1964,-1,1970,1971,1972,-1,1972,1971,1973,-1,1970,1932,1971,-1,1932,1974,1971,-1,1932,1933,1974,-1,1975,1976,1977,-1,1977,1976,1978,-1,1978,1976,1933,-1,1933,1979,1974,-1,1976,1979,1933,-1,1974,1979,1980,-1,1981,1980,1982,-1,1981,1974,1980,-1,1983,1982,1984,-1,1983,1984,1985,-1,1983,1981,1982,-1,1986,1985,1987,-1,1986,1983,1985,-1,1988,1987,1989,-1,1988,1986,1987,-1,1990,1989,1991,-1,1990,1988,1989,-1,1992,1991,1993,-1,1992,1990,1991,-1,1994,1993,1995,-1,1994,1992,1993,-1,1996,1995,1997,-1,1996,1994,1995,-1,1998,1997,1999,-1,1998,1996,1997,-1,2000,1998,1999,-1,2001,1999,2002,-1,2001,2000,1999,-1,2003,2002,2004,-1,2003,2001,2002,-1,2005,2003,2004,-1,2005,2006,2007,-1,2004,2006,2005,-1,1234,2008,1238,-1,1238,2008,2009,-1,2009,2010,2011,-1,2008,2010,2009,-1,2011,2007,2006,-1,2010,2007,2011,-1,1971,1974,1934,-1,1934,1974,1938,-1,1938,1981,1945,-1,1974,1981,1938,-1,1945,1983,1947,-1,1981,1983,1945,-1,1947,1986,1949,-1,1983,1986,1947,-1,1986,1988,1949,-1,1949,1990,1951,-1,1988,1990,1949,-1,1951,1992,1953,-1,1990,1992,1951,-1,1953,1994,1955,-1,1992,1994,1953,-1,1955,1996,1957,-1,1994,1996,1955,-1,1996,1998,1957,-1,1957,2000,1959,-1,1998,2000,1957,-1,1959,2001,1961,-1,2000,2001,1959,-1,1961,2003,1963,-1,2001,2003,1961,-1,2003,2005,1963,-1,2005,1965,1963,-1,2005,2007,1965,-1,2007,1968,1965,-1,2007,2010,1968,-1,2010,1966,1968,-1,2010,2008,1966,-1,2008,1132,1966,-1,2008,1234,1132,-1,1238,2009,1135,-1,1135,2009,1967,-1,1967,2011,1969,-1,2009,2011,1967,-1,1969,2006,1964,-1,2011,2006,1969,-1,1964,2004,1962,-1,2006,2004,1964,-1,1962,2002,1960,-1,2004,2002,1962,-1,1960,1999,1958,-1,2002,1999,1960,-1,1958,1997,1956,-1,1999,1997,1958,-1,1997,1995,1956,-1,1956,1993,1954,-1,1995,1993,1956,-1,1954,1991,1952,-1,1993,1991,1954,-1,1952,1989,1950,-1,1991,1989,1952,-1,1950,1987,1948,-1,1989,1987,1950,-1,1987,1985,1948,-1,1948,1984,1946,-1,1985,1984,1948,-1,1946,1982,1944,-1,1984,1982,1946,-1,1944,1980,1943,-1,1982,1980,1944,-1,1980,1979,1943,-1,1943,1979,1939,-1,1979,1976,1939,-1,1233,1275,1130,-1,1130,1275,1170,-1,1281,1139,1177,-1,1281,1243,1139,-1,1218,1113,1115,-1,1218,1216,1113,-1,2012,2013,2014,-1,2012,2015,2013,-1,2016,2017,2018,-1,2016,2019,2017,-1,2020,2018,2021,-1,2020,2016,2018,-1,1116,2021,1115,-1,1116,2020,2021,-1,2017,2022,2023,-1,2019,2022,2017,-1,2023,2022,2024,-1,2024,2025,2026,-1,2022,2025,2024,-1,2026,2027,2028,-1,2025,2027,2026,-1,2028,2029,2030,-1,2027,2029,2028,-1,2030,2031,2032,-1,2029,2031,2030,-1,2032,2033,2034,-1,2031,2033,2032,-1,2034,2035,2036,-1,2033,2035,2034,-1,2036,2037,2038,-1,2035,2037,2036,-1,2038,2039,2040,-1,2037,2039,2038,-1,2040,2041,2042,-1,2039,2041,2040,-1,2041,2043,2042,-1,2044,2045,2046,-1,2044,2046,2047,-1,2012,2045,2044,-1,2042,2012,2044,-1,2048,2049,2050,-1,2048,2050,2051,-1,2048,2051,2015,-1,2043,2015,2012,-1,2043,2012,2042,-1,2043,2048,2015,-1,2052,2053,2054,-1,2054,2055,2056,-1,2053,2055,2054,-1,2056,2057,1218,-1,2055,2057,2056,-1,2057,1219,1218,-1,2058,2052,2059,-1,2058,2053,2052,-1,2058,2059,2060,-1,2061,2060,2062,-1,2061,2058,2060,-1,2063,2062,2064,-1,2063,2064,2065,-1,2063,2061,2062,-1,2066,2065,2067,-1,2066,2063,2065,-1,2068,2067,2069,-1,2068,2066,2067,-1,2070,2069,2071,-1,2070,2068,2069,-1,2072,2071,2073,-1,2072,2070,2071,-1,2074,2073,2075,-1,2074,2072,2073,-1,2076,2075,2077,-1,2076,2074,2075,-1,2078,2077,2079,-1,2078,2076,2077,-1,2080,2078,2079,-1,2081,2079,2082,-1,2081,2080,2079,-1,2083,2082,2084,-1,2083,2081,2082,-1,2085,2083,2084,-1,2086,2087,2088,-1,2088,2087,2089,-1,2086,2014,2087,-1,2014,2084,2087,-1,2090,2091,2092,-1,2092,2091,2093,-1,2093,2091,2013,-1,2013,2085,2014,-1,2014,2085,2084,-1,2091,2085,2013,-1,1219,2057,1116,-1,1116,2057,2020,-1,2020,2055,2016,-1,2057,2055,2020,-1,2016,2053,2019,-1,2055,2053,2016,-1,2019,2058,2022,-1,2053,2058,2019,-1,2022,2061,2025,-1,2058,2061,2022,-1,2025,2063,2027,-1,2061,2063,2025,-1,2027,2066,2029,-1,2063,2066,2027,-1,2066,2068,2029,-1,2029,2070,2031,-1,2068,2070,2029,-1,2031,2072,2033,-1,2070,2072,2031,-1,2033,2074,2035,-1,2072,2074,2033,-1,2035,2076,2037,-1,2074,2076,2035,-1,2076,2078,2037,-1,2037,2080,2039,-1,2078,2080,2037,-1,2039,2081,2041,-1,2080,2081,2039,-1,2041,2083,2043,-1,2081,2083,2041,-1,2083,2085,2043,-1,2043,2085,2048,-1,2085,2091,2048,-1,2087,2084,2044,-1,2044,2084,2042,-1,2042,2082,2040,-1,2084,2082,2042,-1,2040,2079,2038,-1,2082,2079,2040,-1,2038,2077,2036,-1,2079,2077,2038,-1,2077,2075,2036,-1,2036,2073,2034,-1,2075,2073,2036,-1,2034,2071,2032,-1,2073,2071,2034,-1,2032,2069,2030,-1,2071,2069,2032,-1,2030,2067,2028,-1,2069,2067,2030,-1,2067,2065,2028,-1,2028,2064,2026,-1,2065,2064,2028,-1,2026,2062,2024,-1,2064,2062,2026,-1,2024,2060,2023,-1,2062,2060,2024,-1,2060,2059,2023,-1,2059,2017,2023,-1,2059,2052,2017,-1,2052,2018,2017,-1,2052,2054,2018,-1,2054,2021,2018,-1,2054,2056,2021,-1,2056,1115,2021,-1,2056,1218,1115,-1,1268,1231,1165,-1,1165,1231,1128,-1,1217,1119,1114,-1,1217,1222,1119,-1,1294,1291,1190,-1,1190,1291,1187,-1,1302,1300,1198,-1,1198,1300,1196,-1,1196,1299,1195,-1,1300,1299,1196,-1,1195,1297,1193,-1,1299,1297,1195,-1,1193,1296,1192,-1,1297,1296,1193,-1,1192,1294,1190,-1,1296,1294,1192,-1,1208,1313,1198,-1,1198,1313,1302,-1,1311,1316,1206,-1,1206,1316,1211,-1,1211,1315,1210,-1,1316,1315,1211,-1,1210,1314,1209,-1,1315,1314,1210,-1,1209,1312,1207,-1,1314,1312,1209,-1,1207,1313,1208,-1,1312,1313,1207,-1,1310,1311,1205,-1,1205,1311,1206,-1,1304,1305,1199,-1,1199,1305,1201,-1,1201,1306,1202,-1,1305,1306,1201,-1,1202,1307,1203,-1,1306,1307,1202,-1,1203,1308,1204,-1,1307,1308,1203,-1,1204,1310,1205,-1,1308,1310,1204,-1,1293,1304,1189,-1,1189,1304,1199,-1,1291,1290,1187,-1,1187,1290,1186,-1,1186,1288,1183,-1,1290,1288,1186,-1,1183,1287,1184,-1,1288,1287,1183,-1,1184,1289,1185,-1,1287,1289,1184,-1,1185,1293,1189,-1,1289,1293,1185,-1,1252,1251,1148,-1,1148,1251,1145,-1,1280,1271,1176,-1,1176,1271,1164,-1,1164,1270,1163,-1,1271,1270,1164,-1,1163,1255,1151,-1,1270,1255,1163,-1,1151,1254,1150,-1,1255,1254,1151,-1,1150,1252,1148,-1,1254,1252,1150,-1,1279,1280,1175,-1,1175,1280,1176,-1,1272,1273,1168,-1,1168,1273,1169,-1,1169,1286,1181,-1,1273,1286,1169,-1,1181,1285,1180,-1,1286,1285,1181,-1,1180,1284,1179,-1,1285,1284,1180,-1,1179,1279,1175,-1,1284,1279,1179,-1,1265,1272,1161,-1,1161,1272,1168,-1,1260,1261,1156,-1,1156,1261,1157,-1,1157,1262,1158,-1,1261,1262,1157,-1,1158,1263,1159,-1,1262,1263,1158,-1,1159,1264,1160,-1,1263,1264,1159,-1,1160,1265,1161,-1,1264,1265,1160,-1,1260,1156,1250,-1,1250,1156,1146,-1,1251,1248,1145,-1,1145,1248,1143,-1,1143,1244,1140,-1,1248,1244,1143,-1,1140,1246,1142,-1,1244,1246,1140,-1,1142,1247,1144,-1,1246,1247,1142,-1,1144,1250,1146,-1,1247,1250,1144,-1,2094,2095,2096,-1,2094,2097,2095,-1,2098,2099,2100,-1,2100,2099,2101,-1,2102,1236,2103,-1,2102,1274,1236,-1,2104,2103,2105,-1,2104,2102,2103,-1,2106,2105,2107,-1,2106,2104,2105,-1,2108,2107,2109,-1,2108,2106,2107,-1,2099,2109,2101,-1,2099,2108,2109,-1,2110,1274,2102,-1,2110,1266,1274,-1,2111,2102,2104,-1,2111,2110,2102,-1,2112,2104,2106,-1,2112,2111,2104,-1,2113,2106,2108,-1,2113,2112,2106,-1,2098,2108,2099,-1,2098,2113,2108,-1,2103,1236,1237,-1,2103,1237,2114,-1,2105,2114,2115,-1,2105,2103,2114,-1,2107,2115,2116,-1,2107,2105,2115,-1,2109,2116,2117,-1,2109,2107,2116,-1,2101,2117,2100,-1,2101,2109,2117,-1,2114,1266,2110,-1,2114,1237,1266,-1,2111,2114,2110,-1,2115,2114,2111,-1,2112,2115,2111,-1,2116,2115,2112,-1,2117,2112,2113,-1,2117,2116,2112,-1,2100,2113,2098,-1,2100,2117,2113,-1,2118,2096,2119,-1,2118,2094,2096,-1,2120,2119,2121,-1,2120,2118,2119,-1,2122,2121,2123,-1,2122,2120,2121,-1,2124,2123,2125,-1,2124,2122,2123,-1,1171,2125,1133,-1,1171,2124,2125,-1,2126,2094,2118,-1,2126,2097,2094,-1,2127,2118,2120,-1,2127,2126,2118,-1,2128,2120,2122,-1,2128,2127,2120,-1,2129,2122,2124,-1,2129,2128,2122,-1,1162,2124,1171,-1,1162,2129,2124,-1,2130,2096,2095,-1,2119,2096,2130,-1,2121,2130,2131,-1,2121,2119,2130,-1,2123,2131,2132,-1,2123,2121,2131,-1,2125,2132,2133,-1,2125,2123,2132,-1,1133,2133,1134,-1,1133,2125,2133,-1,2126,2095,2097,-1,2130,2095,2126,-1,2127,2130,2126,-1,2131,2130,2127,-1,2128,2131,2127,-1,2132,2128,2129,-1,2132,2131,2128,-1,2133,2132,2129,-1,1134,2129,1162,-1,1134,2133,2129,-1,2134,2135,2136,-1,2137,2135,2134,-1,2138,2139,2140,-1,2138,2140,2141,-1,2142,2140,2143,-1,2142,2141,2140,-1,2144,2143,2145,-1,2144,2142,2143,-1,2146,2144,2145,-1,2147,2146,2148,-1,2147,2144,2146,-1,2149,2147,2148,-1,1278,2148,1282,-1,1278,2149,2148,-1,2150,2141,2142,-1,2150,2138,2141,-1,2151,2142,2144,-1,2151,2150,2142,-1,2147,2151,2144,-1,2152,2151,2147,-1,2153,2147,2149,-1,2153,2152,2147,-1,1283,2149,1278,-1,1283,2153,2149,-1,2143,2140,2139,-1,2143,2139,2154,-1,2155,2143,2154,-1,2145,2143,2155,-1,2146,2155,2156,-1,2146,2145,2155,-1,2148,2156,2157,-1,2148,2146,2156,-1,1282,2157,1303,-1,1282,2148,2157,-1,2150,2139,2138,-1,2154,2139,2150,-1,2151,2154,2150,-1,2155,2154,2151,-1,2156,2151,2152,-1,2156,2155,2151,-1,2157,2152,2153,-1,2157,2156,2152,-1,1303,2153,1283,-1,1303,2157,2153,-1,2158,2134,2136,-1,2159,2134,2158,-1,2160,2158,2161,-1,2160,2159,2158,-1,2162,2161,2163,-1,2162,2160,2161,-1,2164,2163,2165,-1,2164,2162,2163,-1,1182,2165,1174,-1,1182,2164,2165,-1,2166,2136,2135,-1,2158,2136,2166,-1,2167,2158,2166,-1,2161,2158,2167,-1,2163,2167,2168,-1,2163,2161,2167,-1,2165,2168,2169,-1,2165,2163,2168,-1,1174,2169,1178,-1,1174,2165,2169,-1,2170,2134,2159,-1,2170,2137,2134,-1,2171,2159,2160,-1,2171,2170,2159,-1,2172,2160,2162,-1,2172,2171,2160,-1,2173,2162,2164,-1,2173,2172,2162,-1,1200,2164,1182,-1,1200,2173,2164,-1,2170,2135,2137,-1,2166,2135,2170,-1,2171,2166,2170,-1,2167,2166,2171,-1,2172,2167,2171,-1,2168,2167,2172,-1,2173,2168,2172,-1,2169,2168,2173,-1,1178,2173,1200,-1,1178,2169,2173,-1,1025,1327,1325,-1,1025,1325,1023,-1,1328,1026,1024,-1,1328,1024,1326,-1,1031,1329,1332,-1,1031,1030,1329,-1,1339,1038,1034,-1,1339,1034,1335,-1,1373,1071,1070,-1,1373,1070,1372,-1,1060,1358,1357,-1,1060,1357,1056,-1,1042,1047,1349,-1,1042,1349,1343,-1,1039,1340,1338,-1,1039,1338,1037,-1,1043,1348,1345,-1,1043,1046,1348,-1,2174,2175,2176,-1,2174,2176,2177,-1,2174,2177,2178,-1,2179,2178,2180,-1,2179,2180,2181,-1,2179,2181,2182,-1,2179,2174,2178,-1,2183,2182,2184,-1,2183,2179,2182,-1,2185,2183,2184,-1,2186,2187,2183,-1,2186,2183,2185,-1,2188,2189,2187,-1,2188,2187,2186,-1,2190,2191,2189,-1,2190,2189,2188,-1,2192,2193,2194,-1,2192,2194,2191,-1,2192,2191,2190,-1,2195,2196,2193,-1,2195,2193,2192,-1,2197,2198,2196,-1,2197,2196,2195,-1,2199,2198,2197,-1,2200,2199,2197,-1,2201,2199,2200,-1,2202,2201,2200,-1,2203,2201,2202,-1,2204,2202,2205,-1,2204,2203,2202,-1,2206,2204,2205,-1,2206,2205,2207,-1,2208,2206,2207,-1,2209,2207,2210,-1,2209,2208,2207,-1,2211,2210,1348,-1,2211,2209,2210,-1,1046,2211,1348,-1,2212,1045,1347,-1,2212,1347,2213,-1,2214,2213,2215,-1,2214,2212,2213,-1,2216,2217,2218,-1,2216,2218,2219,-1,2216,2219,2220,-1,2221,2222,2217,-1,2221,2217,2216,-1,2223,2220,2224,-1,2223,2224,2225,-1,2223,2225,2226,-1,2223,2216,2220,-1,2227,2226,2228,-1,2227,2223,2226,-1,2229,2214,2215,-1,2230,2231,2222,-1,2230,2222,2221,-1,2232,2215,2233,-1,2232,2229,2215,-1,2234,2235,2231,-1,2234,2231,2230,-1,2236,2233,2237,-1,2236,2232,2233,-1,2238,2235,2234,-1,2239,2236,2237,-1,2240,2235,2238,-1,2240,2241,2235,-1,2242,2239,2237,-1,2242,2237,2243,-1,2244,2241,2240,-1,2244,2245,2241,-1,2246,2242,2243,-1,2246,2243,2245,-1,2247,2246,2245,-1,2247,2245,2244,-1,2248,2228,2249,-1,2248,2227,2228,-1,1045,1346,1347,-1,1045,1044,1346,-1,1084,1387,1085,-1,1085,1387,1385,-1,1374,1077,1073,-1,1378,1077,1374,-1,1074,1375,1069,-1,1069,1375,1371,-1,2250,2251,2252,-1,2251,2253,2252,-1,2254,2255,2251,-1,2256,2255,2254,-1,2251,2255,2253,-1,1081,2257,2256,-1,2256,2257,2255,-1,1081,1382,2257,-1,2258,2259,2260,-1,2260,2259,2261,-1,2261,2259,2262,-1,2258,2263,2259,-1,2264,2265,2258,-1,2258,2265,2263,-1,1383,1082,2264,-1,2264,1082,2265,-1,2266,2250,2267,-1,2266,2267,2268,-1,2262,2251,2250,-1,2262,2266,2269,-1,2262,2259,2251,-1,2262,2250,2266,-1,2270,2269,2271,-1,2270,2262,2269,-1,2252,2272,2273,-1,2273,2272,2274,-1,2260,2261,2253,-1,2253,2261,2252,-1,2272,2261,2275,-1,2252,2261,2272,-1,2275,2276,2277,-1,2261,2276,2275,-1,2275,2269,2272,-1,2272,2269,2266,-1,2265,1081,2256,-1,2265,1082,1081,-1,2263,2256,2254,-1,2263,2265,2256,-1,2259,2254,2251,-1,2259,2263,2254,-1,1383,2264,1382,-1,1382,2264,2257,-1,2257,2258,2255,-1,2264,2258,2257,-1,2255,2260,2253,-1,2258,2260,2255,-1,2087,2044,2047,-1,2089,2047,2046,-1,2089,2087,2047,-1,2088,2046,2045,-1,2088,2089,2046,-1,2086,2045,2012,-1,2086,2088,2045,-1,2014,2086,2012,-1,2049,2091,2090,-1,2049,2048,2091,-1,2050,2090,2092,-1,2050,2049,2090,-1,2051,2092,2093,-1,2051,2050,2092,-1,2015,2093,2013,-1,2015,2051,2093,-1,1256,1258,1154,-1,1256,1154,1153,-1,1257,1153,1152,-1,1257,1256,1153,-1,1259,1152,1155,-1,1259,1257,1152,-1,916,915,920,-1,916,920,919,-1,917,919,921,-1,917,916,919,-1,918,921,922,-1,918,917,921,-1,2267,2250,2252,-1,2267,2252,2273,-1,2268,2273,2274,-1,2268,2267,2273,-1,2266,2274,2272,-1,2266,2268,2274,-1,2269,2275,2277,-1,2271,2269,2277,-1,2270,2277,2276,-1,2270,2271,2277,-1,2262,2276,2261,-1,2262,2270,2276,-1,1075,1053,1376,-1,1376,1053,1354,-1,1354,1050,1351,-1,1053,1050,1354,-1,1351,1048,1350,-1,1050,1048,1351,-1,1373,1353,1071,-1,1071,1353,1052,-1,1052,1352,1051,-1,1353,1352,1052,-1,1051,1344,1049,-1,1352,1344,1051,-1,1070,1068,1372,-1,1372,1068,1370,-1,1370,1066,1368,-1,1068,1066,1370,-1,1368,1038,1339,-1,1066,1038,1368,-1,1034,1033,1335,-1,1335,1033,1334,-1,1334,1032,1333,-1,1033,1032,1334,-1,1333,1031,1332,-1,1032,1031,1333,-1,1331,1329,1030,-1,1331,1030,1028,-1,1330,1028,1029,-1,1330,1331,1028,-1,1328,1029,1026,-1,1328,1330,1029,-1,2278,2279,2280,-1,2278,2281,2279,-1,2282,2283,2248,-1,2282,2280,2283,-1,2282,2278,2280,-1,2249,2282,2248,-1,2284,2285,2286,-1,2287,2284,2286,-1,2288,2286,2289,-1,2288,2289,2176,-1,2288,2287,2286,-1,2175,2288,2176,-1,1047,1054,1349,-1,1349,1054,1355,-1,1355,1055,1356,-1,1054,1055,1355,-1,1356,1056,1357,-1,1055,1056,1356,-1,1341,1340,1039,-1,1341,1039,1041,-1,1342,1041,1040,-1,1342,1341,1041,-1,1343,1040,1042,-1,1343,1342,1040,-1,1024,1022,1326,-1,1326,1022,1323,-1,1323,1021,1324,-1,1022,1021,1323,-1,1324,1023,1325,-1,1021,1023,1324,-1,1025,1035,1327,-1,1327,1035,1336,-1,1336,1036,1337,-1,1035,1036,1336,-1,1337,1037,1338,-1,1036,1037,1337,-1,1060,1061,1358,-1,1358,1061,1359,-1,1359,1062,1360,-1,1061,1062,1359,-1,1360,1063,1362,-1,1062,1063,1360,-1,1080,1079,1381,-1,1381,1079,1380,-1,1380,1078,1379,-1,1079,1078,1380,-1,1379,1077,1378,-1,1078,1077,1379,-1,1073,1065,1374,-1,1374,1065,1367,-1,1367,1067,1369,-1,1065,1067,1367,-1,1369,1069,1371,-1,1067,1069,1369,-1,1074,1076,1375,-1,1375,1076,1377,-1,1377,1086,1384,-1,1076,1086,1377,-1,1384,1085,1385,-1,1086,1085,1384,-1,1084,1087,1387,-1,1387,1087,1388,-1,1388,1088,1389,-1,1087,1088,1388,-1,1389,1083,1386,-1,1088,1083,1389,-1,1930,1932,1970,-1,1935,1970,1972,-1,1935,1930,1970,-1,1936,1972,1973,-1,1936,1935,1972,-1,1937,1973,1971,-1,1937,1936,1973,-1,1934,1937,1971,-1,1978,1933,1931,-1,1978,1931,1942,-1,1977,1942,1941,-1,1977,1978,1942,-1,1975,1941,1940,-1,1975,1977,1941,-1,1976,1940,1939,-1,1976,1975,1940,-1,1295,1298,1191,-1,1191,1298,1194,-1,1194,1301,1197,-1,1298,1301,1194,-1,1197,1281,1177,-1,1301,1281,1197,-1,1188,1173,1292,-1,1292,1173,1277,-1,1277,1172,1276,-1,1173,1172,1277,-1,1276,1170,1275,-1,1172,1170,1276,-1,1130,1126,1233,-1,1233,1126,1230,-1,1230,1124,1228,-1,1126,1124,1230,-1,1228,1129,1232,-1,1124,1129,1228,-1,1243,1241,1139,-1,1139,1241,1138,-1,1138,1240,1137,-1,1241,1240,1138,-1,1137,1239,1136,-1,1240,1239,1137,-1,1117,1125,1220,-1,1220,1125,1227,-1,1227,1127,1229,-1,1125,1127,1227,-1,1229,1128,1231,-1,1127,1128,1229,-1,1216,1215,1113,-1,1113,1215,1112,-1,1112,1213,1109,-1,1215,1213,1112,-1,1109,1217,1114,-1,1213,1217,1109,-1,1222,1223,1119,-1,1119,1223,1120,-1,1120,1225,1121,-1,1223,1225,1120,-1,1121,1226,1123,-1,1225,1226,1121,-1,1165,1166,1268,-1,1268,1166,1267,-1,1267,1167,1269,-1,1166,1167,1267,-1,1269,1149,1253,-1,1167,1149,1269,-1,1925,1909,1908,-1,1925,1908,1928,-1,1926,1928,1929,-1,1926,1925,1928,-1,1924,1929,1927,-1,1924,1926,1929,-1,1775,1774,1781,-1,1775,1781,1780,-1,1776,1780,1782,-1,1776,1775,1780,-1,1766,1782,1765,-1,1766,1776,1782,-1,1777,1761,1760,-1,1777,1760,1783,-1,1778,1783,1784,-1,1778,1777,1783,-1,1779,1784,1785,-1,1779,1778,1784,-1,453,452,497,-1,497,452,496,-1,496,469,475,-1,475,469,476,-1,452,469,496,-1,469,474,476,-1,469,591,592,-1,589,591,469,-1,452,587,589,-1,452,589,469,-1,600,587,452,-1,587,598,583,-1,587,600,598,-1,2290,475,2291,-1,2290,586,475,-1,583,496,586,-1,586,496,475,-1,583,598,496,-1,552,2292,2293,-1,2294,2292,552,-1,535,2295,2294,-1,535,2294,552,-1,2296,2295,535,-1,2295,2297,2298,-1,2295,2296,2297,-1,2299,512,2300,-1,2299,2301,512,-1,2298,533,2301,-1,2301,533,512,-1,2298,2297,533,-1,536,535,534,-1,534,535,533,-1,533,552,512,-1,535,552,533,-1,512,557,513,-1,552,557,512,-1,2302,2303,2304,-1,2305,2303,2302,-1,2306,2303,2305,-1,2307,2306,2305,-1,2308,2306,2307,-1,2309,2310,2302,-1,2309,2302,2304,-1,717,2310,2309,-1,717,2311,2310,-1,717,732,2311,-1,732,2312,2311,-1,732,2313,2312,-1,2314,732,2306,-1,734,732,2314,-1,2306,717,2303,-1,732,717,2306,-1,2303,716,2315,-1,717,716,2303,-1,742,711,738,-1,711,709,738,-1,738,694,759,-1,709,694,738,-1,759,693,760,-1,694,693,759,-1,2316,759,2317,-1,2318,759,2316,-1,738,759,2318,-1,2319,738,2318,-1,2320,738,2319,-1,2321,2322,2316,-1,2321,2316,2317,-1,694,2322,2321,-1,694,2323,2322,-1,694,709,2323,-1,709,2324,2323,-1,709,2325,2324,-1,2306,2326,2327,-1,2306,2327,2328,-1,2306,2328,2314,-1,2329,2326,2306,-1,2330,2306,2331,-1,2330,2329,2306,-1,2332,2330,2331,-1,2333,2331,2334,-1,2333,2332,2331,-1,2335,2333,2334,-1,2336,2334,2337,-1,2336,2335,2334,-1,2338,2336,2337,-1,2339,2337,2340,-1,2339,2338,2337,-1,2341,2339,2340,-1,2342,2340,2343,-1,2342,2341,2340,-1,2344,2343,2303,-1,2344,2342,2343,-1,2315,2344,2303,-1,2345,2314,2346,-1,2347,1473,734,-1,2347,734,2314,-1,2347,2314,2345,-1,2304,2348,2349,-1,2350,2309,2349,-1,2349,2309,2304,-1,2304,2303,2348,-1,2303,2343,2348,-1,2309,2351,717,-1,717,2351,718,-1,2350,2351,2309,-1,2343,2340,2348,-1,2348,2340,2352,-1,2340,2337,2352,-1,2352,2334,2353,-1,2337,2334,2352,-1,2334,2331,2353,-1,2331,2354,2353,-1,2331,2306,2354,-1,2306,2308,2354,-1,2354,2307,2355,-1,2308,2307,2354,-1,2307,2305,2355,-1,718,2351,720,-1,720,2356,723,-1,2351,2356,720,-1,2356,726,723,-1,726,2357,729,-1,2356,2357,726,-1,732,2358,2313,-1,729,2358,732,-1,2357,2358,729,-1,2358,2312,2313,-1,2312,2359,2311,-1,2358,2359,2312,-1,2305,2302,2355,-1,2355,2302,2360,-1,2359,2310,2311,-1,2359,2361,2310,-1,2361,2360,2302,-1,2361,2302,2310,-1,2315,2362,2363,-1,716,2364,2362,-1,716,2362,2315,-1,2344,2315,2363,-1,1465,716,715,-1,1465,2364,716,-1,2342,2344,2363,-1,2342,2363,2365,-1,2341,2342,2365,-1,2339,2365,2366,-1,2339,2341,2365,-1,2338,2339,2366,-1,2336,2338,2366,-1,2367,2336,2366,-1,2335,2336,2367,-1,2333,2367,2368,-1,2333,2335,2367,-1,2332,2368,2369,-1,2332,2333,2368,-1,2330,2332,2369,-1,2329,2369,2370,-1,2329,2330,2369,-1,2326,2329,2370,-1,2371,2326,2370,-1,2327,2326,2371,-1,2328,2327,2371,-1,2346,2328,2371,-1,2314,2328,2346,-1,513,451,1888,-1,557,450,451,-1,557,451,513,-1,1851,450,557,-1,531,533,1876,-1,533,2297,1876,-1,538,1859,535,-1,2297,1787,1876,-1,1859,2296,535,-1,2297,2296,1787,-1,1859,1788,2296,-1,2296,1788,1787,-1,538,540,1859,-1,1859,540,1855,-1,540,543,1855,-1,1855,546,1852,-1,543,546,1855,-1,546,549,1852,-1,549,1846,1852,-1,549,552,1846,-1,552,2293,1846,-1,1846,2292,1850,-1,2293,2292,1846,-1,2292,2294,1850,-1,531,1876,528,-1,528,1878,525,-1,1876,1878,528,-1,1878,522,525,-1,522,1881,519,-1,1878,1881,522,-1,512,1884,2300,-1,519,1884,512,-1,1881,1884,519,-1,1884,2299,2300,-1,2299,1887,2301,-1,1884,1887,2299,-1,2298,1887,1889,-1,2298,2301,1887,-1,2295,1850,2294,-1,1861,1850,2295,-1,1889,1861,2295,-1,1889,2295,2298,-1,534,532,1875,-1,1874,534,1875,-1,1860,537,536,-1,1867,536,534,-1,1867,1860,536,-1,1867,534,1874,-1,539,537,1860,-1,539,1860,1857,-1,541,539,1857,-1,542,1857,1856,-1,542,541,1857,-1,544,542,1856,-1,545,544,1856,-1,1854,545,1856,-1,547,545,1854,-1,548,1854,1853,-1,548,547,1854,-1,550,1853,1849,-1,550,548,1853,-1,551,550,1849,-1,553,1849,1848,-1,553,551,1849,-1,554,553,1848,-1,1847,554,1848,-1,555,554,1847,-1,556,555,1847,-1,1851,556,1847,-1,557,556,1851,-1,1875,532,530,-1,1877,530,529,-1,1877,1875,530,-1,527,1877,529,-1,1879,527,526,-1,1879,1877,527,-1,1880,524,523,-1,1880,526,524,-1,1880,1879,526,-1,1882,523,521,-1,1882,1880,523,-1,1883,521,520,-1,1883,1882,521,-1,518,1883,520,-1,1885,518,517,-1,1885,1883,518,-1,516,1885,517,-1,1886,516,515,-1,1886,1885,516,-1,514,1886,515,-1,1888,514,513,-1,1888,1886,514,-1,586,2290,584,-1,2290,680,584,-1,2290,2291,680,-1,2291,475,680,-1,680,482,677,-1,475,482,680,-1,482,485,677,-1,485,674,677,-1,485,488,674,-1,674,491,597,-1,488,491,674,-1,491,494,597,-1,477,476,633,-1,682,477,633,-1,478,477,682,-1,479,478,682,-1,681,479,682,-1,480,479,681,-1,481,480,681,-1,679,481,681,-1,483,481,679,-1,484,679,678,-1,484,483,679,-1,486,678,676,-1,486,484,678,-1,487,486,676,-1,489,676,675,-1,489,487,676,-1,490,489,675,-1,673,490,675,-1,492,490,673,-1,493,673,622,-1,493,492,673,-1,495,493,622,-1,1874,1868,1867,-1,1874,1873,1868,-1,1868,1872,1869,-1,1873,1872,1868,-1,1869,1871,1870,-1,1872,1871,1869,-1,1870,1147,1154,-1,1871,1147,1870,-1,1234,1232,1132,-1,1132,1232,1129,-1,1292,1295,1188,-1,1188,1295,1191,-1,1220,1219,1117,-1,1117,1219,1116,-1,1226,1253,1123,-1,1123,1253,1149,-1,1362,1063,1075,-1,1362,1075,1376,-1,2228,2281,2249,-1,2249,2281,2282,-1,2282,2281,2278,-1,2177,2285,2228,-1,2228,2285,2281,-1,2177,2176,2285,-1,2285,2289,2286,-1,2176,2289,2285,-1,2280,2248,2283,-1,2279,2227,2248,-1,2279,2248,2280,-1,2284,2175,2174,-1,2284,2174,2227,-1,2284,2227,2279,-1,2287,2175,2284,-1,2288,2175,2287,-1,2284,2279,2285,-1,2285,2279,2281,-1,1044,1049,1346,-1,1346,1049,1344,-1,1048,1345,1350,-1,1048,1043,1345,-1,1383,1083,1082,-1,1386,1083,1383,-1,1382,1081,1381,-1,1381,1081,1080,-1,1347,1348,2213,-1,2213,2210,2215,-1,1348,2210,2213,-1,2215,2207,2233,-1,2210,2207,2215,-1,2233,2205,2237,-1,2207,2205,2233,-1,2205,2202,2237,-1,2243,2200,2245,-1,2237,2200,2243,-1,2202,2200,2237,-1,2245,2197,2241,-1,2200,2197,2245,-1,2197,2195,2241,-1,2241,2192,2235,-1,2195,2192,2241,-1,2235,2190,2231,-1,2192,2190,2235,-1,2231,2188,2222,-1,2190,2188,2231,-1,2177,2228,2226,-1,2178,2226,2225,-1,2178,2177,2226,-1,2180,2225,2224,-1,2180,2178,2225,-1,2181,2224,2220,-1,2181,2180,2224,-1,2182,2220,2219,-1,2182,2181,2220,-1,2184,2219,2218,-1,2184,2182,2219,-1,2185,2218,2217,-1,2185,2184,2218,-1,2186,2185,2217,-1,2188,2217,2222,-1,2188,2186,2217,-1,2211,1046,1045,-1,2211,1045,2212,-1,2209,2212,2214,-1,2209,2211,2212,-1,2208,2214,2229,-1,2208,2209,2214,-1,2206,2229,2232,-1,2206,2208,2229,-1,2204,2232,2236,-1,2204,2206,2232,-1,2203,2236,2239,-1,2203,2204,2236,-1,2201,2239,2242,-1,2201,2203,2239,-1,2199,2242,2246,-1,2199,2201,2242,-1,2198,2246,2247,-1,2198,2199,2246,-1,2196,2247,2244,-1,2196,2198,2247,-1,2193,2244,2240,-1,2193,2196,2244,-1,2194,2240,2238,-1,2194,2193,2240,-1,2191,2238,2234,-1,2191,2194,2238,-1,2189,2234,2230,-1,2189,2191,2234,-1,2187,2230,2221,-1,2187,2189,2230,-1,2174,2179,2227,-1,2227,2179,2223,-1,2223,2183,2216,-1,2179,2183,2223,-1,2216,2187,2221,-1,2183,2187,2216,-1,1845,1797,1796,-1,1845,1844,1797,-1,1895,1796,1858,-1,1895,1845,1796,-1,1894,1858,1862,-1,1894,1895,1858,-1,1893,1894,1862,-1,1864,1893,1862,-1,1892,1893,1864,-1,1866,1892,1864,-1,1891,1866,1865,-1,1891,1892,1866,-1,1890,1865,1863,-1,1890,1891,1865,-1,1889,1863,1861,-1,1889,1890,1863,-1,668,590,585,-1,668,585,683,-1,671,683,685,-1,671,668,683,-1,672,671,685,-1,687,672,685,-1,670,672,687,-1,689,670,687,-1,666,689,690,-1,666,670,689,-1,664,690,691,-1,664,666,690,-1,661,691,662,-1,661,664,691,-1,571,662,559,-1,571,661,662,-1,604,1221,614,-1,614,1221,1118,-1,2372,2373,2374,-1,2372,2375,2373,-1,2376,2374,2377,-1,2376,2372,2374,-1,2378,2377,2379,-1,2378,2376,2377,-1,2380,2378,2379,-1,2381,2380,2379,-1,2382,2380,2381,-1,2383,2382,2381,-1,2384,2383,2385,-1,2384,2382,2383,-1,2386,2385,2387,-1,2386,2384,2385,-1,2361,2387,2360,-1,2361,2386,2387,-1,2388,2389,2390,-1,2390,2389,2391,-1,2389,2392,2391,-1,2389,2393,2392,-1,2393,2394,2392,-1,2393,2395,2394,-1,2395,2396,2394,-1,2395,2397,2396,-1,2397,2345,2396,-1,2397,2347,2345,-1,1147,1249,612,-1,612,1249,603,-1,634,684,632,-1,634,669,684,-1,669,686,684,-1,669,667,686,-1,667,688,686,-1,667,665,688,-1,665,663,688,-1,665,660,663,-1,663,648,635,-1,660,648,663,-1,871,822,824,-1,871,864,822,-1,864,820,822,-1,864,868,820,-1,868,817,820,-1,868,873,817,-1,873,814,817,-1,873,762,814,-1,814,761,811,-1,762,761,814,-1,440,1826,1829,-1,440,1829,1831,-1,440,1831,1832,-1,440,1832,1834,-1,440,1834,1836,-1,440,1836,1838,-1,440,1838,1840,-1,440,1840,1843,-1,1824,1826,440,-1,1822,1824,440,-1,1821,1822,440,-1,442,1799,1800,-1,442,1800,1802,-1,442,1802,1804,-1,442,1804,1806,-1,442,1806,1808,-1,442,1808,1810,-1,442,1810,1812,-1,442,1812,1815,-1,442,1815,1816,-1,442,1816,1818,-1,442,1818,1821,-1,442,1821,440,-1,1807,1805,1809,-1,1805,1803,1809,-1,1798,1797,1801,-1,1801,1797,1803,-1,1809,1797,1811,-1,1811,1797,1813,-1,1813,1797,1814,-1,1814,1797,1817,-1,1817,1797,1819,-1,1819,1797,1820,-1,1820,1797,1823,-1,1823,1797,1825,-1,1825,1797,1827,-1,1827,1797,1828,-1,1828,1797,1830,-1,1830,1797,1833,-1,1833,1797,1835,-1,1835,1797,1837,-1,1837,1797,1839,-1,1839,1797,1841,-1,1841,1797,1842,-1,1842,1797,1844,-1,1803,1797,1809,-1,949,368,1400,-1,1400,368,370,-1,366,359,367,-1,367,359,358,-1,390,1401,391,-1,390,950,1401,-1,402,410,400,-1,402,408,410,-1,211,210,292,-1,211,292,294,-1,1718,259,253,-1,253,259,254,-1,254,259,257,-1,1718,1667,259,-1,244,251,1667,-1,1667,251,259,-1,251,247,248,-1,244,247,251,-1,1707,1678,1676,-1,1707,1712,1678,-1,1708,1676,1675,-1,1708,1707,1676,-1,1709,1675,1674,-1,1709,1708,1675,-1,1710,1674,1672,-1,1710,1709,1674,-1,1714,1672,1671,-1,1714,1710,1672,-1,1715,1670,1668,-1,1715,1671,1670,-1,1715,1714,1671,-1,1716,1668,1667,-1,1716,1715,1668,-1,1718,1716,1667,-1,1712,1721,1678,-1,1678,1721,1680,-1,1680,1725,1682,-1,1721,1725,1680,-1,1682,1731,1685,-1,1725,1731,1682,-1,1685,1735,1687,-1,1731,1735,1685,-1,1687,1733,1690,-1,1735,1733,1687,-1,1692,1727,1695,-1,1690,1727,1692,-1,1733,1727,1690,-1,1727,1723,1695,-1,1697,1705,1700,-1,1695,1705,1697,-1,1723,1705,1695,-1,1705,1703,1700,-1,1700,1365,1366,-1,1703,1365,1700,-1,258,1717,252,-1,258,252,255,-1,258,255,256,-1,250,1666,1717,-1,250,1717,258,-1,245,1666,250,-1,246,250,249,-1,246,245,250,-1,1711,1706,1677,-1,1677,1706,1673,-1,1673,1713,1669,-1,1706,1713,1673,-1,1669,1717,1666,-1,1713,1717,1669,-1,1720,1711,1677,-1,1720,1677,1679,-1,1724,1679,1681,-1,1724,1720,1679,-1,1728,1681,1684,-1,1728,1724,1681,-1,1730,1684,1683,-1,1730,1728,1684,-1,1734,1683,1686,-1,1734,1730,1683,-1,1737,1686,1688,-1,1737,1734,1686,-1,1736,1688,1689,-1,1736,1737,1688,-1,1732,1689,1691,-1,1732,1736,1689,-1,1729,1691,1693,-1,1729,1732,1691,-1,1726,1693,1694,-1,1726,1729,1693,-1,1722,1694,1696,-1,1722,1726,1694,-1,1719,1696,1698,-1,1719,1722,1696,-1,1704,1699,1701,-1,1704,1698,1699,-1,1704,1719,1698,-1,1702,1704,1701,-1,1059,1701,1057,-1,1059,1702,1701,-1,214,1064,212,-1,212,1064,1363,-1,250,259,251,-1,250,258,259,-1,1364,204,206,-1,1058,204,1364,-1,1392,306,1089,-1,307,306,1392,-1,760,841,858,-1,760,858,860,-1,693,841,760,-1,758,760,860,-1,839,693,692,-1,839,841,693,-1,741,881,742,-1,884,741,740,-1,884,881,741,-1,739,884,740,-1,883,739,743,-1,883,884,739,-1,879,744,746,-1,879,743,744,-1,879,883,743,-1,878,746,747,-1,878,879,746,-1,876,747,749,-1,876,878,747,-1,750,876,749,-1,875,752,753,-1,875,750,752,-1,875,876,750,-1,862,755,756,-1,862,753,755,-1,862,875,753,-1,860,756,758,-1,860,862,756,-1,710,711,826,-1,828,710,826,-1,713,710,828,-1,714,713,828,-1,830,714,828,-1,712,714,830,-1,708,712,830,-1,831,708,830,-1,707,708,831,-1,705,831,833,-1,705,707,831,-1,704,833,834,-1,704,705,833,-1,702,704,834,-1,701,834,836,-1,701,702,834,-1,699,701,836,-1,837,699,836,-1,698,699,837,-1,696,837,839,-1,696,698,837,-1,692,696,839,-1,2317,861,859,-1,840,2321,859,-1,859,2321,2317,-1,2317,759,861,-1,759,757,861,-1,2321,838,694,-1,694,838,695,-1,840,838,2321,-1,2318,882,2319,-1,2320,880,738,-1,2319,880,2320,-1,882,880,2319,-1,880,745,738,-1,745,877,748,-1,880,877,745,-1,751,863,754,-1,748,863,751,-1,877,863,748,-1,754,861,757,-1,863,861,754,-1,2323,2324,827,-1,2324,829,827,-1,2324,2325,829,-1,2325,709,829,-1,829,706,832,-1,709,706,829,-1,706,703,832,-1,703,835,832,-1,703,700,835,-1,835,697,838,-1,700,697,835,-1,697,695,838,-1,2318,2316,882,-1,882,2316,872,-1,827,2322,2323,-1,827,825,2322,-1,825,872,2316,-1,825,2316,2322,-1,871,742,881,-1,711,742,871,-1,824,826,711,-1,824,711,871,-1,2398,2350,2349,-1,2398,2349,2399,-1,2400,2398,2399,-1,2401,2398,2400,-1,2402,2401,2400,-1,2403,2401,2402,-1,2404,2403,2402,-1,2405,2403,2404,-1,887,2404,886,-1,887,2405,2404,-1,2390,2391,2374,-1,2390,2374,2373,-1,2406,2390,2373,-1,2407,2390,2406,-1,2408,2406,2409,-1,2408,2407,2406,-1,2410,2409,2411,-1,2410,2408,2409,-1,2412,2411,2413,-1,2412,2410,2411,-1,2414,2413,2415,-1,2414,2412,2413,-1,2416,2415,2417,-1,2416,2414,2415,-1,2418,2417,2419,-1,2418,2416,2417,-1,2420,2419,2421,-1,2420,2418,2419,-1,2422,2421,2423,-1,2422,2420,2421,-1,2424,2422,2423,-1,2425,2422,2424,-1,2426,2425,2424,-1,2426,2424,2427,-1,2428,2426,2427,-1,2428,2427,2429,-1,2430,2428,2429,-1,2430,2429,2431,-1,2432,2430,2431,-1,2433,2430,2432,-1,2434,2433,2432,-1,2434,2432,2435,-1,2436,2434,2435,-1,2437,2434,2436,-1,2438,2437,2436,-1,2438,2436,2439,-1,2440,2438,2439,-1,2440,2439,2441,-1,2442,2440,2441,-1,2442,2441,2443,-1,2444,2442,2443,-1,2444,2443,2445,-1,2446,2444,2445,-1,2446,2445,2447,-1,2448,2446,2447,-1,2448,2447,2449,-1,2450,2448,2449,-1,2450,2449,2451,-1,2388,2451,2375,-1,2388,2450,2451,-1,2372,2388,2375,-1,2389,2388,2372,-1,885,886,2404,-1,2452,2404,2402,-1,2452,885,2404,-1,2453,2402,2400,-1,2453,2452,2402,-1,2454,2400,2399,-1,2454,2453,2400,-1,2362,2399,2349,-1,2362,2454,2399,-1,2363,2349,2348,-1,2363,2362,2349,-1,2365,2348,2352,-1,2365,2363,2348,-1,2396,2387,2385,-1,2396,2385,2383,-1,2394,2383,2381,-1,2394,2381,2379,-1,2394,2396,2383,-1,2345,2360,2387,-1,2345,2387,2396,-1,2392,2379,2377,-1,2392,2394,2379,-1,2366,2365,2352,-1,2391,2377,2374,-1,2391,2392,2377,-1,2367,2366,2352,-1,2367,2352,2353,-1,2368,2367,2353,-1,2369,2353,2354,-1,2369,2368,2353,-1,2346,2355,2360,-1,2346,2360,2345,-1,2370,2369,2354,-1,2371,2370,2354,-1,2371,2355,2346,-1,2371,2354,2355,-1,2389,2372,2376,-1,2389,2376,2378,-1,2393,2378,2380,-1,2393,2389,2378,-1,2382,2393,2380,-1,2395,2393,2382,-1,2384,2395,2382,-1,2397,2395,2384,-1,2386,2397,2384,-1,2347,2397,2386,-1,2361,2347,2386,-1,1473,2347,2361,-1,2359,1473,2361,-1,1472,1473,2359,-1,2358,1472,2359,-1,1471,1472,2358,-1,1470,2358,2357,-1,1470,1471,2358,-1,1469,1470,2357,-1,1468,2357,2356,-1,1468,1469,2357,-1,1467,1468,2356,-1,1466,2356,2351,-1,1466,1467,2356,-1,1465,2351,2350,-1,1465,1466,2351,-1,2364,2350,2398,-1,2364,1465,2350,-1,2455,2364,2398,-1,2455,2398,2401,-1,2456,2455,2401,-1,2456,2401,2403,-1,2457,2456,2403,-1,2457,2403,2405,-1,888,2457,2405,-1,888,2405,887,-1,1525,1503,1524,-1,1503,1495,1524,-1,1504,1496,1503,-1,1503,1496,1495,-1,1504,1497,1496,-1,1505,1498,1504,-1,1504,1498,1497,-1,1501,1500,1506,-1,1506,1500,1505,-1,1500,1499,1505,-1,1505,1499,1498,-1,2415,2419,2417,-1,2419,2424,2421,-1,2421,2424,2423,-1,2427,2431,2429,-1,2432,2436,2435,-1,2436,2441,2439,-1,2447,2445,2449,-1,2373,2443,2406,-1,2406,2443,2409,-1,2409,2443,2411,-1,2411,2443,2413,-1,2413,2443,2415,-1,2424,2443,2427,-1,2431,2443,2432,-1,2449,2443,2451,-1,2451,2443,2375,-1,2375,2443,2373,-1,2415,2443,2419,-1,2419,2443,2424,-1,2427,2443,2431,-1,2432,2443,2436,-1,2436,2443,2441,-1,2445,2443,2449,-1,2408,2390,2407,-1,2410,2390,2408,-1,2412,2390,2410,-1,2414,2390,2412,-1,2416,2390,2414,-1,2418,2390,2416,-1,2420,2390,2418,-1,2422,2390,2420,-1,2425,2390,2422,-1,2426,2390,2425,-1,2428,2390,2426,-1,2388,2428,2430,-1,2388,2430,2433,-1,2388,2390,2428,-1,2434,2388,2433,-1,2437,2388,2434,-1,2448,2450,2388,-1,2438,2388,2437,-1,2446,2448,2388,-1,2440,2388,2438,-1,2444,2446,2388,-1,2442,2388,2440,-1,2442,2444,2388,-1,2364,2454,2362,-1,2364,2455,2454,-1,2455,2453,2454,-1,2455,2456,2453,-1,2456,2452,2453,-1,2456,2457,2452,-1,2452,888,885,-1,2457,888,2452,-1,849,852,175,-1,175,852,847,-1,847,854,845,-1,852,854,847,-1,845,856,843,-1,854,856,845,-1,843,858,841,-1,856,858,843,-1,785,781,784,-1,789,785,787,-1,796,792,793,-1,799,796,797,-1,803,805,807,-1,801,761,766,-1,801,766,767,-1,801,767,769,-1,801,769,771,-1,801,771,773,-1,801,773,775,-1,801,775,777,-1,801,777,779,-1,801,779,781,-1,801,789,792,-1,801,807,809,-1,801,809,811,-1,801,811,761,-1,801,781,785,-1,801,785,789,-1,801,796,799,-1,801,792,796,-1,801,803,807            ]
            ccw TRUE
          }
        }
        Shape {
          appearance DEF M2 Appearance {
            material Material {
              diffuseColor 0.94902 0.94902 0.94902
              specularColor 0.05 0.05 0.05
              shininess 0.5
            }
          }
          geometry IndexedFaceSet {
            coord Coordinate {
              point [
4.3499999 -3.17000008 -0.16500001,4.3499999 -3.17000008 -2.57999992,4.0999999 -3.17000008 -2.57999992,4.0999999 -3.17000008 -0.16500001,-2.6500001 5.32999992 -0.16500001,-2.6500001 5.57999992 -2.57999992,-2.6500001 5.32999992 -2.57999992,-2.6500001 5.57999992 -0.16500001,4.0999999 -4.1500001 -0.16500001,4.0999999 -5.42000008 -2.57999992,4.0999999 -5.42000008 -0.16500001,4.0999999 -2.92000008 6.82000017,4.0999999 -2.92000008 -0.16500001,4.0999999 -4.1500001 6.82000017,-5.30000019 -2.3499999 7.95499992,-4.19999981 -2.3499999 -0.16500001,-5.30000019 -2.3499999 -0.16500001,5.30000019 -2.3499999 7.95499992,4.19999981 -2.3499999 -0.16500001,5.30000019 -2.3499999 -0.16500001,-4.19999981 -1.77499998 -0.96499997,-4.19999981 -1.77499998 -1.96500003,-4.19999981 -1.39999998 -1.96500003,-4.19999981 -1.39999998 -0.16500001,-5.30000019 -3.95000005 8.15499973,5.30000019 -2.54999995 8.15499973,-5.30000019 -2.54999995 8.15499973,5.30000019 -3.95000005 8.15499973,-4.0999999 -4.1500001 -0.16500001,-4.0999999 -4.1500001 6.82000017,-5.5 -4.1500001 -0.16500001,-5.5 -4.1500001 7.95499992,-2.9000001 -4.1500001 6.82000017,-1.60000002 -4.1500001 -0.16500001,-1.60000002 -4.1500001 6.82000017,-2.9000001 -4.1500001 -0.16500001,-0.40000001 -4.1500001 6.82000017,0.40000001 -4.1500001 -0.16500001,0.40000001 -4.1500001 6.82000017,-0.40000001 -4.1500001 -0.16500001,2.9000001 -4.1500001 -0.16500001,2.9000001 -4.1500001 6.82000017,1.60000002 -4.1500001 -0.16500001,1.60000002 -4.1500001 6.82000017,5.5 -4.1500001 -0.16500001,5.5 -4.1500001 7.95499992,-4.4000001 -7.11999989 4.7249999,-4.4000001 -7.11999989 -0.16500001,-5.5 -7.11999989 4.7249999,-5.5 -7.11999989 -0.16500001,2.45000005 -8.22000027 4.7249999,2.45000005 -7.82000017 4.7249999,1.95000005 -8.22000027 4.7249999,1.95000005 -7.82000017 4.7249999,1.95000005 -7.32000017 4.7249999,1 -7.82000017 4.7249999,1 -7.11999989 4.7249999,1.95000005 -7.11999989 4.7249999,4.8499999 -8.22000027 4.7249999,4.8499999 -7.82000017 4.7249999,4.3499999 -8.22000027 4.7249999,4.3499999 -7.82000017 4.7249999,4.4000001 -7.32000017 4.7249999,5.5 -7.11999989 4.7249999,4.4000001 -7.11999989 4.7249999,5.5 -7.82000017 4.7249999,4.8499999 -8.22000027 -8.04500008,4.3499999 -8.22000027 -8.04500008,-1.52499998 -5.82000017 -8.04500008,-2.45000005 -7.82000017 -8.04500008,-2.9749999 -5.82000017 -8.04500008,-2.9749999 -7.82000017 -8.04500008,-1.95000005 -7.82000017 -8.04500008,-1.95000005 -8.22000027 -8.04500008,-2.45000005 -8.22000027 -8.04500008,-1.52499998 -7.82000017 -8.04500008,4.19999981 6.82000017 -0.36500001,4.75 6.82000017 -3.81500006,4.19999981 6.82000017 -3.81500006,6.05000019 6.82000017 -0.36500001,6.05000019 6.82000017 -8.04500008,4.75 6.82000017 -8.04500008,4.75 6.21999979 -6.82999992,-4.75 6.21999979 -6.82999992,-4.75 6.42000008 -6.63000011,4.75 6.42000008 -6.63000011,5.44142151 6.04142141 8.1135788,5.30000019 5.9000001 8.25500011,5.46629381 6.01111412 8.08870602,5.48477602 5.97653675 8.07022381,5.49615717 5.93901825 8.05884266,5.5 5.9000001 8.05500031,5.30000019 4.5 8.25500011,5.5 4.30000019 8.05500031,-5.30000019 4.5 8.25500011,-5.5 4.30000019 8.05500031,-5.44142151 6.04142141 8.1135788,-5.30000019 5.9000001 8.25500011,-5.41111422 6.06629372 8.08870602,-5.37653685 6.08477592 8.07022381,-5.33901787 6.09615707 8.05884266,-5.30000019 6.0999999 8.05500031,5.30000019 6.0999999 8.05500031,5.33901787 6.09615707 8.05884266,5.37653685 6.08477592 8.07022381,5.41111422 6.06629372 8.08870602,-5.5 5.9000001 8.05500031,-5.49615717 5.93901825 8.05884266,-5.48477602 5.97653675 8.07022381,-5.46629381 6.01111412 8.08870602,5.5 -2.54999995 7.95499992,5.49615717 -2.51098204 7.95884275,5.48477602 -2.4734633 7.9702239,5.46629381 -2.43888593 7.98870611,5.44142151 -2.40857863 8.01357841,-5.44142151 -2.40857863 8.01357841,-5.41111422 -2.38370609 7.98870611,-5.37653685 -2.36522412 7.9702239,-5.33901787 -2.35384297 7.95884275,5.33901787 -2.35384297 7.95884275,5.37653685 -2.36522412 7.9702239,5.41111422 -2.38370609 7.98870611,-5.46629381 -2.43888593 7.98870611,-5.48477602 -2.4734633 7.9702239,-5.49615717 -2.51098204 7.95884275,-5.5 -2.54999995 7.95499992,-5.5 5.9000001 -0.16500001,-5.49021149 5.96180344 -0.16500001,-5.46180344 6.01755714 -0.16500001,-5.41755724 6.06180334 -0.16500001,-5.36180353 6.09021139 -0.16500001,-5.30000019 6.0999999 -0.16500001,6.24021149 -7.82000017 -0.30319661,6.25 -7.82000017 -0.36500001,6.25 -1.39999998 -0.36500001,6.24021149 -1.39999998 -0.30319661,6.21180344 -7.82000017 -0.24744295,6.21180344 -1.39999998 -0.24744295,6.16755724 -1.39999998 -0.2031966,6.16755724 -7.82000017 -0.2031966,6.11180353 -7.82000017 -0.1747887,6.11180353 -1.39999998 -0.1747887,6.05000019 -7.82000017 -0.16500001,6.05000019 -1.39999998 -0.16500001,-6.25 -1.39999998 -0.36500001,-6.25 -7.82000017 -0.36500001,-6.24021149 -7.82000017 -0.30319661,-6.24021149 -1.39999998 -0.30319661,-6.21180344 -1.39999998 -0.24744295,-6.21180344 -7.82000017 -0.24744295,-6.16755724 -1.39999998 -0.2031966,-6.16755724 -7.82000017 -0.2031966,-6.11180353 -1.39999998 -0.1747887,-6.11180353 -7.82000017 -0.1747887,-6.05000019 -1.39999998 -0.16500001,-6.05000019 -7.82000017 -0.16500001,-6.24021149 6.68180323 -8.04500008,-6.25 6.61999989 -0.36500001,-6.24021149 6.68180323 -0.36500001,-6.25 6.61999989 -8.04500008,-6.21180344 6.73755693 -8.04500008,-6.21180344 6.73755693 -0.36500001,-6.16755724 6.78180361 -8.04500008,-6.16755724 6.78180361 -0.36500001,-6.11180353 6.81021118 -0.36500001,-6.11180353 6.81021118 -8.04500008,-6.05000019 6.82000017 -0.36500001,-6.05000019 6.82000017 -8.04500008,-6.24153233 6.6717639 -0.33978426,-6.24021149 6.61999989 -0.30319661,-6.22847986 6.6717639 -0.29107124,-6.21180344 6.61999989 -0.24744295,-6.20326424 6.6717639 -0.24739632,-6.21730328 6.71999979 -0.32017124,-6.16760349 6.6717639 -0.2117359,-6.16755724 6.61999989 -0.2031966,-6.19999981 6.71999979 -0.27839747,-6.1902113 6.7614212 -0.34654081,-6.12392855 6.6717639 -0.18652017,-6.11180353 6.61999989 -0.1747887,-6.17247438 6.71999979 -0.24252552,-6.18065643 6.7614212 -0.31088039,-6.07521582 6.6717639 -0.17346756,-6.05000019 6.61999989 -0.16500001,-6.05000019 6.68180323 -0.1747887,-6.1366024 6.71999979 -0.215,-6.16219711 6.7614212 -0.27890813,-6.14659262 6.79320526 -0.33911809,-6.09482861 6.71999979 -0.19769675,-6.05000019 6.73755693 -0.2031966,-6.13609171 6.7614212 -0.25280291,-6.1366024 6.79320526 -0.315,-6.10132074 6.81318521 -0.35824347,-6.10411978 6.7614212 -0.23434371,-6.12071085 6.79320526 -0.29428932,-6.09782362 6.81318521 -0.34519085,-6.06845903 6.7614212 -0.22478852,-6.05000019 6.78180361 -0.24744295,-6.0999999 6.79320526 -0.27839747,-6.09106684 6.81318521 -0.3334882,-6.07588196 6.79320526 -0.2684074,-6.05000019 6.81021118 -0.30319661,-6.08151197 6.81318521 -0.32393301,-6.06980896 6.81318521 -0.31717649,-6.0567565 6.81318521 -0.31367904,-6.25 1.39999998 -0.36500001,-6.24021149 1.39999998 -0.30319661,-6.21180344 1.39999998 -0.24744295,-6.16755724 1.39999998 -0.2031966,-6.11180353 1.39999998 -0.1747887,-6.05000019 1.39999998 -0.16500001,-4.19999981 6.61999989 -0.16500001,-4.19999981 6.68180323 -0.1747887,-4.19999981 6.73755693 -0.2031966,-4.19999981 6.78180361 -0.24744295,-4.19999981 6.81021118 -0.30319661,-4.19999981 6.82000017 -0.36500001,6.24021149 6.68180323 -0.36500001,6.25 6.61999989 -0.36500001,6.25 6.61999989 -8.04500008,6.24021149 6.68180323 -8.04500008,6.21180344 6.73755693 -0.36500001,6.21180344 6.73755693 -8.04500008,6.16755724 6.78180361 -0.36500001,6.16755724 6.78180361 -8.04500008,6.11180353 6.81021118 -8.04500008,6.11180353 6.81021118 -0.36500001,6.07521582 6.6717639 -0.17346756,6.05000019 6.68180323 -0.1747887,6.05000019 6.61999989 -0.16500001,6.11180353 6.61999989 -0.1747887,6.12392855 6.6717639 -0.18652017,6.16755724 6.61999989 -0.2031966,6.16760349 6.6717639 -0.2117359,6.09482861 6.71999979 -0.19769675,6.05000019 6.73755693 -0.2031966,6.20326424 6.6717639 -0.24739632,6.21180344 6.61999989 -0.24744295,6.1366024 6.71999979 -0.215,6.06845903 6.7614212 -0.22478852,6.05000019 6.78180361 -0.24744295,6.22847986 6.6717639 -0.29107124,6.24021149 6.61999989 -0.30319661,6.17247438 6.71999979 -0.24252552,6.10411978 6.7614212 -0.23434371,6.24153233 6.6717639 -0.33978426,6.19999981 6.71999979 -0.27839747,6.13609171 6.7614212 -0.25280291,6.07588196 6.79320526 -0.2684074,6.05000019 6.81021118 -0.30319661,6.21730328 6.71999979 -0.32017124,6.16219711 6.7614212 -0.27890813,6.0999999 6.79320526 -0.27839747,6.0567565 6.81318521 -0.31367904,6.18065643 6.7614212 -0.31088039,6.12071085 6.79320526 -0.29428932,6.06980896 6.81318521 -0.31717649,6.1902113 6.7614212 -0.34654081,6.1366024 6.79320526 -0.315,6.08151197 6.81318521 -0.32393301,6.14659262 6.79320526 -0.33911809,6.09106684 6.81318521 -0.3334882,6.09782362 6.81318521 -0.34519085,6.10132074 6.81318521 -0.35824347,4.19999981 6.68180323 -0.1747887,4.19999981 6.61999989 -0.16500001,4.19999981 6.73755693 -0.2031966,4.19999981 6.78180361 -0.24744295,4.19999981 6.81021118 -0.30319661,6.24021149 1.39999998 -0.30319661,6.25 1.39999998 -0.36500001,6.21180344 1.39999998 -0.24744295,6.16755724 1.39999998 -0.2031966,6.11180353 1.39999998 -0.1747887,6.05000019 1.39999998 -0.16500001,5.5 -2.54999995 -0.16500001,5.49021149 -2.48819661 -0.16500001,5.46180344 -2.4324429 -0.16500001,5.41755724 -2.38819671 -0.16500001,5.36180353 -2.35978866 -0.16500001,-5.5 -2.54999995 -0.16500001,-5.49021149 -2.48819661 -0.16500001,-5.46180344 -2.4324429 -0.16500001,-5.41755724 -2.38819671 -0.16500001,-5.36180353 -2.35978866 -0.16500001,5.5 5.9000001 -0.16500001,5.49021149 5.96180344 -0.16500001,5.46180344 6.01755714 -0.16500001,5.41755724 6.06180334 -0.16500001,5.36180353 6.09021139 -0.16500001,5.30000019 6.0999999 -0.16500001,-0.15000001 -3.17000008 -0.16500001,-0.15000001 -3.17000008 -2.57999992,-0.40000001 -3.17000008 -2.57999992,-0.40000001 -3.17000008 -0.16500001,4.0999999 5.57999992 6.82000017,4.0999999 4.30000019 6.82000017,2.9000001 4.30000019 6.82000017,2.9000001 5.57999992 6.82000017,-0.40000001 -5.42000008 -2.57999992,-0.40000001 -5.42000008 -0.16500001,-0.40000001 -2.92000008 6.82000017,-0.40000001 -2.92000008 -0.16500001,-1.60000002 -5.42000008 -2.57999992,-1.60000002 -5.42000008 -0.16500001,-1.60000002 -3.17000008 -2.57999992,-1.60000002 -3.17000008 -0.16500001,-1.60000002 -2.92000008 6.82000017,-1.60000002 -2.92000008 -0.16500001,-1.85000002 -3.17000008 -2.57999992,-1.85000002 -3.17000008 -0.16500001,-1.85000002 -2.92000008 -0.16500001,-1.85000002 -2.92000008 -2.57999992,-0.15000001 -2.92000008 -2.57999992,-0.15000001 -2.92000008 -0.16500001,-1.60000002 5.57999992 -0.16500001,-1.60000002 5.32999992 -0.16500001,-1.85000002 5.57999992 -0.16500001,-1.85000002 5.32999992 -0.16500001,-0.15000001 5.32999992 -0.16500001,-0.15000001 5.32999992 -2.57999992,-0.40000001 5.32999992 -2.57999992,-0.40000001 5.32999992 -0.16500001,-0.40000001 4.30000019 -0.16500001,-0.40000001 3.07999992 -2.57999992,-0.40000001 3.07999992 -0.16500001,-0.40000001 5.57999992 6.82000017,-0.40000001 5.57999992 -0.16500001,-0.40000001 4.30000019 6.82000017,-1.60000002 3.07999992 -2.57999992,-1.60000002 3.07999992 -0.16500001,-1.60000002 4.30000019 -0.16500001,-1.60000002 5.32999992 -2.57999992,-1.60000002 4.30000019 6.82000017,-1.60000002 5.57999992 6.82000017,-1.85000002 5.32999992 -2.57999992,-1.85000002 5.57999992 -2.57999992,-0.15000001 5.57999992 -2.57999992,-0.15000001 5.57999992 -0.16500001,0.40000001 -2.92000008 -0.16500001,0.40000001 -3.17000008 -0.16500001,0.15000001 -2.92000008 -0.16500001,0.15000001 -3.17000008 -0.16500001,1.85000002 -3.17000008 -0.16500001,1.85000002 -3.17000008 -2.57999992,1.60000002 -3.17000008 -2.57999992,1.60000002 -3.17000008 -0.16500001,1.60000002 -5.42000008 -2.57999992,1.60000002 -5.42000008 -0.16500001,1.60000002 -2.92000008 6.82000017,1.60000002 -2.92000008 -0.16500001,0.40000001 -5.42000008 -2.57999992,0.40000001 -5.42000008 -0.16500001,0.40000001 -3.17000008 -2.57999992,0.40000001 -2.92000008 6.82000017,0.15000001 -3.17000008 -2.57999992,0.15000001 -2.92000008 -2.57999992,1.85000002 -2.92000008 -2.57999992,1.85000002 -2.92000008 -0.16500001,0.40000001 5.57999992 -0.16500001,0.40000001 5.32999992 -0.16500001,0.15000001 5.57999992 -0.16500001,0.15000001 5.32999992 -0.16500001,1.85000002 5.32999992 -0.16500001,1.85000002 5.32999992 -2.57999992,1.60000002 5.32999992 -2.57999992,1.60000002 5.32999992 -0.16500001,1.60000002 4.30000019 -0.16500001,1.60000002 3.07999992 -2.57999992,1.60000002 3.07999992 -0.16500001,1.60000002 5.57999992 6.82000017,1.60000002 5.57999992 -0.16500001,1.60000002 4.30000019 6.82000017,0.40000001 3.07999992 -2.57999992,0.40000001 3.07999992 -0.16500001,0.40000001 4.30000019 -0.16500001,0.40000001 5.32999992 -2.57999992,0.40000001 4.30000019 6.82000017,0.40000001 5.57999992 6.82000017,0.15000001 5.32999992 -2.57999992,0.15000001 5.57999992 -2.57999992,1.85000002 5.57999992 -2.57999992,1.85000002 5.57999992 -0.16500001,-4.0999999 -2.92000008 -0.16500001,-4.0999999 -3.17000008 -0.16500001,-4.3499999 -2.92000008 -0.16500001,-4.3499999 -3.17000008 -0.16500001,-2.6500001 -3.17000008 -0.16500001,-2.6500001 -3.17000008 -2.57999992,-2.9000001 -3.17000008 -2.57999992,-2.9000001 -3.17000008 -0.16500001,-2.9000001 -5.42000008 -2.57999992,-2.9000001 -5.42000008 -0.16500001,-2.9000001 -2.92000008 6.82000017,-2.9000001 -2.92000008 -0.16500001,-4.0999999 -5.42000008 -2.57999992,-4.0999999 -5.42000008 -0.16500001,-4.0999999 -3.17000008 -2.57999992,-4.0999999 -2.92000008 6.82000017,-4.3499999 -3.17000008 -2.57999992,-4.3499999 -2.92000008 -2.57999992,-2.6500001 -2.92000008 -2.57999992,-2.6500001 -2.92000008 -0.16500001,-4.0999999 5.57999992 -0.16500001,-4.0999999 5.32999992 -0.16500001,-4.3499999 5.57999992 -0.16500001,-4.3499999 5.32999992 -0.16500001,-2.9000001 5.32999992 -2.57999992,-2.9000001 5.32999992 -0.16500001,-2.9000001 4.30000019 -0.16500001,-2.9000001 3.07999992 -2.57999992,-2.9000001 3.07999992 -0.16500001,-2.9000001 5.57999992 6.82000017,-2.9000001 5.57999992 -0.16500001,-2.9000001 4.30000019 6.82000017,-4.0999999 3.07999992 -2.57999992,-4.0999999 3.07999992 -0.16500001,-4.0999999 4.30000019 -0.16500001,-4.0999999 5.32999992 -2.57999992,-4.0999999 4.30000019 6.82000017,-4.0999999 5.57999992 6.82000017,-4.3499999 5.32999992 -2.57999992,-4.3499999 5.57999992 -2.57999992,2.9000001 -2.92000008 -0.16500001,2.9000001 -3.17000008 -0.16500001,2.6500001 -2.92000008 -0.16500001,2.6500001 -3.17000008 -0.16500001,4.3499999 -2.92000008 -0.16500001,-5.5 4.30000019 -0.16500001,2.9000001 4.30000019 -0.16500001,5.5 4.30000019 -0.16500001,4.0999999 4.30000019 -0.16500001,4.3499999 5.57999992 -0.16500001,4.3499999 5.32999992 -0.16500001,4.0999999 5.57999992 -0.16500001,4.0999999 5.32999992 -0.16500001,-4.75 6.82000017 -3.81500006,-4.19999981 6.82000017 -3.81500006,-4.75 6.82000017 -8.04500008,-1.39999998 6.82000017 -0.16500001,-1.39999998 6.82000017 -3.81500006,-2.79999995 6.82000017 -0.16500001,-2.79999995 6.82000017 -3.81500006,2.79999995 6.82000017 -0.16500001,2.79999995 6.82000017 -3.81500006,1.39999998 6.82000017 -0.16500001,1.39999998 6.82000017 -3.81500006,-6.25 -1.39999998 8.15499973,-5.67500019 -0.75 8.15499973,-6.25 -0.75 8.15499973,-4.19999981 -1.39999998 8.15499973,-5.67500019 0.75 8.15499973,-6.25 1.39999998 8.15499973,-6.25 0.75 8.15499973,-4.19999981 -0.52499998 8.15499973,-4.19999981 0.52499998 8.15499973,-4.19999981 1.39999998 8.15499973,-0.80000001 -1.39999998 8.15499973,-0.80000001 -0.52499998 8.15499973,-1.5 -1.39999998 8.15499973,-1.5 -0.52499998 8.15499973,-1.5 0.52499998 8.15499973,-0.80000001 0.52499998 8.15499973,-0.80000001 1.39999998 8.15499973,-1.5 1.39999998 8.15499973,1.5 -1.39999998 8.15499973,1.5 -0.52499998 8.15499973,0.80000001 -1.39999998 8.15499973,0.80000001 -0.52499998 8.15499973,0.80000001 0.52499998 8.15499973,1.5 0.52499998 8.15499973,1.5 1.39999998 8.15499973,0.80000001 1.39999998 8.15499973,4.19999981 -0.52499998 8.15499973,4.19999981 0.52499998 8.15499973,6.25 -1.39999998 8.15499973,5.67500019 -0.75 8.15499973,4.19999981 -1.39999998 8.15499973,6.25 -0.75 8.15499973,5.67500019 0.75 8.15499973,4.19999981 1.39999998 8.15499973,6.25 0.75 8.15499973,6.25 1.39999998 8.15499973,-4.19999981 1.39999998 1.755,-4.19999981 1.39999998 -0.16500001,-1.5 1.39999998 1.755,-0.80000001 1.39999998 1.755,-0.89999998 1.39999998 -0.16500001,1.5 1.39999998 1.755,0.80000001 1.39999998 1.755,-0.89999998 1.39999998 -1.96500003,-4.19999981 1.39999998 -1.96500003,0.89999998 1.39999998 -0.16500001,4.19999981 1.39999998 1.755,4.19999981 1.39999998 -0.16500001,4.19999981 1.39999998 -1.96500003,0.89999998 1.39999998 -1.96500003,-4.19999981 -1.39999998 1.755,-0.89999998 -1.39999998 -1.96500003,-0.89999998 -1.39999998 -0.16500001,-1.5 -1.39999998 1.755,-0.80000001 -1.39999998 1.755,0.89999998 -1.39999998 -1.96500003,4.19999981 -1.39999998 -1.96500003,0.89999998 -1.39999998 -0.16500001,0.80000001 -1.39999998 1.755,1.5 -1.39999998 1.755,4.19999981 -1.39999998 -0.16500001,4.19999981 -1.39999998 1.755,-0.80000001 0.52499998 1.755,0.80000001 0.52499998 1.755,-0.80000001 -0.52499998 1.755,0.80000001 -0.52499998 1.755,4.19999981 -0.52499998 1.755,1.5 -0.52499998 1.755,4.19999981 0.52499998 1.755,1.5 0.52499998 1.755,-1.5 -0.52499998 1.755,-4.19999981 -0.52499998 1.755,-1.5 0.52499998 1.755,-4.19999981 0.52499998 1.755,-4.75 5.92000008 -8.04500008,-4.75 5.92000008 -6.82999992,-4.75 6.42000008 -3.81500006,-4.19999981 6.42000008 -3.81500006,-4.19999981 6.42000008 -0.16500001,-2.79999995 6.42000008 -0.16500001,-2.79999995 6.42000008 -3.81500006,-1.39999998 6.42000008 -3.81500006,-1.39999998 6.42000008 -0.16500001,1.39999998 6.42000008 -0.16500001,1.39999998 6.42000008 -3.81500006,2.79999995 6.42000008 -3.81500006,2.79999995 6.42000008 -0.16500001,4.19999981 6.42000008 -0.16500001,4.19999981 6.42000008 -3.81500006,4.75 6.42000008 -3.81500006,4.75 4.91567087 -5.85169649,4.75 4.86599445 -5.9027257,4.75 5.57999992 -2.57999992,4.75 4.97104406 -5.80691242,4.75 4.82271385 -5.95928192,4.75 5.03133297 -5.76900434,4.75 4.78643942 -6.02056742,4.75 -5.82000017 -2.57999992,4.75 5.09568882 -5.73850679,4.75 4.75768185 -6.08571959,4.75 5.16320515 -5.7158494,4.75 4.73684645 -6.15381956,4.75 5.23293018 -5.70135117,4.75 4.72422647 -6.2239089,4.75 -5.82000017 -8.04500008,4.75 5.30388165 -5.69521666,4.75 4.71999979 -6.29500008,4.75 5.37506056 -5.6975317,4.75 5.44546366 -5.70826435,4.75 5.51409912 -5.72726297,4.75 5.57999992 -5.75425959,4.75 4.71999979 -8.04500008,-4.0250001 -5.82000017 -6.82999992,-4.0250001 -5.82000017 -8.04500008,-4.75 -5.82000017 -8.04500008,-1.52499998 -5.82000017 -6.82999992,-2.9749999 -5.82000017 -6.82999992,-3.79999995 -5.82000017 -4.21000004,-3.89774227 -5.82000017 -6.82999992,-3.20000005 -5.82000017 -4.21000004,-3.10225773 -5.82000017 -6.82999992,-4.75 -5.82000017 -2.57999992,0.47499999 -5.82000017 -6.82999992,0.47499999 -5.82000017 -8.04500008,-0.47499999 -5.82000017 -8.04500008,-0.47499999 -5.82000017 -6.82999992,-1.29999995 -5.82000017 -4.21000004,-1.39774215 -5.82000017 -6.82999992,2.9749999 -5.82000017 -8.04500008,1.52499998 -5.82000017 -8.04500008,1.52499998 -5.82000017 -6.82999992,-0.69999999 -5.82000017 -4.21000004,-0.60225785 -5.82000017 -6.82999992,2.9749999 -5.82000017 -6.82999992,0.69999999 -5.82000017 -4.21000004,0.60225785 -5.82000017 -6.82999992,1.29999995 -5.82000017 -4.21000004,1.39774215 -5.82000017 -6.82999992,4.0250001 -5.82000017 -6.82999992,4.0250001 -5.82000017 -8.04500008,3.20000005 -5.82000017 -4.21000004,3.10225773 -5.82000017 -6.82999992,3.79999995 -5.82000017 -4.21000004,3.89774227 -5.82000017 -6.82999992,4.75 5.92000008 -6.82999992,4.75 5.57999992 -6.82999992,-4.75 5.57999992 -6.82999992,4.3499999 5.57999992 -2.57999992,2.6500001 5.57999992 -2.57999992,2.9000001 5.57999992 -0.16500001,2.6500001 5.57999992 -0.16500001,-4.75 5.57999992 -5.75425959,-4.75 5.57999992 -2.57999992,2.9000001 5.32999992 -0.16500001,2.6500001 5.32999992 -0.16500001,4.3499999 5.32999992 -2.57999992,2.6500001 5.32999992 -2.57999992,2.9000001 5.32999992 -2.57999992,2.9000001 3.07999992 -2.57999992,2.9000001 3.07999992 -0.16500001,4.0999999 3.07999992 -0.16500001,4.0999999 3.07999992 -2.57999992,4.0999999 5.32999992 -2.57999992,4.3499999 -2.92000008 -2.57999992,2.9000001 -2.92000008 6.82000017,2.6500001 -2.92000008 -2.57999992,2.6500001 -3.17000008 -2.57999992,2.9000001 -3.17000008 -2.57999992,2.9000001 -5.42000008 -2.57999992,2.9000001 -5.42000008 -0.16500001,4.3499999 -7.82000017 -8.04500008,3.20000005 -7.82000017 -4.21000004,3.79999995 -7.82000017 -4.21000004,3.10225773 -7.82000017 -6.82999992,2.9749999 -7.82000017 -6.82999992,2.45000005 -7.82000017 -8.04500008,4.0250001 -7.82000017 -6.82999992,3.89774227 -7.82000017 -6.82999992,2.9749999 -7.82000017 -8.04500008,4.0250001 -7.82000017 -8.04500008,2.45000005 -8.22000027 -8.04500008,1.95000005 -7.82000017 -8.04500008,1.95000005 -8.22000027 -8.04500008,-0.40000001 -7.82000017 3.7249999,-1 -7.82000017 4.7249999,-1.95000005 -7.82000017 4.7249999,-0.40000001 -7.82000017 2.92499995,0.40000001 -7.82000017 3.7249999,0.40000001 -7.82000017 2.92499995,-1.29999995 -7.82000017 -4.21000004,-0.69999999 -7.82000017 -4.21000004,0.69999999 -7.82000017 -4.21000004,-1.39774215 -7.82000017 -6.82999992,-1.52499998 -7.82000017 -6.82999992,1.29999995 -7.82000017 -4.21000004,-0.47499999 -7.82000017 -6.82999992,-0.60225785 -7.82000017 -6.82999992,0.47499999 -7.82000017 -6.82999992,0.60225785 -7.82000017 -6.82999992,1.52499998 -7.82000017 -6.82999992,1.39774215 -7.82000017 -6.82999992,0.47499999 -7.82000017 -8.04500008,-0.47499999 -7.82000017 -8.04500008,1.52499998 -7.82000017 -8.04500008,-1.95000005 -8.22000027 4.7249999,-2.45000005 -8.22000027 4.7249999,-2.45000005 -7.82000017 4.7249999,-3.20000005 -7.82000017 -4.21000004,-4.3499999 -7.82000017 4.7249999,-3.79999995 -7.82000017 -4.21000004,-3.89774227 -7.82000017 -6.82999992,-4.0250001 -7.82000017 -6.82999992,-4.3499999 -7.82000017 -8.04500008,-2.9749999 -7.82000017 -6.82999992,-3.10225773 -7.82000017 -6.82999992,-4.0250001 -7.82000017 -8.04500008,-4.3499999 -8.22000027 -8.04500008,-4.3499999 -8.22000027 4.7249999,-5.5 -7.82000017 -0.16500001,-4.8499999 -7.82000017 4.7249999,-5.5 -7.82000017 4.7249999,-4.8499999 -7.82000017 -8.04500008,-6.25 -7.82000017 -8.04500008,-4.8499999 -8.22000027 4.7249999,-4.8499999 -8.22000027 -8.04500008,4.8499999 -7.82000017 -8.04500008,6.25 -7.82000017 -8.04500008,5.5 -7.82000017 -0.16500001,-4.4000001 -7.32000017 4.7249999,-4.4000001 -7.32000017 -0.16500001,-1.95000005 -7.32000017 4.7249999,-1.95000005 -7.11999989 4.7249999,-1.95000005 -7.11999989 -0.16500001,-1.95000005 -7.32000017 -0.16500001,5.8499999 0.75 -8.04500008,5.8499999 0.75 -3.89499998,5.67500019 0.75 -8.04500008,6.25 0.75 -3.89499998,5.8499999 -0.75 -3.89499998,6.25 -0.75 -3.89499998,5.67500019 -0.75 -8.04500008,5.8499999 -0.75 -8.04500008,5.8499999 -2.4000001 -6.84499979,5.8499999 -6.9000001 -6.84499979,5.8499999 -6.9000001 -8.04500008,5.8499999 -2.4000001 -3.89499998,6.25 -2.4000001 -3.89499998,6.25 -6.9000001 -6.84499979,6.25 -6.9000001 -8.04500008,6.25 -2.4000001 -6.84499979,6.25 2.42000008 -3.89499998,5.8499999 2.42000008 -3.89499998,5.8499999 4.71999979 -8.04500008,5.8499999 2.42000008 -6.92500019,5.8499999 4.71999979 -6.92500019,6.25 4.71999979 -6.92500019,6.25 2.42000008 -6.92500019,4.75 5.92000008 -6.29500008,4.75 5.91533852 -6.2203536,4.75 5.90142632 -6.1468668,4.75 5.87847948 -6.07568169,4.75 5.84685516 -6.00790453,4.75 5.64525414 -5.79080772,4.75 5.80704403 -5.94458866,4.75 5.70545435 -5.8351903,4.75 5.75966501 -5.88671732,6.25 4.71999979 -6.29500008,4.75 5.92000008 -8.04500008,6.25 5.92000008 -8.04500008,6.25 5.92000008 -6.29500008,6.25 4.72437477 -6.22267818,6.25 4.73743486 -6.15141058,6.25 4.75899029 -6.08223724,6.25 4.78872633 -6.01616621,6.25 4.82620955 -5.95416117,6.25 4.87089348 -5.8971262,6.25 4.92212629 -5.84589338,6.25 4.97916126 -5.80120945,6.25 5.04116631 -5.76372623,6.25 5.10723686 -5.73399019,6.25 5.17641068 -5.71243477,6.25 5.2476778 -5.69937468,6.25 5.32000017 -5.69500017,6.25 5.39232206 -5.69937468,6.25 5.46358919 -5.71243477,6.25 5.532763 -5.73399019,6.25 5.59883404 -5.76372623,6.25 5.66083908 -5.80120945,6.25 5.71787357 -5.84589338,6.25 5.76910639 -5.8971262,6.25 5.81379032 -5.95416117,6.25 5.85127354 -6.01616621,6.25 5.88100958 -6.08223724,6.25 5.902565 -6.15141058,6.25 5.9156251 -6.22267818,4.4000001 -7.11999989 -0.16500001,4.4000001 -7.32000017 -0.16500001,1.95000005 -7.32000017 -0.16500001,1.95000005 -7.11999989 -0.16500001,-5.67500019 0.75 -8.04500008,-5.8499999 0.75 -3.89499998,-5.8499999 0.75 -8.04500008,-6.25 0.75 -3.89499998,-5.8499999 -0.75 -3.89499998,-6.25 -0.75 -3.89499998,-5.67500019 -0.75 -8.04500008,-5.8499999 -0.75 -8.04500008,-5.8499999 -2.4000001 -6.84499979,-5.8499999 -2.4000001 -3.89499998,-5.8499999 -6.9000001 -8.04500008,-5.8499999 -6.9000001 -6.84499979,-6.25 -2.4000001 -3.89499998,-6.25 -2.4000001 -6.84499979,-6.25 -6.9000001 -6.84499979,-6.25 -6.9000001 -8.04500008,-5.8499999 2.42000008 -3.89499998,-6.25 2.42000008 -3.89499998,-5.8499999 2.42000008 -6.92500019,-5.8499999 4.71999979 -6.92500019,-5.8499999 4.71999979 -8.04500008,-6.25 2.42000008 -6.92500019,-6.25 4.71999979 -6.92500019,-4.75 5.92000008 -6.29500008,-4.75 5.91533852 -6.2203536,-4.75 5.90142632 -6.1468668,-4.75 5.87847948 -6.07568169,-4.75 5.84685516 -6.00790453,-4.75 5.80704403 -5.94458866,-4.75 5.75966501 -5.88671732,-4.75 5.70545435 -5.8351903,-4.75 5.64525414 -5.79080772,-6.25 4.71999979 -6.29500008,-4.75 4.71999979 -6.29500008,-4.75 4.71999979 -8.04500008,-6.25 5.92000008 -6.29500008,-6.25 5.9156251 -6.22267818,-6.25 5.902565 -6.15141058,-6.25 5.88100958 -6.08223724,-6.25 5.85127354 -6.01616621,-6.25 5.81379032 -5.95416117,-6.25 5.76910639 -5.8971262,-6.25 5.71787357 -5.84589338,-6.25 5.66083908 -5.80120945,-6.25 5.59883404 -5.76372623,-6.25 5.532763 -5.73399019,-4.75 5.51409912 -5.72726297,-6.25 5.46358919 -5.71243477,-4.75 5.44546366 -5.70826435,-6.25 5.39232206 -5.69937468,-4.75 5.37506056 -5.6975317,-6.25 5.32000017 -5.69500017,-4.75 5.30388165 -5.69521666,-6.25 5.2476778 -5.69937468,-4.75 5.23293018 -5.70135117,-6.25 5.17641068 -5.71243477,-4.75 5.16320515 -5.7158494,-6.25 5.10723686 -5.73399019,-4.75 5.09568882 -5.73850679,-6.25 5.04116631 -5.76372623,-4.75 5.03133297 -5.76900434,-6.25 4.97916126 -5.80120945,-4.75 4.97104406 -5.80691242,-6.25 4.92212629 -5.84589338,-4.75 4.91567087 -5.85169649,-6.25 4.87089348 -5.8971262,-4.75 4.86599445 -5.9027257,-6.25 4.82620955 -5.95416117,-4.75 4.82271385 -5.95928192,-6.25 4.78872633 -6.01616621,-4.75 4.78643942 -6.02056742,-6.25 4.75899029 -6.08223724,-4.75 4.75768185 -6.08571959,-6.25 4.73743486 -6.15141058,-4.75 4.73684645 -6.15381956,-6.25 4.72437477 -6.22267818,-4.75 4.72422647 -6.2239089,-6.25 5.92000008 -8.04500008,-0.40000001 -7.11999989 3.7249999,-1 -7.11999989 4.7249999,-0.40000001 -7.11999989 2.92499995,0.40000001 -7.11999989 2.92499995,0.40000001 -7.11999989 3.7249999,0.89999998 -1.77499998 -1.96500003,4.19999981 -1.77499998 -0.96499997,4.19999981 -1.77499998 -1.96500003,-0.89999998 -1.77499998 -1.96500003,0.89999998 -1.77499998 -2.57999992,-0.89999998 -1.77499998 -2.57999992,-4.19999981 1.77499998 -1.96500003,-4.19999981 1.77499998 -0.96499997,-4.19999981 2.3499999 -0.16500001,4.19999981 1.77499998 -0.96499997,4.19999981 1.77499998 -1.96500003,4.19999981 2.3499999 -0.16500001,0.89999998 1.77499998 -1.96500003,6.44999981 3.17000008 -4.04500008,6.25 4.17000008 -4.04500008,6.25 3.17000008 -4.04500008,6.44999981 4.17000008 -4.04500008,6.25 4.17000008 -6.04500008,6.44999981 4.17000008 -6.04500008,6.25 3.17000008 -6.04500008,6.44999981 3.17000008 -6.04500008,6.44999981 -5.02719307 -4.04500008,6.25 -4.02719307 -4.04500008,6.25 -5.02719307 -4.04500008,6.44999981 -4.02719307 -4.04500008,6.25 -4.02719307 -6.04500008,6.44999981 -4.02719307 -6.04500008,6.25 -5.02719307 -6.04500008,6.44999981 -5.02719307 -6.04500008,-6.25 4.17000008 -4.04500008,-6.25 4.17000008 -6.04500008,-6.44999981 4.17000008 -6.04500008,-6.44999981 4.17000008 -4.04500008,-6.25 3.17000008 -4.04500008,-6.44999981 3.17000008 -4.04500008,-6.25 3.17000008 -6.04500008,-6.44999981 3.17000008 -6.04500008,-6.25 -4.02719307 -4.04500008,-6.25 -4.02719307 -6.04500008,-6.44999981 -4.02719307 -6.04500008,-6.44999981 -4.02719307 -4.04500008,-6.25 -5.02719307 -4.04500008,-6.44999981 -5.02719307 -4.04500008,-6.25 -5.02719307 -6.04500008,-6.44999981 -5.02719307 -6.04500008,-0.89999998 1.77499998 -2.57999992,-0.89999998 1.77499998 -1.96500003,0.89999998 1.77499998 -2.57999992,5.5 -7.11999989 -0.16500001              ]
            }
            coordIndex [
0,1,2,-1,0,2,3,-1,4,5,6,-1,4,7,5,-1,8,2,9,-1,8,3,2,-1,10,8,9,-1,11,12,3,-1,13,3,8,-1,13,11,3,-1,14,15,16,-1,17,18,14,-1,14,18,15,-1,17,19,18,-1,20,21,22,-1,23,15,20,-1,23,20,22,-1,24,25,26,-1,27,25,24,-1,28,29,30,-1,30,29,31,-1,29,32,31,-1,33,34,35,-1,35,34,32,-1,32,34,31,-1,34,36,31,-1,37,38,39,-1,39,38,36,-1,40,41,42,-1,42,41,43,-1,44,13,8,-1,13,45,41,-1,43,45,38,-1,38,45,36,-1,41,45,43,-1,36,45,31,-1,44,45,13,-1,46,47,48,-1,48,47,49,-1,50,51,52,-1,52,51,53,-1,53,54,55,-1,55,54,56,-1,51,54,53,-1,54,57,56,-1,58,59,60,-1,60,59,61,-1,61,62,51,-1,59,62,61,-1,62,63,64,-1,65,63,59,-1,59,63,62,-1,62,54,51,-1,66,58,67,-1,67,58,60,-1,68,69,70,-1,70,69,71,-1,68,72,69,-1,69,73,74,-1,72,73,69,-1,68,75,72,-1,76,77,78,-1,79,77,76,-1,77,80,81,-1,79,80,77,-1,82,83,84,-1,82,84,85,-1,86,87,88,-1,88,87,89,-1,89,87,90,-1,90,87,91,-1,91,92,93,-1,87,92,91,-1,94,93,92,-1,95,93,94,-1,96,97,98,-1,98,97,99,-1,99,97,100,-1,100,97,101,-1,101,87,102,-1,102,87,103,-1,103,87,104,-1,104,87,105,-1,105,87,86,-1,97,87,101,-1,106,95,94,-1,106,94,97,-1,107,106,97,-1,108,107,97,-1,109,97,96,-1,109,108,97,-1,110,27,45,-1,25,110,111,-1,25,111,112,-1,25,112,113,-1,25,113,114,-1,25,27,110,-1,24,45,27,-1,31,45,24,-1,115,26,116,-1,116,26,117,-1,117,26,118,-1,118,26,14,-1,17,25,119,-1,119,25,120,-1,120,25,121,-1,121,25,114,-1,14,25,17,-1,26,25,14,-1,26,115,122,-1,26,122,123,-1,26,123,124,-1,26,124,125,-1,24,125,31,-1,24,26,125,-1,126,106,107,-1,127,107,108,-1,127,126,107,-1,128,109,96,-1,128,108,109,-1,128,127,108,-1,129,96,98,-1,129,98,99,-1,129,128,96,-1,130,99,100,-1,130,129,99,-1,131,100,101,-1,131,130,100,-1,132,133,134,-1,132,134,135,-1,136,137,138,-1,136,135,137,-1,136,132,135,-1,139,136,138,-1,140,138,141,-1,140,139,138,-1,142,141,143,-1,142,140,141,-1,144,145,146,-1,147,144,146,-1,148,146,149,-1,148,147,146,-1,150,149,151,-1,150,148,149,-1,152,151,153,-1,152,150,151,-1,154,153,155,-1,154,152,153,-1,156,157,158,-1,156,159,157,-1,160,158,161,-1,160,156,158,-1,162,163,164,-1,162,161,163,-1,162,160,161,-1,165,164,166,-1,165,162,164,-1,167,165,166,-1,168,157,169,-1,168,158,157,-1,170,169,171,-1,170,168,169,-1,172,170,171,-1,173,161,158,-1,173,168,170,-1,173,158,168,-1,174,171,175,-1,174,172,171,-1,176,170,172,-1,176,173,170,-1,177,163,161,-1,177,161,173,-1,178,175,179,-1,178,174,175,-1,180,176,172,-1,180,172,174,-1,181,177,173,-1,181,173,176,-1,182,179,183,-1,182,183,184,-1,182,178,179,-1,185,174,178,-1,185,180,174,-1,186,176,180,-1,186,181,176,-1,187,164,163,-1,187,163,177,-1,187,177,181,-1,188,184,189,-1,188,182,184,-1,188,178,182,-1,188,185,178,-1,190,180,185,-1,190,186,180,-1,191,181,186,-1,191,187,181,-1,192,166,164,-1,192,164,187,-1,193,185,188,-1,193,190,185,-1,194,186,190,-1,194,191,186,-1,195,166,192,-1,195,187,191,-1,195,192,187,-1,196,189,197,-1,196,188,189,-1,196,193,188,-1,198,190,193,-1,198,194,190,-1,199,166,195,-1,199,191,194,-1,199,195,191,-1,200,197,201,-1,200,198,193,-1,200,196,197,-1,200,193,196,-1,202,199,194,-1,202,166,199,-1,202,194,198,-1,203,198,200,-1,203,166,202,-1,203,202,198,-1,204,166,203,-1,204,201,166,-1,204,200,201,-1,204,203,200,-1,169,205,206,-1,169,157,205,-1,171,207,208,-1,171,206,207,-1,171,169,206,-1,175,171,208,-1,179,208,209,-1,179,175,208,-1,183,209,210,-1,183,179,209,-1,184,211,212,-1,184,183,211,-1,189,212,213,-1,189,213,214,-1,189,184,212,-1,197,189,214,-1,201,214,215,-1,201,215,216,-1,201,197,214,-1,166,201,216,-1,217,218,219,-1,217,219,220,-1,221,220,222,-1,221,217,220,-1,223,222,224,-1,223,224,225,-1,223,221,222,-1,226,225,80,-1,226,223,225,-1,79,226,80,-1,227,228,229,-1,227,229,230,-1,231,230,232,-1,231,227,230,-1,233,231,232,-1,234,235,228,-1,234,227,231,-1,234,228,227,-1,236,232,237,-1,236,233,232,-1,238,234,231,-1,238,231,233,-1,239,240,235,-1,239,235,234,-1,241,237,242,-1,241,236,237,-1,243,233,236,-1,243,238,233,-1,244,239,234,-1,244,234,238,-1,245,242,218,-1,245,218,217,-1,245,241,242,-1,246,236,241,-1,246,243,236,-1,247,238,243,-1,247,244,238,-1,248,249,240,-1,248,239,244,-1,248,240,239,-1,250,217,221,-1,250,245,217,-1,250,241,245,-1,250,246,241,-1,251,247,243,-1,251,243,246,-1,252,244,247,-1,252,248,244,-1,253,79,249,-1,253,249,248,-1,254,246,250,-1,254,251,246,-1,255,247,251,-1,255,252,247,-1,256,248,252,-1,256,79,253,-1,256,253,248,-1,257,221,223,-1,257,250,221,-1,257,254,250,-1,258,255,251,-1,258,251,254,-1,259,79,256,-1,259,252,255,-1,259,256,252,-1,260,223,226,-1,260,258,254,-1,260,257,223,-1,260,254,257,-1,261,259,255,-1,261,79,259,-1,261,255,258,-1,262,258,260,-1,262,261,258,-1,262,79,261,-1,263,262,260,-1,263,79,262,-1,263,226,79,-1,263,260,226,-1,264,265,229,-1,264,229,228,-1,266,228,235,-1,266,264,228,-1,267,235,240,-1,267,266,235,-1,268,240,249,-1,268,267,240,-1,76,249,79,-1,76,268,249,-1,269,270,218,-1,269,218,242,-1,271,242,237,-1,271,269,242,-1,272,237,232,-1,272,271,237,-1,273,232,230,-1,273,272,232,-1,274,230,229,-1,274,273,230,-1,111,275,276,-1,111,110,275,-1,112,276,277,-1,112,111,276,-1,113,112,277,-1,114,277,278,-1,114,113,277,-1,121,114,278,-1,120,278,279,-1,120,121,278,-1,119,279,19,-1,119,120,279,-1,17,119,19,-1,280,125,124,-1,281,124,123,-1,281,280,124,-1,282,122,115,-1,282,123,122,-1,282,281,123,-1,283,115,116,-1,283,116,117,-1,283,282,115,-1,284,117,118,-1,284,283,117,-1,16,118,14,-1,16,284,118,-1,90,91,285,-1,90,285,286,-1,89,286,287,-1,89,90,286,-1,88,89,287,-1,86,287,288,-1,86,88,287,-1,105,86,288,-1,104,288,289,-1,104,105,288,-1,103,289,290,-1,103,104,289,-1,102,103,290,-1,291,292,293,-1,291,293,294,-1,295,296,297,-1,295,297,298,-1,39,293,299,-1,39,294,293,-1,300,39,299,-1,301,302,294,-1,36,294,39,-1,36,301,294,-1,300,299,303,-1,300,303,304,-1,33,303,305,-1,33,304,303,-1,306,33,305,-1,34,33,306,-1,307,306,308,-1,307,34,306,-1,306,305,309,-1,306,309,310,-1,311,309,312,-1,311,310,309,-1,302,301,307,-1,302,307,308,-1,312,308,311,-1,313,314,302,-1,313,308,312,-1,313,302,308,-1,291,313,292,-1,291,314,313,-1,315,316,317,-1,317,316,318,-1,319,320,321,-1,319,321,322,-1,323,321,324,-1,323,322,321,-1,325,323,324,-1,326,327,322,-1,328,322,323,-1,328,326,322,-1,325,324,329,-1,325,329,330,-1,331,329,332,-1,331,330,329,-1,316,331,332,-1,333,331,316,-1,334,316,315,-1,334,333,316,-1,316,332,335,-1,316,335,318,-1,317,335,336,-1,317,318,335,-1,319,337,320,-1,319,338,337,-1,339,340,341,-1,341,340,342,-1,343,344,345,-1,343,345,346,-1,42,345,347,-1,42,346,345,-1,348,42,347,-1,349,350,346,-1,43,346,42,-1,43,349,346,-1,348,347,351,-1,348,351,352,-1,37,351,353,-1,37,352,351,-1,340,37,353,-1,38,37,340,-1,354,340,339,-1,354,38,340,-1,340,353,355,-1,340,355,342,-1,341,355,356,-1,341,342,355,-1,350,349,354,-1,350,354,339,-1,356,339,341,-1,357,358,350,-1,357,339,356,-1,357,350,339,-1,343,357,344,-1,343,358,357,-1,359,360,361,-1,361,360,362,-1,363,364,365,-1,363,365,366,-1,367,365,368,-1,367,366,365,-1,369,367,368,-1,370,371,366,-1,372,366,367,-1,372,370,366,-1,369,368,373,-1,369,373,374,-1,375,373,376,-1,375,374,373,-1,360,375,376,-1,377,375,360,-1,378,360,359,-1,378,377,360,-1,360,376,379,-1,360,379,362,-1,361,379,380,-1,361,362,379,-1,363,381,364,-1,363,382,381,-1,383,384,385,-1,385,384,386,-1,387,388,389,-1,387,389,390,-1,35,389,391,-1,35,390,389,-1,392,35,391,-1,393,394,390,-1,32,390,35,-1,32,393,390,-1,392,391,395,-1,392,395,396,-1,28,395,397,-1,28,396,395,-1,384,28,397,-1,29,28,384,-1,398,384,383,-1,398,29,384,-1,384,397,399,-1,384,399,386,-1,385,399,400,-1,385,386,399,-1,394,393,398,-1,394,398,383,-1,400,383,385,-1,401,402,394,-1,401,383,400,-1,401,394,383,-1,387,401,388,-1,387,402,401,-1,403,404,405,-1,405,404,406,-1,4,6,407,-1,4,407,408,-1,409,407,410,-1,409,408,407,-1,411,409,410,-1,412,413,408,-1,414,408,409,-1,414,412,408,-1,411,410,415,-1,411,415,416,-1,417,415,418,-1,417,416,415,-1,404,417,418,-1,419,417,404,-1,420,404,403,-1,420,419,404,-1,404,418,421,-1,404,421,406,-1,405,421,422,-1,405,406,421,-1,423,424,425,-1,425,424,426,-1,427,0,12,-1,12,0,3,-1,358,343,350,-1,350,343,346,-1,308,306,311,-1,311,306,310,-1,314,291,302,-1,302,291,294,-1,402,387,394,-1,394,387,390,-1,417,419,428,-1,428,419,95,-1,419,414,95,-1,331,333,409,-1,409,333,414,-1,414,333,95,-1,333,328,95,-1,375,377,323,-1,323,377,328,-1,429,297,367,-1,367,297,372,-1,430,296,431,-1,296,93,297,-1,372,93,377,-1,297,93,372,-1,377,93,328,-1,328,93,95,-1,430,93,296,-1,7,4,413,-1,413,4,408,-1,338,319,327,-1,327,319,322,-1,382,363,371,-1,371,363,366,-1,432,433,434,-1,434,433,435,-1,216,436,166,-1,216,437,436,-1,436,167,166,-1,436,438,167,-1,439,440,441,-1,441,440,442,-1,443,444,445,-1,445,444,446,-1,447,448,449,-1,447,450,448,-1,451,452,453,-1,450,454,448,-1,448,455,451,-1,454,455,448,-1,451,456,452,-1,455,456,451,-1,457,458,459,-1,459,458,460,-1,460,461,454,-1,454,461,455,-1,460,462,461,-1,458,462,460,-1,461,463,464,-1,462,463,461,-1,465,466,467,-1,467,466,468,-1,468,469,458,-1,458,469,462,-1,466,469,468,-1,466,470,469,-1,469,471,472,-1,470,471,469,-1,473,474,466,-1,466,474,470,-1,475,476,477,-1,477,476,473,-1,475,478,476,-1,476,479,473,-1,474,479,480,-1,473,479,474,-1,481,482,479,-1,479,482,480,-1,208,207,452,-1,456,483,452,-1,452,483,208,-1,207,206,452,-1,483,209,208,-1,206,205,452,-1,483,210,209,-1,483,484,210,-1,483,485,484,-1,463,486,464,-1,464,486,485,-1,486,487,485,-1,485,487,484,-1,471,488,472,-1,472,488,489,-1,484,490,491,-1,487,490,484,-1,489,492,486,-1,486,492,487,-1,488,492,489,-1,482,493,480,-1,493,494,488,-1,488,494,492,-1,492,495,496,-1,494,495,492,-1,493,274,494,-1,493,273,274,-1,482,272,493,-1,493,272,273,-1,482,271,272,-1,482,270,269,-1,482,269,271,-1,94,87,97,-1,92,87,94,-1,101,290,131,-1,102,290,101,-1,23,497,154,-1,152,497,150,-1,154,497,152,-1,498,499,22,-1,22,499,23,-1,23,500,497,-1,499,500,23,-1,499,501,500,-1,147,447,144,-1,148,447,147,-1,150,447,148,-1,497,447,150,-1,502,503,504,-1,504,505,499,-1,499,505,501,-1,504,506,505,-1,497,450,447,-1,503,507,504,-1,504,507,506,-1,141,508,143,-1,143,508,507,-1,507,508,506,-1,141,138,508,-1,500,457,459,-1,501,457,500,-1,505,465,467,-1,506,465,505,-1,508,475,477,-1,137,475,138,-1,138,475,508,-1,134,475,135,-1,135,475,137,-1,31,125,280,-1,31,280,30,-1,110,44,275,-1,110,45,44,-1,91,93,285,-1,285,93,430,-1,95,106,126,-1,95,126,428,-1,463,462,509,-1,463,509,486,-1,469,472,489,-1,469,489,510,-1,469,510,509,-1,469,509,462,-1,510,489,509,-1,509,489,486,-1,458,457,511,-1,511,457,501,-1,467,468,505,-1,505,468,512,-1,512,468,511,-1,511,468,458,-1,505,511,501,-1,505,512,511,-1,477,473,508,-1,508,473,513,-1,473,466,513,-1,513,466,514,-1,466,465,514,-1,514,465,506,-1,508,513,514,-1,508,514,506,-1,474,480,515,-1,515,480,493,-1,471,470,488,-1,488,470,516,-1,470,515,516,-1,474,515,470,-1,515,493,488,-1,515,488,516,-1,459,460,500,-1,500,460,517,-1,460,454,517,-1,517,454,518,-1,454,450,518,-1,518,450,497,-1,500,517,518,-1,500,518,497,-1,461,464,519,-1,519,464,485,-1,456,455,483,-1,483,455,520,-1,455,519,520,-1,461,519,455,-1,519,485,483,-1,519,483,520,-1,438,83,521,-1,521,83,522,-1,438,84,83,-1,84,436,523,-1,438,436,84,-1,436,524,523,-1,437,524,436,-1,437,216,524,-1,524,216,525,-1,216,211,525,-1,211,213,212,-1,216,213,211,-1,215,214,216,-1,216,214,213,-1,526,441,527,-1,527,441,442,-1,442,528,527,-1,440,528,442,-1,440,439,528,-1,528,439,529,-1,445,446,530,-1,530,446,531,-1,446,532,531,-1,444,532,446,-1,444,533,532,-1,443,533,444,-1,534,76,535,-1,535,76,78,-1,265,76,534,-1,76,267,268,-1,264,266,265,-1,265,266,76,-1,76,266,267,-1,78,77,535,-1,535,77,536,-1,537,538,539,-1,539,540,537,-1,538,541,539,-1,539,542,540,-1,539,543,544,-1,541,543,539,-1,539,545,542,-1,543,546,544,-1,539,547,545,-1,546,548,544,-1,539,549,547,-1,544,550,551,-1,548,550,544,-1,539,552,549,-1,550,553,551,-1,539,554,552,-1,539,555,554,-1,539,556,555,-1,539,557,556,-1,553,558,551,-1,524,84,523,-1,527,84,524,-1,528,84,527,-1,526,524,525,-1,526,527,524,-1,85,84,528,-1,85,528,531,-1,532,85,531,-1,535,85,532,-1,536,85,535,-1,530,528,529,-1,530,531,528,-1,534,532,533,-1,534,535,532,-1,559,560,561,-1,562,68,70,-1,562,70,563,-1,564,565,559,-1,566,563,567,-1,568,566,564,-1,568,559,561,-1,568,564,559,-1,569,570,571,-1,569,571,572,-1,573,574,562,-1,573,562,563,-1,573,566,568,-1,573,563,566,-1,575,576,577,-1,578,572,579,-1,578,573,568,-1,578,569,572,-1,580,575,577,-1,581,582,569,-1,581,569,578,-1,583,577,584,-1,583,580,577,-1,585,551,586,-1,587,588,580,-1,587,580,583,-1,589,585,590,-1,544,551,585,-1,544,585,589,-1,544,587,583,-1,544,589,587,-1,544,583,581,-1,544,578,568,-1,544,581,578,-1,82,591,83,-1,83,591,522,-1,522,592,593,-1,591,592,522,-1,539,594,557,-1,594,595,557,-1,595,381,557,-1,432,434,594,-1,594,596,595,-1,434,596,594,-1,596,597,595,-1,557,380,592,-1,381,380,557,-1,380,337,592,-1,337,593,592,-1,382,371,381,-1,337,598,593,-1,337,336,598,-1,381,359,380,-1,371,359,381,-1,359,361,380,-1,336,5,598,-1,338,327,337,-1,337,315,336,-1,327,315,337,-1,315,317,336,-1,5,422,598,-1,422,599,598,-1,7,413,5,-1,295,298,434,-1,434,298,596,-1,5,403,422,-1,413,403,5,-1,403,405,422,-1,370,378,371,-1,371,378,359,-1,326,334,327,-1,327,334,315,-1,413,420,403,-1,412,420,413,-1,597,600,601,-1,596,600,597,-1,433,594,602,-1,433,432,594,-1,597,603,595,-1,597,601,603,-1,600,604,603,-1,600,603,601,-1,429,605,604,-1,429,606,605,-1,600,429,604,-1,297,429,600,-1,298,600,596,-1,298,297,600,-1,607,608,605,-1,607,605,606,-1,431,609,608,-1,431,435,609,-1,607,431,608,-1,295,434,435,-1,296,435,431,-1,296,295,435,-1,433,602,609,-1,433,609,435,-1,0,610,1,-1,0,427,610,-1,12,11,611,-1,12,611,423,-1,612,423,425,-1,610,427,12,-1,610,423,612,-1,610,12,423,-1,425,613,612,-1,425,426,613,-1,424,614,613,-1,424,613,426,-1,40,615,614,-1,40,616,615,-1,424,40,614,-1,41,40,424,-1,611,424,423,-1,611,41,424,-1,10,9,615,-1,10,615,616,-1,370,372,378,-1,378,372,377,-1,326,328,334,-1,334,328,333,-1,412,414,420,-1,420,414,419,-1,393,32,398,-1,398,32,29,-1,301,36,307,-1,307,36,34,-1,349,43,354,-1,354,43,38,-1,11,13,611,-1,611,13,41,-1,60,617,67,-1,60,61,617,-1,618,61,51,-1,619,61,618,-1,620,618,621,-1,622,618,51,-1,622,621,618,-1,623,619,624,-1,625,621,622,-1,617,623,626,-1,617,61,623,-1,623,61,619,-1,51,627,622,-1,51,50,627,-1,52,628,629,-1,52,53,628,-1,630,631,632,-1,633,630,632,-1,53,55,634,-1,635,53,634,-1,636,633,632,-1,637,633,636,-1,638,635,633,-1,638,633,637,-1,639,636,640,-1,641,53,635,-1,641,635,638,-1,72,640,636,-1,72,636,632,-1,642,637,643,-1,642,638,637,-1,75,640,72,-1,644,638,642,-1,645,638,644,-1,646,641,647,-1,648,642,649,-1,648,644,642,-1,628,646,650,-1,628,53,646,-1,646,53,641,-1,632,73,72,-1,632,651,73,-1,652,69,74,-1,652,653,69,-1,654,653,655,-1,654,655,656,-1,657,656,658,-1,659,656,655,-1,659,658,656,-1,660,654,661,-1,662,658,659,-1,69,660,71,-1,69,654,660,-1,69,653,654,-1,655,663,659,-1,655,664,663,-1,155,153,151,-1,145,151,149,-1,145,149,146,-1,145,155,151,-1,665,666,667,-1,665,155,145,-1,668,145,669,-1,668,665,145,-1,668,666,665,-1,670,668,671,-1,670,666,668,-1,133,672,673,-1,133,674,672,-1,142,674,133,-1,136,133,132,-1,139,140,142,-1,139,142,133,-1,139,133,136,-1,65,59,674,-1,59,672,674,-1,59,66,672,-1,59,58,66,-1,46,675,676,-1,46,676,47,-1,677,678,679,-1,677,679,680,-1,675,677,680,-1,675,680,676,-1,681,682,683,-1,682,479,683,-1,684,481,682,-1,682,481,479,-1,478,685,476,-1,478,686,685,-1,685,687,476,-1,685,688,687,-1,476,687,683,-1,479,476,683,-1,689,690,691,-1,688,689,691,-1,685,692,689,-1,685,689,688,-1,686,693,685,-1,685,693,692,-1,694,695,690,-1,690,695,691,-1,696,694,689,-1,689,694,690,-1,693,696,692,-1,692,696,689,-1,697,684,698,-1,698,684,682,-1,699,700,681,-1,682,681,700,-1,701,700,699,-1,698,682,700,-1,702,703,701,-1,701,703,700,-1,703,697,700,-1,700,697,698,-1,704,592,591,-1,705,592,704,-1,706,592,705,-1,707,592,706,-1,708,592,707,-1,709,557,592,-1,710,592,708,-1,711,709,592,-1,712,711,592,-1,712,592,710,-1,713,701,553,-1,701,558,553,-1,713,702,701,-1,701,699,558,-1,714,715,591,-1,591,716,704,-1,715,716,591,-1,553,550,713,-1,713,550,717,-1,717,548,718,-1,550,548,717,-1,718,546,719,-1,548,546,718,-1,719,543,720,-1,546,543,719,-1,720,541,721,-1,543,541,720,-1,721,538,722,-1,541,538,721,-1,722,537,723,-1,538,537,722,-1,723,540,724,-1,537,540,723,-1,724,542,725,-1,540,542,724,-1,725,545,726,-1,542,545,725,-1,726,547,727,-1,545,547,726,-1,547,549,727,-1,727,549,728,-1,549,552,728,-1,728,552,729,-1,552,554,729,-1,729,554,730,-1,554,555,730,-1,730,555,731,-1,555,556,731,-1,731,556,732,-1,556,557,732,-1,732,557,733,-1,557,709,733,-1,733,709,734,-1,709,711,734,-1,734,711,735,-1,735,712,736,-1,711,712,735,-1,736,710,737,-1,712,710,736,-1,737,708,738,-1,710,708,737,-1,738,707,739,-1,708,707,738,-1,739,706,740,-1,707,706,739,-1,740,705,741,-1,706,705,740,-1,741,704,716,-1,705,704,741,-1,62,64,742,-1,62,742,743,-1,54,62,743,-1,54,743,744,-1,57,54,744,-1,57,744,745,-1,746,747,748,-1,747,453,749,-1,747,451,453,-1,746,451,747,-1,448,750,449,-1,449,750,751,-1,750,752,753,-1,448,752,750,-1,451,746,752,-1,448,451,752,-1,750,753,754,-1,755,750,754,-1,756,754,753,-1,757,754,756,-1,750,755,751,-1,751,755,758,-1,755,754,758,-1,758,754,759,-1,754,757,759,-1,759,757,760,-1,757,756,760,-1,760,756,761,-1,762,747,763,-1,763,747,749,-1,764,765,766,-1,748,764,766,-1,747,762,764,-1,747,764,748,-1,764,762,767,-1,767,762,763,-1,765,764,768,-1,768,764,767,-1,769,522,593,-1,770,769,593,-1,771,770,593,-1,772,771,593,-1,773,772,593,-1,774,773,593,-1,775,774,593,-1,776,775,593,-1,777,776,593,-1,598,777,593,-1,778,765,768,-1,778,779,765,-1,765,780,766,-1,779,780,765,-1,781,769,782,-1,782,770,783,-1,769,770,782,-1,783,771,784,-1,770,771,783,-1,784,772,785,-1,771,772,784,-1,785,773,786,-1,772,773,785,-1,786,774,787,-1,773,774,786,-1,787,775,788,-1,774,775,787,-1,788,776,789,-1,775,776,788,-1,789,777,790,-1,776,777,789,-1,790,598,791,-1,777,598,790,-1,791,792,793,-1,598,792,791,-1,792,794,793,-1,793,794,795,-1,794,796,795,-1,795,796,797,-1,796,798,797,-1,797,798,799,-1,798,800,799,-1,799,800,801,-1,800,802,801,-1,801,802,803,-1,802,804,803,-1,803,804,805,-1,804,806,805,-1,805,806,807,-1,806,808,807,-1,807,808,809,-1,808,810,809,-1,809,810,811,-1,811,812,813,-1,810,812,811,-1,813,814,815,-1,812,814,813,-1,815,816,817,-1,814,816,815,-1,817,818,819,-1,816,818,817,-1,819,820,821,-1,818,820,819,-1,821,822,778,-1,820,822,821,-1,822,779,778,-1,521,522,823,-1,823,522,781,-1,522,769,781,-1,824,825,630,-1,630,825,631,-1,826,824,633,-1,633,824,630,-1,633,827,826,-1,635,827,633,-1,828,827,634,-1,634,827,635,-1,56,828,55,-1,55,828,634,-1,492,504,487,-1,487,504,499,-1,829,830,831,-1,832,829,833,-1,832,833,834,-1,20,832,21,-1,20,830,829,-1,20,829,832,-1,835,836,491,-1,837,484,836,-1,836,484,491,-1,495,838,839,-1,495,494,838,-1,494,840,838,-1,495,839,841,-1,495,841,496,-1,838,840,837,-1,838,837,836,-1,18,830,15,-1,15,830,20,-1,842,843,844,-1,842,845,843,-1,845,846,843,-1,845,847,846,-1,847,848,846,-1,847,849,848,-1,849,844,848,-1,849,842,844,-1,845,842,847,-1,847,842,849,-1,850,851,852,-1,850,853,851,-1,853,854,851,-1,853,855,854,-1,855,856,854,-1,855,857,856,-1,857,852,856,-1,857,850,852,-1,853,850,855,-1,855,850,857,-1,858,859,860,-1,858,860,861,-1,862,858,861,-1,862,861,863,-1,864,862,863,-1,864,863,865,-1,859,864,865,-1,859,865,860,-1,863,861,865,-1,865,861,860,-1,866,867,868,-1,866,868,869,-1,870,866,869,-1,870,869,871,-1,872,870,871,-1,872,871,873,-1,867,872,873,-1,867,873,868,-1,871,869,873,-1,873,869,868,-1,758,759,867,-1,866,758,867,-1,760,761,669,-1,870,872,760,-1,144,751,758,-1,144,866,870,-1,144,758,866,-1,145,760,669,-1,145,870,760,-1,145,144,870,-1,447,449,144,-1,449,751,144,-1,759,760,872,-1,759,872,867,-1,781,159,823,-1,782,159,781,-1,783,159,782,-1,859,821,778,-1,859,819,821,-1,859,817,819,-1,859,815,817,-1,859,813,815,-1,859,811,813,-1,859,809,811,-1,859,778,768,-1,864,859,768,-1,864,768,767,-1,858,807,809,-1,858,805,807,-1,858,803,805,-1,858,801,803,-1,858,799,801,-1,858,797,799,-1,858,795,797,-1,858,793,795,-1,858,791,793,-1,858,790,791,-1,858,809,859,-1,157,789,790,-1,157,788,789,-1,157,787,788,-1,157,786,787,-1,157,785,786,-1,157,784,785,-1,157,783,784,-1,157,159,783,-1,157,790,858,-1,763,862,864,-1,205,157,858,-1,205,862,763,-1,205,763,749,-1,205,858,862,-1,453,452,205,-1,767,763,864,-1,749,453,205,-1,696,693,854,-1,693,851,854,-1,695,694,673,-1,856,852,694,-1,686,134,693,-1,851,134,852,-1,693,134,851,-1,694,133,673,-1,852,133,694,-1,134,133,852,-1,478,475,134,-1,686,478,134,-1,694,696,856,-1,856,696,854,-1,219,716,715,-1,219,741,716,-1,219,740,741,-1,723,846,722,-1,722,846,721,-1,721,846,720,-1,720,846,719,-1,719,846,718,-1,718,846,717,-1,717,846,713,-1,713,846,702,-1,846,848,702,-1,702,848,703,-1,733,843,732,-1,732,843,731,-1,731,843,730,-1,730,843,729,-1,729,843,728,-1,728,843,727,-1,727,843,726,-1,726,843,725,-1,725,843,724,-1,724,843,723,-1,723,843,846,-1,740,218,739,-1,733,218,843,-1,739,218,738,-1,738,218,737,-1,737,218,736,-1,736,218,735,-1,735,218,734,-1,734,218,733,-1,219,218,740,-1,844,697,848,-1,218,270,843,-1,844,270,697,-1,697,270,684,-1,843,270,844,-1,482,481,270,-1,697,703,848,-1,481,684,270,-1,484,837,210,-1,837,428,210,-1,837,416,428,-1,837,411,416,-1,416,417,428,-1,127,183,126,-1,128,183,127,-1,126,183,428,-1,428,183,210,-1,128,129,183,-1,129,130,183,-1,130,131,183,-1,131,211,183,-1,525,211,131,-1,411,331,409,-1,330,331,411,-1,374,323,325,-1,374,375,323,-1,526,439,441,-1,529,439,526,-1,840,607,606,-1,606,429,369,-1,369,429,367,-1,494,274,840,-1,533,443,530,-1,530,443,445,-1,274,430,840,-1,840,430,607,-1,607,430,431,-1,534,290,265,-1,430,229,285,-1,290,229,265,-1,289,229,290,-1,288,229,289,-1,287,229,288,-1,286,229,287,-1,285,229,286,-1,274,229,430,-1,837,840,411,-1,411,840,330,-1,330,840,325,-1,325,840,374,-1,374,840,369,-1,369,840,606,-1,131,290,525,-1,525,290,526,-1,526,290,529,-1,529,290,530,-1,530,290,533,-1,533,290,534,-1,498,832,834,-1,490,834,874,-1,490,498,834,-1,875,490,874,-1,487,499,498,-1,487,498,490,-1,496,841,876,-1,502,876,833,-1,502,496,876,-1,829,502,833,-1,504,492,496,-1,504,496,502,-1,665,49,155,-1,49,30,155,-1,47,396,49,-1,49,396,30,-1,680,679,676,-1,676,679,47,-1,679,392,47,-1,47,392,396,-1,396,28,30,-1,281,154,280,-1,282,154,281,-1,283,154,282,-1,284,154,283,-1,16,154,284,-1,280,154,30,-1,30,154,155,-1,392,304,35,-1,679,304,392,-1,679,300,304,-1,304,33,35,-1,15,23,16,-1,16,23,154,-1,745,348,352,-1,352,37,300,-1,300,37,39,-1,743,742,744,-1,744,742,745,-1,745,616,348,-1,742,616,745,-1,348,616,42,-1,142,877,674,-1,742,10,616,-1,877,10,742,-1,616,40,42,-1,10,44,8,-1,142,44,877,-1,877,44,10,-1,18,19,507,-1,44,143,275,-1,279,143,19,-1,278,143,279,-1,277,143,278,-1,276,143,277,-1,275,143,276,-1,19,143,507,-1,142,143,44,-1,679,745,300,-1,300,745,352,-1,875,836,835,-1,841,875,874,-1,841,874,876,-1,838,841,839,-1,838,836,875,-1,838,875,841,-1,490,875,835,-1,490,835,491,-1,21,498,22,-1,832,498,21,-1,829,503,502,-1,831,503,829,-1,830,503,831,-1,507,503,830,-1,18,507,830,-1,391,568,395,-1,399,395,568,-1,397,395,399,-1,400,399,568,-1,303,568,391,-1,388,391,389,-1,309,303,391,-1,309,391,388,-1,312,388,401,-1,312,309,388,-1,305,303,309,-1,292,299,293,-1,355,299,292,-1,355,351,299,-1,356,355,292,-1,356,292,313,-1,353,351,355,-1,834,312,401,-1,834,356,313,-1,344,347,345,-1,544,347,615,-1,544,615,9,-1,833,356,834,-1,613,615,347,-1,613,347,344,-1,612,613,344,-1,612,357,833,-1,612,344,357,-1,614,615,613,-1,410,400,415,-1,410,401,400,-1,599,415,400,-1,599,400,568,-1,874,834,401,-1,874,401,410,-1,421,415,599,-1,1,544,9,-1,1,9,2,-1,422,421,599,-1,418,415,421,-1,329,874,410,-1,876,612,833,-1,324,874,329,-1,324,876,874,-1,6,410,407,-1,373,876,324,-1,335,6,5,-1,335,329,410,-1,335,410,6,-1,336,335,5,-1,332,329,335,-1,368,876,373,-1,320,324,321,-1,379,373,324,-1,379,324,320,-1,380,320,337,-1,380,379,320,-1,376,373,379,-1,605,876,368,-1,605,612,876,-1,608,610,612,-1,608,612,605,-1,364,368,365,-1,603,364,381,-1,603,605,368,-1,603,368,364,-1,595,603,381,-1,604,605,603,-1,602,608,609,-1,539,608,602,-1,539,602,594,-1,539,544,1,-1,539,1,610,-1,539,610,608,-1,544,568,303,-1,544,303,299,-1,544,299,351,-1,544,351,347,-1,357,356,833,-1,313,312,834,-1,165,167,162,-1,162,167,160,-1,160,167,156,-1,156,167,159,-1,167,823,159,-1,438,521,167,-1,167,521,823,-1,81,80,714,-1,225,224,80,-1,222,220,224,-1,224,220,80,-1,220,219,80,-1,80,715,714,-1,219,715,80,-1,77,85,536,-1,82,714,591,-1,85,81,82,-1,82,81,714,-1,77,81,85,-1,825,824,678,-1,824,826,678,-1,56,57,828,-1,57,827,828,-1,827,679,826,-1,826,679,678,-1,827,745,679,-1,57,745,827,-1,666,48,667,-1,664,655,670,-1,670,655,666,-1,655,675,666,-1,666,675,48,-1,675,46,48,-1,655,653,675,-1,651,632,652,-1,652,632,653,-1,632,677,653,-1,632,631,677,-1,677,825,678,-1,631,825,677,-1,677,675,653,-1,780,779,561,-1,561,822,568,-1,779,822,561,-1,822,820,568,-1,820,818,568,-1,818,816,568,-1,814,599,816,-1,812,599,814,-1,810,599,812,-1,808,599,810,-1,806,599,808,-1,804,599,806,-1,802,599,804,-1,800,599,802,-1,798,599,800,-1,796,599,798,-1,794,599,796,-1,792,599,794,-1,598,599,792,-1,816,599,568,-1,780,746,766,-1,766,746,748,-1,752,561,753,-1,756,669,761,-1,756,668,669,-1,561,668,756,-1,560,659,561,-1,561,659,668,-1,560,662,659,-1,668,663,671,-1,659,663,668,-1,756,753,561,-1,780,561,746,-1,746,561,752,-1,63,877,64,-1,64,877,742,-1,699,683,558,-1,699,681,683,-1,688,551,687,-1,551,617,586,-1,586,617,626,-1,617,672,67,-1,551,672,617,-1,551,691,672,-1,672,66,67,-1,695,673,691,-1,691,673,672,-1,688,691,551,-1,551,558,687,-1,687,558,683,-1,588,587,620,-1,620,587,618,-1,589,619,587,-1,587,619,618,-1,589,590,619,-1,619,590,624,-1,623,586,626,-1,623,585,586,-1,580,621,625,-1,580,625,575,-1,588,620,580,-1,580,620,621,-1,585,623,590,-1,590,623,624,-1,574,573,639,-1,639,573,636,-1,578,637,573,-1,573,637,636,-1,578,579,637,-1,637,579,643,-1,582,581,645,-1,645,581,638,-1,583,641,581,-1,581,641,638,-1,583,584,641,-1,641,584,647,-1,646,576,650,-1,646,577,576,-1,569,644,648,-1,569,648,570,-1,642,571,649,-1,642,572,571,-1,562,640,75,-1,562,75,68,-1,570,648,571,-1,571,648,649,-1,582,645,569,-1,569,645,644,-1,574,639,562,-1,562,639,640,-1,577,646,584,-1,584,646,647,-1,572,642,579,-1,579,642,643,-1,576,628,650,-1,575,622,576,-1,576,622,628,-1,628,627,629,-1,622,627,628,-1,575,625,622,-1,627,50,629,-1,629,50,52,-1,565,564,657,-1,657,564,656,-1,566,654,564,-1,564,654,656,-1,566,567,654,-1,654,567,661,-1,660,70,71,-1,660,563,70,-1,559,658,662,-1,559,662,560,-1,565,657,559,-1,559,657,658,-1,563,660,567,-1,567,660,661,-1,73,651,74,-1,74,651,652,-1,667,49,665,-1,667,48,49,-1,663,664,671,-1,671,664,670,-1,63,65,674,-1,63,674,877            ]
            ccw TRUE
          }
        }
        Shape {
          appearance DEF M0 Appearance {
            material Material {
              diffuseColor 0.86667 0.70196 0.3451
              specularColor 0.05 0.05 0.05
              shininess 0.5
            }
          }
          geometry IndexedFaceSet {
            coord Coordinate {
              point [
-4 -3.68182325 7.25500011,-3.6624999 -3.43182325 7.85500002,-4 -3.43182325 7.25500011,-3.6624999 -3.68182325 7.85500002,-3.3375001 -3.43182325 7.85500002,-3 -3.68182325 7.25500011,-3 -3.43182325 7.25500011,-3.3375001 -3.68182325 7.85500002,-4 -3.43182325 6.65500021,-4 -3.68182325 6.65500021,-4 -3.43536162 6.58858728,-4 -3.68725038 6.59143162,-4 -3.44593716 6.52292681,-4 -3.70337486 6.52970362,-4 -3.46342993 6.45876169,-4 -4.30071688 5.6066165,-4 -4.5165844 5.74109411,-4 -4.46588087 5.79521704,-4 -4.24704361 5.65778303,-4 -4.41172171 5.84588194,-4 -3.80980587 6.37285185,-4 -4.34986496 5.55108929,-4 -4.56361198 5.68374777,-4 -4.39413548 5.49159956,-4 -4.60675859 5.62342739,-4 -3.48764181 6.39681864,-4 -3.72972989 6.47160196,-4 -4.43320942 5.42857504,-4 -4.64583731 5.56039572,-4 -4.68067789 5.49492598,-4 -3.51829886 6.33779907,-4 -3.55505371 6.28237104,-4 -3.76555252 6.41880846,-4 -3.64512777 6.18475342,-4 -4.46680689 5.36246872,-4 -4.71112967 5.42730331,-4 -3.59749007 6.23116255,-4 -4.49468613 5.29375458,-4 -4.73705959 5.35782099,-4 -4.51664734 5.22292709,-4 -4.75835514 5.28678083,-4 -4.7749238 5.21449232,-4 -4.53253269 5.1504941,-4 -4.78669357 5.14126921,-4 -4.54222775 5.0769763,-4 -4.79361343 5.06742954,-4 -4.54566288 5.00290155,-4 -4.79565334 4.99329472,-4 -4.54281425 4.92880201,-4 -4.79280376 4.91918659,-4 -4.78507805 4.84542704,-4 -4.53370142 4.85520983,-4 -4.7725091 4.77233648,-4 -4.51839018 4.78265333,-4 -4.75515223 4.70023346,-4 -4.4969902 4.71165419,-4 -4.73308182 4.62943029,-4 -3.09385538 0.68279916,-4 -3.32994699 0.60057521,-4 -3.04909849 0.54393142,-4 -3.28780484 0.46955475,-4 -3.01087213 0.40312597,-4 -3.25198102 0.33666754,-4 -2.97925949 0.26068971,-4 -3.22255826 0.20221815,-4 -2.95432973 0.11693315,-4 -3.19960356 0.0665147,-4 -2.9361372 -0.02783034,-4 -3.18316984 -0.07013182,-4 -2.92472124 -0.17328522,-4 -3.17329431 -0.20740825,-4 -2.92010713 -0.31911439,-4 -3.17000008 -0.345,-4 -2.92230487 -0.465,-4 -3.17000008 -0.465,-3 -3.68182325 6.65500021,-3 -3.43182325 6.65500021,-3 -3.80980587 6.37285185,-3 -3.76555252 6.41880846,-3 -3.72972989 6.47160196,-3 -3.70337486 6.52970362,-3 -3.68725038 6.59143162,-3 -3.59749007 6.23116255,-3 -3.64512777 6.18475342,-3 -3.55505371 6.28237104,-3 -3.51829886 6.33779907,-3 -3.48764181 6.39681864,-3 -3.46342993 6.45876169,-3 -3.44593716 6.52292681,-3 -3.43536162 6.58858728,-3 -4.41172171 5.84588194,-3 -4.24704361 5.65778303,-3 -4.73308182 4.62943029,-3 -4.75515223 4.70023346,-3 -4.7725091 4.77233648,-3 -4.78507805 4.84542704,-3 -4.79280376 4.91918659,-3 -4.79565334 4.99329472,-3 -4.79361343 5.06742954,-3 -4.78669357 5.14126921,-3 -4.7749238 5.21449232,-3 -4.75835514 5.28678083,-3 -4.73705959 5.35782099,-3 -4.71112967 5.42730331,-3 -4.68067789 5.49492598,-3 -4.64583731 5.56039572,-3 -4.60675859 5.62342739,-3 -4.56361198 5.68374777,-3 -4.5165844 5.74109411,-3 -4.46588087 5.79521704,-3 -4.4969902 4.71165419,-3 -4.51839018 4.78265333,-3 -4.53370142 4.85520983,-3 -4.54281425 4.92880201,-3 -4.54566288 5.00290155,-3 -4.54222775 5.0769763,-3 -4.53253269 5.1504941,-3 -4.51664734 5.22292709,-3 -4.49468613 5.29375458,-3 -4.46680689 5.36246872,-3 -4.43320942 5.42857504,-3 -4.39413548 5.49159956,-3 -4.34986496 5.55108929,-3 -4.30071688 5.6066165,-3 -3.32994699 0.60057521,-3 -3.09385538 0.68279916,-3 -3.17000008 -0.345,-3 -3.17329431 -0.20740825,-3 -3.18316984 -0.07013182,-3 -3.19960356 0.0665147,-3 -3.22255826 0.20221815,-3 -3.25198102 0.33666754,-3 -3.28780484 0.46955475,-3.910007 -2.92014408 -0.37500691,-3.94001102 -2.92057633 -0.40501106,-3.97000957 -2.9212966 -0.43500969,-3.88000011 -2.92000008 -0.345,-3 -2.92010713 -0.31911439,-3.089993 -2.92014408 -0.37500691,-3.11999989 -2.92000008 -0.345,-3.05998898 -2.92057633 -0.40501106,-3.02999043 -2.9212966 -0.43500969,-3 -2.92230487 -0.465,-3 -2.92472124 -0.17328522,-3 -2.9361372 -0.02783034,-3 -2.95432973 0.11693315,-3 -2.97925949 0.26068971,-3 -3.01087213 0.40312597,-3 -3.04909849 0.54393142,-3 -3.17000008 -0.465,-3.3375001 5.06817675 7.85500002,-3 4.81817675 7.25500011,-3 5.06817675 7.25500011,-3.3375001 4.81817675 7.85500002,-4 4.81817675 7.25500011,-3.6624999 4.81817675 7.85500002,-4 5.06817675 7.25500011,-3.6624999 5.06817675 7.85500002,-4 5.06817675 6.65500021,-4 4.81817675 6.65500021,-4 5.06463814 6.58858728,-4 4.81274986 6.59143162,-4 5.05406284 6.52292681,-4 4.79662514 6.52970362,-4 5.03657007 6.45876169,-4 4.19928312 5.6066165,-4 3.9834156 5.74109411,-4 4.03411913 5.79521704,-4 4.25295639 5.65778303,-4 4.08827829 5.84588194,-4 4.69019413 6.37285185,-4 4.15013504 5.55108929,-4 3.93638825 5.68374777,-4 4.10586452 5.49159956,-4 3.89324141 5.62342739,-4 5.01235819 6.39681864,-4 4.77027035 6.47160196,-4 4.06679058 5.42857504,-4 3.85416269 5.56039572,-4 3.81932187 5.49492598,-4 4.98170137 6.33779907,-4 4.94494629 6.28237104,-4 4.73444748 6.41880846,-4 4.85487223 6.18475342,-4 4.03319311 5.36246872,-4 3.78887033 5.42730331,-4 4.90250969 6.23116255,-4 4.00531387 5.29375458,-4 3.76294041 5.35782099,-4 3.98335266 5.22292709,-4 3.74164486 5.28678083,-4 3.7250762 5.21449232,-4 3.96746755 5.1504941,-4 3.71330643 5.14126921,-4 3.95777249 5.0769763,-4 3.70638657 5.06742954,-4 3.95433688 5.00290155,-4 3.7043469 4.99329472,-4 3.95718575 4.92880201,-4 3.707196 4.91918659,-4 3.71492195 4.84542704,-4 3.96629858 4.85520983,-4 3.72749066 4.77233648,-4 3.98160982 4.78265333,-4 3.74484801 4.70023346,-4 4.0030098 4.71165419,-4 3.76691794 4.62943029,-4 5.40614462 0.68279916,-4 5.17005301 0.60057521,-4 5.45090151 0.54393142,-4 5.2121954 0.46955475,-4 5.48912811 0.40312597,-4 5.24801874 0.33666754,-4 5.52074051 0.26068971,-4 5.2774415 0.20221815,-4 5.54567051 0.11693315,-4 5.30039644 0.0665147,-4 5.5638628 -0.02783034,-4 5.31683016 -0.07013182,-4 5.57527876 -0.17328522,-4 5.32670546 -0.20740825,-4 5.57989264 -0.31911439,-4 5.32999992 -0.345,-4 5.57769537 -0.465,-4 5.32999992 -0.465,-3 4.81817675 6.65500021,-3 5.06817675 6.65500021,-3 5.06463814 6.58858728,-3 4.81274986 6.59143162,-3 5.05406284 6.52292681,-3 4.79662514 6.52970362,-3 5.03657007 6.45876169,-3 5.01235819 6.39681864,-3 4.77027035 6.47160196,-3 4.98170137 6.33779907,-3 4.94494629 6.28237104,-3 4.73444748 6.41880846,-3 4.90250969 6.23116255,-3 4.69019413 6.37285185,-3 4.85487223 6.18475342,-3 4.08827829 5.84588194,-3 4.25295639 5.65778303,-3 4.03411913 5.79521704,-3 4.19928312 5.6066165,-3 3.9834156 5.74109411,-3 4.15013504 5.55108929,-3 3.93638825 5.68374777,-3 4.10586452 5.49159956,-3 3.89324141 5.62342739,-3 4.06679058 5.42857504,-3 3.85416269 5.56039572,-3 3.81932187 5.49492598,-3 4.03319311 5.36246872,-3 3.78887033 5.42730331,-3 4.00531387 5.29375458,-3 3.76294041 5.35782099,-3 3.98335266 5.22292709,-3 3.74164486 5.28678083,-3 3.7250762 5.21449232,-3 3.96746755 5.1504941,-3 3.71330643 5.14126921,-3 3.95777249 5.0769763,-3 3.70638657 5.06742954,-3 3.95433688 5.00290155,-3 3.7043469 4.99329472,-3 3.95718575 4.92880201,-3 3.707196 4.91918659,-3 3.71492195 4.84542704,-3 3.96629858 4.85520983,-3 3.72749066 4.77233648,-3 3.98160982 4.78265333,-3 3.74484801 4.70023346,-3 4.0030098 4.71165419,-3 3.76691794 4.62943029,-3 5.17005301 0.60057521,-3 5.45090151 0.54393142,-3 5.40614462 0.68279916,-3 5.2121954 0.46955475,-3 5.48912811 0.40312597,-3 5.24801874 0.33666754,-3 5.52074051 0.26068971,-3 5.2774415 0.20221815,-3 5.54567051 0.11693315,-3 5.30039644 0.0665147,-3 5.5638628 -0.02783034,-3 5.31683016 -0.07013182,-3 5.57527876 -0.17328522,-3 5.32670546 -0.20740825,-3 5.57989264 -0.31911439,-3 5.32999992 -0.345,-3 5.57769537 -0.465,-3 5.32999992 -0.465,-3.910007 5.57985592 -0.37500691,-3.94001102 5.5794239 -0.40501106,-3.97000957 5.5787034 -0.43500969,-3.88000011 5.57999992 -0.345,-3.089993 5.57985592 -0.37500691,-3.11999989 5.57999992 -0.345,-3.05998898 5.5794239 -0.40501106,-3.02999043 5.5787034 -0.43500969,-0.83749998 5.06817675 7.85500002,-0.5 4.81817675 7.25500011,-0.5 5.06817675 7.25500011,-0.83749998 4.81817675 7.85500002,-1.5 4.81817675 7.25500011,-1.16250002 4.81817675 7.85500002,-1.5 5.06817675 7.25500011,-1.16250002 5.06817675 7.85500002,-1.5 5.06817675 6.65500021,-1.5 4.81817675 6.65500021,-1.5 5.06463814 6.58858728,-1.5 4.81274986 6.59143162,-1.5 5.05406284 6.52292681,-1.5 4.79662514 6.52970362,-1.5 5.03657007 6.45876169,-1.5 4.19928312 5.6066165,-1.5 3.9834156 5.74109411,-1.5 4.03411913 5.79521704,-1.5 4.25295639 5.65778303,-1.5 4.08827829 5.84588194,-1.5 4.69019413 6.37285185,-1.5 4.15013504 5.55108929,-1.5 3.93638825 5.68374777,-1.5 4.10586452 5.49159956,-1.5 3.89324141 5.62342739,-1.5 5.01235819 6.39681864,-1.5 4.77027035 6.47160196,-1.5 4.06679058 5.42857504,-1.5 3.85416269 5.56039572,-1.5 3.81932187 5.49492598,-1.5 4.98170137 6.33779907,-1.5 4.94494629 6.28237104,-1.5 4.73444748 6.41880846,-1.5 4.85487223 6.18475342,-1.5 4.03319311 5.36246872,-1.5 3.78887033 5.42730331,-1.5 4.90250969 6.23116255,-1.5 4.00531387 5.29375458,-1.5 3.76294041 5.35782099,-1.5 3.98335266 5.22292709,-1.5 3.74164486 5.28678083,-1.5 3.7250762 5.21449232,-1.5 3.96746755 5.1504941,-1.5 3.71330643 5.14126921,-1.5 3.95777249 5.0769763,-1.5 3.70638657 5.06742954,-1.5 3.95433688 5.00290155,-1.5 3.7043469 4.99329472,-1.5 3.95718575 4.92880201,-1.5 3.707196 4.91918659,-1.5 3.71492195 4.84542704,-1.5 3.96629858 4.85520983,-1.5 3.72749066 4.77233648,-1.5 3.98160982 4.78265333,-1.5 3.74484801 4.70023346,-1.5 4.0030098 4.71165419,-1.5 3.76691794 4.62943029,-1.5 5.40614462 0.68279916,-1.5 5.17005301 0.60057521,-1.5 5.45090151 0.54393142,-1.5 5.2121954 0.46955475,-1.5 5.48912811 0.40312597,-1.5 5.24801874 0.33666754,-1.5 5.52074051 0.26068971,-1.5 5.2774415 0.20221815,-1.5 5.54567051 0.11693315,-1.5 5.30039644 0.0665147,-1.5 5.5638628 -0.02783034,-1.5 5.31683016 -0.07013182,-1.5 5.57527876 -0.17328522,-1.5 5.32670546 -0.20740825,-1.5 5.57989264 -0.31911439,-1.5 5.32999992 -0.345,-1.5 5.57769537 -0.465,-1.5 5.32999992 -0.465,-0.5 4.81817675 6.65500021,-0.5 5.06817675 6.65500021,-0.5 5.06463814 6.58858728,-0.5 4.81274986 6.59143162,-0.5 5.05406284 6.52292681,-0.5 4.79662514 6.52970362,-0.5 5.03657007 6.45876169,-0.5 5.01235819 6.39681864,-0.5 4.77027035 6.47160196,-0.5 4.98170137 6.33779907,-0.5 4.94494629 6.28237104,-0.5 4.73444748 6.41880846,-0.5 4.90250969 6.23116255,-0.5 4.69019413 6.37285185,-0.5 4.85487223 6.18475342,-0.5 4.08827829 5.84588194,-0.5 4.25295639 5.65778303,-0.5 4.03411913 5.79521704,-0.5 4.19928312 5.6066165,-0.5 3.9834156 5.74109411,-0.5 4.15013504 5.55108929,-0.5 3.93638825 5.68374777,-0.5 4.10586452 5.49159956,-0.5 3.89324141 5.62342739,-0.5 4.06679058 5.42857504,-0.5 3.85416269 5.56039572,-0.5 3.81932187 5.49492598,-0.5 4.03319311 5.36246872,-0.5 3.78887033 5.42730331,-0.5 4.00531387 5.29375458,-0.5 3.76294041 5.35782099,-0.5 3.98335266 5.22292709,-0.5 3.74164486 5.28678083,-0.5 3.7250762 5.21449232,-0.5 3.96746755 5.1504941,-0.5 3.71330643 5.14126921,-0.5 3.95777249 5.0769763,-0.5 3.70638657 5.06742954,-0.5 3.95433688 5.00290155,-0.5 3.7043469 4.99329472,-0.5 3.95718575 4.92880201,-0.5 3.707196 4.91918659,-0.5 3.71492195 4.84542704,-0.5 3.96629858 4.85520983,-0.5 3.72749066 4.77233648,-0.5 3.98160982 4.78265333,-0.5 3.74484801 4.70023346,-0.5 4.0030098 4.71165419,-0.5 3.76691794 4.62943029,-0.5 5.17005301 0.60057521,-0.5 5.45090151 0.54393142,-0.5 5.40614462 0.68279916,-0.5 5.2121954 0.46955475,-0.5 5.48912811 0.40312597,-0.5 5.24801874 0.33666754,-0.5 5.52074051 0.26068971,-0.5 5.2774415 0.20221815,-0.5 5.54567051 0.11693315,-0.5 5.30039644 0.0665147,-0.5 5.5638628 -0.02783034,-0.5 5.31683016 -0.07013182,-0.5 5.57527876 -0.17328522,-0.5 5.32670546 -0.20740825,-0.5 5.57989264 -0.31911439,-0.5 5.32999992 -0.345,-0.5 5.57769537 -0.465,-0.5 5.32999992 -0.465,-1.41000688 5.57985592 -0.37500691,-1.44001102 5.5794239 -0.40501106,-1.47000968 5.5787034 -0.43500969,-1.38 5.57999992 -0.345,-0.58999306 5.57985592 -0.37500691,-0.62 5.57999992 -0.345,-0.55998892 5.5794239 -0.40501106,-0.52999032 5.5787034 -0.43500969,1.16250002 5.06817675 7.85500002,1.5 4.81817675 7.25500011,1.5 5.06817675 7.25500011,1.16250002 4.81817675 7.85500002,0.5 4.81817675 7.25500011,0.83749998 4.81817675 7.85500002,0.5 5.06817675 7.25500011,0.83749998 5.06817675 7.85500002,0.5 5.06817675 6.65500021,0.5 4.81817675 6.65500021,0.5 5.06463814 6.58858728,0.5 4.81274986 6.59143162,0.5 5.05406284 6.52292681,0.5 4.79662514 6.52970362,0.5 5.03657007 6.45876169,0.5 4.19928312 5.6066165,0.5 3.9834156 5.74109411,0.5 4.03411913 5.79521704,0.5 4.25295639 5.65778303,0.5 4.08827829 5.84588194,0.5 4.69019413 6.37285185,0.5 4.15013504 5.55108929,0.5 3.93638825 5.68374777,0.5 4.10586452 5.49159956,0.5 3.89324141 5.62342739,0.5 5.01235819 6.39681864,0.5 4.77027035 6.47160196,0.5 4.06679058 5.42857504,0.5 3.85416269 5.56039572,0.5 3.81932187 5.49492598,0.5 4.98170137 6.33779907,0.5 4.94494629 6.28237104,0.5 4.73444748 6.41880846,0.5 4.85487223 6.18475342,0.5 4.03319311 5.36246872,0.5 3.78887033 5.42730331,0.5 4.90250969 6.23116255,0.5 4.00531387 5.29375458,0.5 3.76294041 5.35782099,0.5 3.98335266 5.22292709,0.5 3.74164486 5.28678083,0.5 3.7250762 5.21449232,0.5 3.96746755 5.1504941,0.5 3.71330643 5.14126921,0.5 3.95777249 5.0769763,0.5 3.70638657 5.06742954,0.5 3.95433688 5.00290155,0.5 3.7043469 4.99329472,0.5 3.95718575 4.92880201,0.5 3.707196 4.91918659,0.5 3.71492195 4.84542704,0.5 3.96629858 4.85520983,0.5 3.72749066 4.77233648,0.5 3.98160982 4.78265333,0.5 3.74484801 4.70023346,0.5 4.0030098 4.71165419,0.5 3.76691794 4.62943029,0.5 5.40614462 0.68279916,0.5 5.17005301 0.60057521,0.5 5.45090151 0.54393142,0.5 5.2121954 0.46955475,0.5 5.48912811 0.40312597,0.5 5.24801874 0.33666754,0.5 5.52074051 0.26068971,0.5 5.2774415 0.20221815,0.5 5.54567051 0.11693315,0.5 5.30039644 0.0665147,0.5 5.5638628 -0.02783034,0.5 5.31683016 -0.07013182,0.5 5.57527876 -0.17328522,0.5 5.32670546 -0.20740825,0.5 5.57989264 -0.31911439,0.5 5.32999992 -0.345,0.5 5.57769537 -0.465,0.5 5.32999992 -0.465,1.5 4.81817675 6.65500021,1.5 5.06817675 6.65500021,1.5 5.06463814 6.58858728,1.5 4.81274986 6.59143162,1.5 5.05406284 6.52292681,1.5 4.79662514 6.52970362,1.5 5.03657007 6.45876169,1.5 5.01235819 6.39681864,1.5 4.77027035 6.47160196,1.5 4.98170137 6.33779907,1.5 4.94494629 6.28237104,1.5 4.73444748 6.41880846,1.5 4.90250969 6.23116255,1.5 4.69019413 6.37285185,1.5 4.85487223 6.18475342,1.5 4.08827829 5.84588194,1.5 4.25295639 5.65778303,1.5 4.03411913 5.79521704,1.5 4.19928312 5.6066165,1.5 3.9834156 5.74109411,1.5 4.15013504 5.55108929,1.5 3.93638825 5.68374777,1.5 4.10586452 5.49159956,1.5 3.89324141 5.62342739,1.5 4.06679058 5.42857504,1.5 3.85416269 5.56039572,1.5 3.81932187 5.49492598,1.5 4.03319311 5.36246872,1.5 3.78887033 5.42730331,1.5 4.00531387 5.29375458,1.5 3.76294041 5.35782099,1.5 3.98335266 5.22292709,1.5 3.74164486 5.28678083,1.5 3.7250762 5.21449232,1.5 3.96746755 5.1504941,1.5 3.71330643 5.14126921,1.5 3.95777249 5.0769763,1.5 3.70638657 5.06742954,1.5 3.95433688 5.00290155,1.5 3.7043469 4.99329472,1.5 3.95718575 4.92880201,1.5 3.707196 4.91918659,1.5 3.71492195 4.84542704,1.5 3.96629858 4.85520983,1.5 3.72749066 4.77233648,1.5 3.98160982 4.78265333,1.5 3.74484801 4.70023346,1.5 4.0030098 4.71165419,1.5 3.76691794 4.62943029,1.5 5.17005301 0.60057521,1.5 5.45090151 0.54393142,1.5 5.40614462 0.68279916,1.5 5.2121954 0.46955475,1.5 5.48912811 0.40312597,1.5 5.24801874 0.33666754,1.5 5.52074051 0.26068971,1.5 5.2774415 0.20221815,1.5 5.54567051 0.11693315,1.5 5.30039644 0.0665147,1.5 5.5638628 -0.02783034,1.5 5.31683016 -0.07013182,1.5 5.57527876 -0.17328522,1.5 5.32670546 -0.20740825,1.5 5.57989264 -0.31911439,1.5 5.32999992 -0.345,1.5 5.57769537 -0.465,1.5 5.32999992 -0.465,0.58999306 5.57985592 -0.37500691,0.55998892 5.5794239 -0.40501106,0.52999032 5.5787034 -0.43500969,0.62 5.57999992 -0.345,1.41000688 5.57985592 -0.37500691,1.38 5.57999992 -0.345,1.44001102 5.5794239 -0.40501106,1.47000968 5.5787034 -0.43500969,3.6624999 5.06817675 7.85500002,4 4.81817675 7.25500011,4 5.06817675 7.25500011,3.6624999 4.81817675 7.85500002,3 4.81817675 7.25500011,3.3375001 4.81817675 7.85500002,3 5.06817675 7.25500011,3.3375001 5.06817675 7.85500002,3 5.06817675 6.65500021,3 4.81817675 6.65500021,3 5.06463814 6.58858728,3 4.81274986 6.59143162,3 5.05406284 6.52292681,3 4.79662514 6.52970362,3 5.03657007 6.45876169,3 4.19928312 5.6066165,3 3.9834156 5.74109411,3 4.03411913 5.79521704,3 4.25295639 5.65778303,3 4.08827829 5.84588194,3 4.69019413 6.37285185,3 4.15013504 5.55108929,3 3.93638825 5.68374777,3 4.10586452 5.49159956,3 3.89324141 5.62342739,3 5.01235819 6.39681864,3 4.77027035 6.47160196,3 4.06679058 5.42857504,3 3.85416269 5.56039572,3 3.81932187 5.49492598,3 4.98170137 6.33779907,3 4.94494629 6.28237104,3 4.73444748 6.41880846,3 4.85487223 6.18475342,3 4.03319311 5.36246872,3 3.78887033 5.42730331,3 4.90250969 6.23116255,3 4.00531387 5.29375458,3 3.76294041 5.35782099,3 3.98335266 5.22292709,3 3.74164486 5.28678083,3 3.7250762 5.21449232,3 3.96746755 5.1504941,3 3.71330643 5.14126921,3 3.95777249 5.0769763,3 3.70638657 5.06742954,3 3.95433688 5.00290155,3 3.7043469 4.99329472,3 3.95718575 4.92880201,3 3.707196 4.91918659,3 3.71492195 4.84542704,3 3.96629858 4.85520983,3 3.72749066 4.77233648,3 3.98160982 4.78265333,3 3.74484801 4.70023346,3 4.0030098 4.71165419,3 3.76691794 4.62943029,3 5.40614462 0.68279916,3 5.17005301 0.60057521,3 5.45090151 0.54393142,3 5.2121954 0.46955475,3 5.48912811 0.40312597,3 5.24801874 0.33666754,3 5.52074051 0.26068971,3 5.2774415 0.20221815,3 5.54567051 0.11693315,3 5.30039644 0.0665147,3 5.5638628 -0.02783034,3 5.31683016 -0.07013182,3 5.57527876 -0.17328522,3 5.32670546 -0.20740825,3 5.57989264 -0.31911439,3 5.32999992 -0.345,3 5.57769537 -0.465,3 5.32999992 -0.465,4 4.81817675 6.65500021,4 5.06817675 6.65500021,4 5.06463814 6.58858728,4 4.81274986 6.59143162,4 5.05406284 6.52292681,4 4.79662514 6.52970362,4 5.03657007 6.45876169,4 5.01235819 6.39681864,4 4.77027035 6.47160196,4 4.98170137 6.33779907,4 4.94494629 6.28237104,4 4.73444748 6.41880846,4 4.90250969 6.23116255,4 4.69019413 6.37285185,4 4.85487223 6.18475342,4 4.08827829 5.84588194,4 4.25295639 5.65778303,4 4.03411913 5.79521704,4 4.19928312 5.6066165,4 3.9834156 5.74109411,4 4.15013504 5.55108929,4 3.93638825 5.68374777,4 4.10586452 5.49159956,4 3.89324141 5.62342739,4 4.06679058 5.42857504,4 3.85416269 5.56039572,4 3.81932187 5.49492598,4 4.03319311 5.36246872,4 3.78887033 5.42730331,4 4.00531387 5.29375458,4 3.76294041 5.35782099,4 3.98335266 5.22292709,4 3.74164486 5.28678083,4 3.7250762 5.21449232,4 3.96746755 5.1504941,4 3.71330643 5.14126921,4 3.95777249 5.0769763,4 3.70638657 5.06742954,4 3.95433688 5.00290155,4 3.7043469 4.99329472,4 3.95718575 4.92880201,4 3.707196 4.91918659,4 3.71492195 4.84542704,4 3.96629858 4.85520983,4 3.72749066 4.77233648,4 3.98160982 4.78265333,4 3.74484801 4.70023346,4 4.0030098 4.71165419,4 3.76691794 4.62943029,4 5.17005301 0.60057521,4 5.45090151 0.54393142,4 5.40614462 0.68279916,4 5.2121954 0.46955475,4 5.48912811 0.40312597,4 5.24801874 0.33666754,4 5.52074051 0.26068971,4 5.2774415 0.20221815,4 5.54567051 0.11693315,4 5.30039644 0.0665147,4 5.5638628 -0.02783034,4 5.31683016 -0.07013182,4 5.57527876 -0.17328522,4 5.32670546 -0.20740825,4 5.57989264 -0.31911439,4 5.32999992 -0.345,4 5.57769537 -0.465,4 5.32999992 -0.465,3.089993 5.57985592 -0.37500691,3.05998898 5.5794239 -0.40501106,3.02999043 5.5787034 -0.43500969,3.11999989 5.57999992 -0.345,3.910007 5.57985592 -0.37500691,3.88000011 5.57999992 -0.345,3.94001102 5.5794239 -0.40501106,3.97000957 5.5787034 -0.43500969,-1.5 -3.68182325 7.25500011,-1.16250002 -3.43182325 7.85500002,-1.5 -3.43182325 7.25500011,-1.16250002 -3.68182325 7.85500002,-0.83749998 -3.43182325 7.85500002,-0.5 -3.68182325 7.25500011,-0.5 -3.43182325 7.25500011,-0.83749998 -3.68182325 7.85500002,-1.5 -3.43182325 6.65500021,-1.5 -3.68182325 6.65500021,-1.5 -3.43536162 6.58858728,-1.5 -3.68725038 6.59143162,-1.5 -3.44593716 6.52292681,-1.5 -3.70337486 6.52970362,-1.5 -3.46342993 6.45876169,-1.5 -4.30071688 5.6066165,-1.5 -4.5165844 5.74109411,-1.5 -4.46588087 5.79521704,-1.5 -4.24704361 5.65778303,-1.5 -4.41172171 5.84588194,-1.5 -3.80980587 6.37285185,-1.5 -4.34986496 5.55108929,-1.5 -4.56361198 5.68374777,-1.5 -4.39413548 5.49159956,-1.5 -4.60675859 5.62342739,-1.5 -3.48764181 6.39681864,-1.5 -3.72972989 6.47160196,-1.5 -4.43320942 5.42857504,-1.5 -4.64583731 5.56039572,-1.5 -4.68067789 5.49492598,-1.5 -3.51829886 6.33779907,-1.5 -3.55505371 6.28237104,-1.5 -3.76555252 6.41880846,-1.5 -3.64512777 6.18475342,-1.5 -4.46680689 5.36246872,-1.5 -4.71112967 5.42730331,-1.5 -3.59749007 6.23116255,-1.5 -4.49468613 5.29375458,-1.5 -4.73705959 5.35782099,-1.5 -4.51664734 5.22292709,-1.5 -4.75835514 5.28678083,-1.5 -4.7749238 5.21449232,-1.5 -4.53253269 5.1504941,-1.5 -4.78669357 5.14126921,-1.5 -4.54222775 5.0769763,-1.5 -4.79361343 5.06742954,-1.5 -4.54566288 5.00290155,-1.5 -4.79565334 4.99329472,-1.5 -4.54281425 4.92880201,-1.5 -4.79280376 4.91918659,-1.5 -4.78507805 4.84542704,-1.5 -4.53370142 4.85520983,-1.5 -4.7725091 4.77233648,-1.5 -4.51839018 4.78265333,-1.5 -4.75515223 4.70023346,-1.5 -4.4969902 4.71165419,-1.5 -4.73308182 4.62943029,-1.5 -3.09385538 0.68279916,-1.5 -3.32994699 0.60057521,-1.5 -3.04909849 0.54393142,-1.5 -3.28780484 0.46955475,-1.5 -3.01087213 0.40312597,-1.5 -3.25198102 0.33666754,-1.5 -2.97925949 0.26068971,-1.5 -3.22255826 0.20221815,-1.5 -2.95432973 0.11693315,-1.5 -3.19960356 0.0665147,-1.5 -2.9361372 -0.02783034,-1.5 -3.18316984 -0.07013182,-1.5 -2.92472124 -0.17328522,-1.5 -3.17329431 -0.20740825,-1.5 -2.92010713 -0.31911439,-1.5 -3.17000008 -0.345,-1.5 -2.92230487 -0.465,-1.5 -3.17000008 -0.465,-0.5 -3.68182325 6.65500021,-0.5 -3.43182325 6.65500021,-0.5 -3.80980587 6.37285185,-0.5 -3.76555252 6.41880846,-0.5 -3.72972989 6.47160196,-0.5 -3.70337486 6.52970362,-0.5 -3.68725038 6.59143162,-0.5 -3.59749007 6.23116255,-0.5 -3.64512777 6.18475342,-0.5 -3.55505371 6.28237104,-0.5 -3.51829886 6.33779907,-0.5 -3.48764181 6.39681864,-0.5 -3.46342993 6.45876169,-0.5 -3.44593716 6.52292681,-0.5 -3.43536162 6.58858728,-0.5 -4.41172171 5.84588194,-0.5 -4.24704361 5.65778303,-0.5 -4.73308182 4.62943029,-0.5 -4.75515223 4.70023346,-0.5 -4.7725091 4.77233648,-0.5 -4.78507805 4.84542704,-0.5 -4.79280376 4.91918659,-0.5 -4.79565334 4.99329472,-0.5 -4.79361343 5.06742954,-0.5 -4.78669357 5.14126921,-0.5 -4.7749238 5.21449232,-0.5 -4.75835514 5.28678083,-0.5 -4.73705959 5.35782099,-0.5 -4.71112967 5.42730331,-0.5 -4.68067789 5.49492598,-0.5 -4.64583731 5.56039572,-0.5 -4.60675859 5.62342739,-0.5 -4.56361198 5.68374777,-0.5 -4.5165844 5.74109411,-0.5 -4.46588087 5.79521704,-0.5 -4.4969902 4.71165419,-0.5 -4.51839018 4.78265333,-0.5 -4.53370142 4.85520983,-0.5 -4.54281425 4.92880201,-0.5 -4.54566288 5.00290155,-0.5 -4.54222775 5.0769763,-0.5 -4.53253269 5.1504941,-0.5 -4.51664734 5.22292709,-0.5 -4.49468613 5.29375458,-0.5 -4.46680689 5.36246872,-0.5 -4.43320942 5.42857504,-0.5 -4.39413548 5.49159956,-0.5 -4.34986496 5.55108929,-0.5 -4.30071688 5.6066165,-0.5 -3.32994699 0.60057521,-0.5 -3.09385538 0.68279916,-0.5 -3.17000008 -0.345,-0.5 -3.17329431 -0.20740825,-0.5 -3.18316984 -0.07013182,-0.5 -3.19960356 0.0665147,-0.5 -3.22255826 0.20221815,-0.5 -3.25198102 0.33666754,-0.5 -3.28780484 0.46955475,-1.41000688 -2.92014408 -0.37500691,-1.44001102 -2.92057633 -0.40501106,-1.47000968 -2.9212966 -0.43500969,-1.38 -2.92000008 -0.345,-0.5 -2.92010713 -0.31911439,-0.58999306 -2.92014408 -0.37500691,-0.62 -2.92000008 -0.345,-0.55998892 -2.92057633 -0.40501106,-0.52999032 -2.9212966 -0.43500969,-0.5 -2.92230487 -0.465,-0.5 -2.92472124 -0.17328522,-0.5 -2.9361372 -0.02783034,-0.5 -2.95432973 0.11693315,-0.5 -2.97925949 0.26068971,-0.5 -3.01087213 0.40312597,-0.5 -3.04909849 0.54393142,-0.5 -3.17000008 -0.465,0.5 -3.68182325 7.25500011,0.83749998 -3.43182325 7.85500002,0.5 -3.43182325 7.25500011,0.83749998 -3.68182325 7.85500002,1.16250002 -3.43182325 7.85500002,1.5 -3.68182325 7.25500011,1.5 -3.43182325 7.25500011,1.16250002 -3.68182325 7.85500002,0.5 -3.43182325 6.65500021,0.5 -3.68182325 6.65500021,0.5 -3.43536162 6.58858728,0.5 -3.68725038 6.59143162,0.5 -3.44593716 6.52292681,0.5 -3.70337486 6.52970362,0.5 -3.46342993 6.45876169,0.5 -4.30071688 5.6066165,0.5 -4.5165844 5.74109411,0.5 -4.46588087 5.79521704,0.5 -4.24704361 5.65778303,0.5 -4.41172171 5.84588194,0.5 -3.80980587 6.37285185,0.5 -4.34986496 5.55108929,0.5 -4.56361198 5.68374777,0.5 -4.39413548 5.49159956,0.5 -4.60675859 5.62342739,0.5 -3.48764181 6.39681864,0.5 -3.72972989 6.47160196,0.5 -4.43320942 5.42857504,0.5 -4.64583731 5.56039572,0.5 -4.68067789 5.49492598,0.5 -3.51829886 6.33779907,0.5 -3.55505371 6.28237104,0.5 -3.76555252 6.41880846,0.5 -3.64512777 6.18475342,0.5 -4.46680689 5.36246872,0.5 -4.71112967 5.42730331,0.5 -3.59749007 6.23116255,0.5 -4.49468613 5.29375458,0.5 -4.73705959 5.35782099,0.5 -4.51664734 5.22292709,0.5 -4.75835514 5.28678083,0.5 -4.7749238 5.21449232,0.5 -4.53253269 5.1504941,0.5 -4.78669357 5.14126921,0.5 -4.54222775 5.0769763,0.5 -4.79361343 5.06742954,0.5 -4.54566288 5.00290155,0.5 -4.79565334 4.99329472,0.5 -4.54281425 4.92880201,0.5 -4.79280376 4.91918659,0.5 -4.78507805 4.84542704,0.5 -4.53370142 4.85520983,0.5 -4.7725091 4.77233648,0.5 -4.51839018 4.78265333,0.5 -4.75515223 4.70023346,0.5 -4.4969902 4.71165419,0.5 -4.73308182 4.62943029,0.5 -3.09385538 0.68279916,0.5 -3.32994699 0.60057521,0.5 -3.04909849 0.54393142,0.5 -3.28780484 0.46955475,0.5 -3.01087213 0.40312597,0.5 -3.25198102 0.33666754,0.5 -2.97925949 0.26068971,0.5 -3.22255826 0.20221815,0.5 -2.95432973 0.11693315,0.5 -3.19960356 0.0665147,0.5 -2.9361372 -0.02783034,0.5 -3.18316984 -0.07013182,0.5 -2.92472124 -0.17328522,0.5 -3.17329431 -0.20740825,0.5 -2.92010713 -0.31911439,0.5 -3.17000008 -0.345,0.5 -2.92230487 -0.465,0.5 -3.17000008 -0.465,1.5 -3.68182325 6.65500021,1.5 -3.43182325 6.65500021,1.5 -3.80980587 6.37285185,1.5 -3.76555252 6.41880846,1.5 -3.72972989 6.47160196,1.5 -3.70337486 6.52970362,1.5 -3.68725038 6.59143162,1.5 -3.59749007 6.23116255,1.5 -3.64512777 6.18475342,1.5 -3.55505371 6.28237104,1.5 -3.51829886 6.33779907,1.5 -3.48764181 6.39681864,1.5 -3.46342993 6.45876169,1.5 -3.44593716 6.52292681,1.5 -3.43536162 6.58858728,1.5 -4.41172171 5.84588194,1.5 -4.24704361 5.65778303,1.5 -4.73308182 4.62943029,1.5 -4.75515223 4.70023346,1.5 -4.7725091 4.77233648,1.5 -4.78507805 4.84542704,1.5 -4.79280376 4.91918659,1.5 -4.79565334 4.99329472,1.5 -4.79361343 5.06742954,1.5 -4.78669357 5.14126921,1.5 -4.7749238 5.21449232,1.5 -4.75835514 5.28678083,1.5 -4.73705959 5.35782099,1.5 -4.71112967 5.42730331,1.5 -4.68067789 5.49492598,1.5 -4.64583731 5.56039572,1.5 -4.60675859 5.62342739,1.5 -4.56361198 5.68374777,1.5 -4.5165844 5.74109411,1.5 -4.46588087 5.79521704,1.5 -4.4969902 4.71165419,1.5 -4.51839018 4.78265333,1.5 -4.53370142 4.85520983,1.5 -4.54281425 4.92880201,1.5 -4.54566288 5.00290155,1.5 -4.54222775 5.0769763,1.5 -4.53253269 5.1504941,1.5 -4.51664734 5.22292709,1.5 -4.49468613 5.29375458,1.5 -4.46680689 5.36246872,1.5 -4.43320942 5.42857504,1.5 -4.39413548 5.49159956,1.5 -4.34986496 5.55108929,1.5 -4.30071688 5.6066165,1.5 -3.32994699 0.60057521,1.5 -3.09385538 0.68279916,1.5 -3.17000008 -0.345,1.5 -3.17329431 -0.20740825,1.5 -3.18316984 -0.07013182,1.5 -3.19960356 0.0665147,1.5 -3.22255826 0.20221815,1.5 -3.25198102 0.33666754,1.5 -3.28780484 0.46955475,0.58999306 -2.92014408 -0.37500691,0.55998892 -2.92057633 -0.40501106,0.52999032 -2.9212966 -0.43500969,0.62 -2.92000008 -0.345,1.5 -2.92010713 -0.31911439,1.41000688 -2.92014408 -0.37500691,1.38 -2.92000008 -0.345,1.44001102 -2.92057633 -0.40501106,1.47000968 -2.9212966 -0.43500969,1.5 -2.92230487 -0.465,1.5 -2.92472124 -0.17328522,1.5 -2.9361372 -0.02783034,1.5 -2.95432973 0.11693315,1.5 -2.97925949 0.26068971,1.5 -3.01087213 0.40312597,1.5 -3.04909849 0.54393142,1.5 -3.17000008 -0.465,3 -3.68182325 7.25500011,3.3375001 -3.43182325 7.85500002,3 -3.43182325 7.25500011,3.3375001 -3.68182325 7.85500002,3.6624999 -3.43182325 7.85500002,4 -3.68182325 7.25500011,4 -3.43182325 7.25500011,3.6624999 -3.68182325 7.85500002,3 -3.43182325 6.65500021,3 -3.68182325 6.65500021,3 -3.43536162 6.58858728,3 -3.68725038 6.59143162,3 -3.44593716 6.52292681,3 -3.70337486 6.52970362,3 -3.46342993 6.45876169,3 -4.30071688 5.6066165,3 -4.5165844 5.74109411,3 -4.46588087 5.79521704,3 -4.24704361 5.65778303,3 -4.41172171 5.84588194,3 -3.80980587 6.37285185,3 -4.34986496 5.55108929,3 -4.56361198 5.68374777,3 -4.39413548 5.49159956,3 -4.60675859 5.62342739,3 -3.48764181 6.39681864,3 -3.72972989 6.47160196,3 -4.43320942 5.42857504,3 -4.64583731 5.56039572,3 -4.68067789 5.49492598,3 -3.51829886 6.33779907,3 -3.55505371 6.28237104,3 -3.76555252 6.41880846,3 -3.64512777 6.18475342,3 -4.46680689 5.36246872,3 -4.71112967 5.42730331,3 -3.59749007 6.23116255,3 -4.49468613 5.29375458,3 -4.73705959 5.35782099,3 -4.51664734 5.22292709,3 -4.75835514 5.28678083,3 -4.7749238 5.21449232,3 -4.53253269 5.1504941,3 -4.78669357 5.14126921,3 -4.54222775 5.0769763,3 -4.79361343 5.06742954,3 -4.54566288 5.00290155,3 -4.79565334 4.99329472,3 -4.54281425 4.92880201,3 -4.79280376 4.91918659,3 -4.78507805 4.84542704,3 -4.53370142 4.85520983,3 -4.7725091 4.77233648,3 -4.51839018 4.78265333,3 -4.75515223 4.70023346,3 -4.4969902 4.71165419,3 -4.73308182 4.62943029,3 -3.09385538 0.68279916,3 -3.32994699 0.60057521,3 -3.04909849 0.54393142,3 -3.28780484 0.46955475,3 -3.01087213 0.40312597,3 -3.25198102 0.33666754,3 -2.97925949 0.26068971,3 -3.22255826 0.20221815,3 -2.95432973 0.11693315,3 -3.19960356 0.0665147,3 -2.9361372 -0.02783034,3 -3.18316984 -0.07013182,3 -2.92472124 -0.17328522,3 -3.17329431 -0.20740825,3 -2.92010713 -0.31911439,3 -3.17000008 -0.345,3 -2.92230487 -0.465,3 -3.17000008 -0.465,4 -3.68182325 6.65500021,4 -3.43182325 6.65500021,4 -3.80980587 6.37285185,4 -3.76555252 6.41880846,4 -3.72972989 6.47160196,4 -3.70337486 6.52970362,4 -3.68725038 6.59143162,4 -3.59749007 6.23116255,4 -3.64512777 6.18475342,4 -3.55505371 6.28237104,4 -3.51829886 6.33779907,4 -3.48764181 6.39681864,4 -3.46342993 6.45876169,4 -3.44593716 6.52292681,4 -3.43536162 6.58858728,4 -4.41172171 5.84588194,4 -4.24704361 5.65778303,4 -4.73308182 4.62943029,4 -4.75515223 4.70023346,4 -4.7725091 4.77233648,4 -4.78507805 4.84542704,4 -4.79280376 4.91918659,4 -4.79565334 4.99329472,4 -4.79361343 5.06742954,4 -4.78669357 5.14126921,4 -4.7749238 5.21449232,4 -4.75835514 5.28678083,4 -4.73705959 5.35782099,4 -4.71112967 5.42730331,4 -4.68067789 5.49492598,4 -4.64583731 5.56039572,4 -4.60675859 5.62342739,4 -4.56361198 5.68374777,4 -4.5165844 5.74109411,4 -4.46588087 5.79521704,4 -4.4969902 4.71165419,4 -4.51839018 4.78265333,4 -4.53370142 4.85520983,4 -4.54281425 4.92880201,4 -4.54566288 5.00290155,4 -4.54222775 5.0769763,4 -4.53253269 5.1504941,4 -4.51664734 5.22292709,4 -4.49468613 5.29375458,4 -4.46680689 5.36246872,4 -4.43320942 5.42857504,4 -4.39413548 5.49159956,4 -4.34986496 5.55108929,4 -4.30071688 5.6066165,4 -3.32994699 0.60057521,4 -3.09385538 0.68279916,4 -3.17000008 -0.345,4 -3.17329431 -0.20740825,4 -3.18316984 -0.07013182,4 -3.19960356 0.0665147,4 -3.22255826 0.20221815,4 -3.25198102 0.33666754,4 -3.28780484 0.46955475,3.089993 -2.92014408 -0.37500691,3.05998898 -2.92057633 -0.40501106,3.02999043 -2.9212966 -0.43500969,3.11999989 -2.92000008 -0.345,4 -2.92010713 -0.31911439,3.910007 -2.92014408 -0.37500691,3.88000011 -2.92000008 -0.345,3.94001102 -2.92057633 -0.40501106,3.97000957 -2.9212966 -0.43500969,4 -2.92230487 -0.465,4 -2.92472124 -0.17328522,4 -2.9361372 -0.02783034,4 -2.95432973 0.11693315,4 -2.97925949 0.26068971,4 -3.01087213 0.40312597,4 -3.04909849 0.54393142,4 -3.17000008 -0.465              ]
            }
            coordIndex [
0,1,2,-1,0,3,1,-1,4,5,6,-1,7,5,4,-1,8,0,2,-1,8,9,0,-1,10,11,9,-1,10,9,8,-1,12,13,11,-1,12,11,10,-1,14,13,12,-1,15,16,17,-1,18,15,17,-1,18,17,19,-1,18,19,20,-1,21,16,15,-1,21,22,16,-1,23,22,21,-1,23,24,22,-1,25,13,14,-1,25,26,13,-1,27,24,23,-1,27,28,24,-1,27,29,28,-1,30,26,25,-1,31,26,30,-1,31,32,26,-1,33,18,20,-1,34,29,27,-1,34,35,29,-1,36,32,31,-1,36,33,20,-1,36,20,32,-1,37,38,35,-1,37,35,34,-1,39,40,38,-1,39,41,40,-1,39,38,37,-1,42,41,39,-1,42,43,41,-1,44,43,42,-1,44,45,43,-1,46,47,45,-1,46,45,44,-1,48,47,46,-1,48,49,47,-1,48,50,49,-1,51,50,48,-1,51,52,50,-1,53,52,51,-1,53,54,52,-1,55,54,53,-1,55,56,54,-1,57,58,56,-1,57,56,55,-1,59,60,58,-1,59,58,57,-1,61,62,60,-1,61,60,59,-1,63,64,62,-1,63,62,61,-1,65,66,64,-1,65,64,63,-1,67,68,66,-1,67,66,65,-1,69,70,68,-1,69,68,67,-1,71,72,70,-1,71,70,69,-1,73,74,72,-1,73,72,71,-1,1,3,7,-1,1,7,4,-1,0,5,7,-1,0,7,3,-1,9,75,5,-1,9,5,0,-1,6,1,4,-1,6,2,1,-1,76,8,2,-1,76,2,6,-1,77,78,20,-1,20,78,32,-1,32,79,26,-1,78,79,32,-1,26,80,13,-1,79,80,26,-1,13,81,11,-1,80,81,13,-1,11,75,9,-1,81,75,11,-1,82,83,33,-1,82,33,36,-1,84,36,31,-1,84,82,36,-1,85,30,25,-1,85,31,30,-1,85,84,31,-1,86,85,25,-1,87,25,14,-1,87,86,25,-1,88,14,12,-1,88,87,14,-1,89,12,10,-1,89,88,12,-1,76,10,8,-1,76,89,10,-1,20,19,90,-1,20,90,77,-1,18,33,83,-1,18,83,91,-1,54,56,92,-1,54,92,93,-1,52,93,94,-1,52,54,93,-1,50,94,95,-1,50,52,94,-1,49,95,96,-1,49,50,95,-1,47,96,97,-1,47,49,96,-1,45,97,98,-1,45,47,97,-1,43,98,99,-1,43,45,98,-1,41,99,100,-1,41,43,99,-1,40,100,101,-1,40,41,100,-1,38,101,102,-1,38,40,101,-1,35,102,103,-1,35,38,102,-1,29,103,104,-1,29,35,103,-1,28,104,105,-1,28,29,104,-1,24,105,106,-1,24,28,105,-1,22,24,106,-1,22,106,107,-1,16,22,107,-1,16,108,109,-1,16,107,108,-1,17,16,109,-1,19,17,109,-1,19,109,90,-1,110,53,111,-1,55,53,110,-1,111,51,112,-1,53,51,111,-1,112,48,113,-1,51,48,112,-1,113,46,114,-1,48,46,113,-1,114,44,115,-1,46,44,114,-1,115,42,116,-1,44,42,115,-1,116,39,117,-1,42,39,116,-1,117,37,118,-1,39,37,117,-1,118,34,119,-1,37,34,118,-1,119,27,120,-1,34,27,119,-1,120,23,121,-1,27,23,120,-1,121,21,122,-1,23,21,121,-1,123,15,91,-1,122,15,123,-1,21,15,122,-1,15,18,91,-1,56,58,124,-1,56,124,92,-1,57,55,110,-1,57,110,125,-1,126,127,72,-1,72,127,70,-1,70,128,68,-1,127,128,70,-1,68,129,66,-1,128,129,68,-1,66,130,64,-1,129,130,66,-1,64,131,62,-1,130,131,64,-1,60,132,58,-1,62,132,60,-1,131,132,62,-1,132,124,58,-1,71,133,134,-1,71,134,135,-1,71,135,73,-1,136,133,71,-1,69,136,71,-1,137,138,139,-1,137,140,138,-1,137,141,140,-1,137,142,141,-1,143,139,136,-1,143,136,69,-1,143,137,139,-1,144,69,67,-1,144,143,69,-1,145,67,65,-1,145,144,67,-1,146,65,63,-1,146,145,65,-1,147,63,61,-1,147,146,63,-1,148,61,59,-1,148,147,61,-1,125,59,57,-1,125,148,59,-1,75,76,6,-1,75,6,5,-1,75,89,76,-1,81,88,89,-1,81,89,75,-1,80,87,88,-1,80,86,87,-1,80,88,81,-1,79,85,86,-1,79,86,80,-1,84,85,79,-1,78,84,79,-1,82,84,78,-1,77,82,78,-1,83,82,77,-1,90,83,77,-1,91,83,90,-1,109,91,90,-1,123,91,109,-1,108,123,109,-1,122,123,108,-1,107,122,108,-1,121,122,107,-1,106,121,107,-1,120,121,106,-1,105,120,106,-1,104,120,105,-1,104,119,120,-1,103,119,104,-1,103,118,119,-1,102,118,103,-1,102,117,118,-1,101,117,102,-1,100,117,101,-1,100,116,117,-1,99,116,100,-1,99,115,116,-1,98,115,99,-1,98,114,115,-1,97,114,98,-1,97,113,114,-1,96,113,97,-1,95,112,113,-1,95,113,96,-1,94,111,112,-1,94,112,95,-1,93,110,111,-1,93,111,94,-1,92,110,93,-1,124,148,125,-1,124,125,110,-1,124,110,92,-1,132,147,148,-1,132,148,124,-1,131,146,147,-1,131,147,132,-1,130,145,146,-1,130,146,131,-1,129,144,145,-1,129,145,130,-1,128,143,144,-1,128,144,129,-1,127,137,143,-1,127,143,128,-1,126,137,127,-1,126,142,137,-1,149,142,126,-1,150,151,152,-1,153,151,150,-1,154,155,156,-1,156,155,157,-1,158,154,156,-1,158,159,154,-1,160,161,159,-1,160,159,158,-1,162,161,160,-1,162,163,161,-1,164,163,162,-1,165,166,167,-1,168,165,167,-1,168,167,169,-1,168,169,170,-1,171,166,165,-1,171,172,166,-1,173,174,172,-1,173,172,171,-1,175,163,164,-1,175,176,163,-1,177,174,173,-1,177,178,174,-1,177,179,178,-1,180,176,175,-1,181,176,180,-1,181,182,176,-1,183,168,170,-1,184,185,179,-1,184,179,177,-1,186,182,181,-1,186,170,182,-1,186,183,170,-1,187,185,184,-1,187,188,185,-1,189,188,187,-1,189,190,188,-1,189,191,190,-1,192,191,189,-1,192,193,191,-1,194,193,192,-1,194,195,193,-1,196,195,194,-1,196,197,195,-1,198,199,197,-1,198,197,196,-1,198,200,199,-1,201,200,198,-1,201,202,200,-1,203,202,201,-1,203,204,202,-1,205,204,203,-1,205,206,204,-1,207,208,206,-1,207,206,205,-1,209,210,208,-1,209,208,207,-1,211,212,210,-1,211,210,209,-1,213,214,212,-1,213,212,211,-1,215,216,214,-1,215,214,213,-1,217,218,216,-1,217,216,215,-1,219,220,218,-1,219,218,217,-1,221,222,220,-1,221,220,219,-1,223,222,221,-1,223,224,222,-1,225,226,152,-1,225,152,151,-1,225,227,226,-1,228,229,227,-1,228,227,225,-1,230,231,229,-1,230,232,231,-1,230,229,228,-1,233,234,232,-1,233,232,230,-1,235,234,233,-1,236,235,233,-1,237,235,236,-1,238,237,236,-1,239,237,238,-1,240,239,238,-1,241,239,240,-1,242,241,240,-1,243,241,242,-1,244,243,242,-1,245,243,244,-1,246,245,244,-1,247,245,246,-1,248,247,246,-1,249,247,248,-1,250,249,248,-1,251,249,250,-1,251,252,249,-1,253,252,251,-1,253,254,252,-1,255,254,253,-1,255,256,254,-1,257,256,255,-1,258,256,257,-1,258,259,256,-1,260,259,258,-1,260,261,259,-1,262,261,260,-1,262,263,261,-1,264,263,262,-1,264,265,263,-1,266,265,264,-1,267,268,265,-1,267,265,266,-1,269,270,268,-1,269,268,267,-1,271,270,269,-1,271,272,270,-1,273,272,271,-1,274,275,276,-1,274,276,272,-1,274,272,273,-1,277,278,275,-1,277,275,274,-1,279,280,278,-1,279,278,277,-1,281,282,280,-1,281,280,279,-1,283,284,282,-1,283,282,281,-1,285,286,284,-1,285,284,283,-1,287,288,286,-1,287,286,285,-1,289,290,288,-1,289,288,287,-1,291,290,289,-1,157,155,153,-1,157,153,150,-1,154,151,153,-1,154,153,155,-1,159,225,151,-1,159,151,154,-1,157,150,152,-1,156,152,226,-1,156,157,152,-1,158,156,226,-1,238,236,170,-1,170,236,182,-1,182,233,176,-1,236,233,182,-1,176,230,163,-1,233,230,176,-1,163,228,161,-1,230,228,163,-1,161,225,159,-1,228,225,161,-1,237,239,183,-1,237,183,186,-1,235,186,181,-1,235,237,186,-1,234,181,180,-1,234,235,181,-1,232,180,175,-1,232,234,180,-1,231,175,164,-1,231,232,175,-1,229,164,162,-1,229,231,164,-1,227,162,160,-1,227,229,162,-1,226,160,158,-1,226,227,160,-1,170,169,240,-1,170,240,238,-1,168,183,239,-1,168,239,241,-1,204,206,273,-1,204,273,271,-1,202,271,269,-1,202,204,271,-1,200,269,267,-1,200,202,269,-1,199,267,266,-1,199,200,267,-1,197,266,264,-1,197,199,266,-1,195,264,262,-1,195,197,264,-1,193,262,260,-1,193,195,262,-1,191,260,258,-1,191,193,260,-1,190,258,257,-1,190,191,258,-1,188,257,255,-1,188,190,257,-1,185,255,253,-1,185,188,255,-1,179,253,251,-1,179,185,253,-1,178,251,250,-1,178,179,251,-1,174,250,248,-1,174,178,250,-1,172,174,248,-1,172,248,246,-1,166,172,246,-1,166,244,242,-1,166,246,244,-1,167,166,242,-1,169,167,242,-1,169,242,240,-1,272,203,270,-1,205,203,272,-1,270,201,268,-1,203,201,270,-1,268,198,265,-1,201,198,268,-1,265,196,263,-1,198,196,265,-1,263,194,261,-1,196,194,263,-1,261,192,259,-1,194,192,261,-1,259,189,256,-1,192,189,259,-1,256,187,254,-1,189,187,256,-1,254,184,252,-1,187,184,254,-1,252,177,249,-1,184,177,252,-1,249,173,247,-1,177,173,249,-1,247,171,245,-1,173,171,247,-1,243,165,241,-1,245,165,243,-1,171,165,245,-1,165,168,241,-1,206,208,274,-1,206,274,273,-1,207,205,272,-1,207,272,276,-1,289,287,222,-1,222,287,220,-1,220,285,218,-1,287,285,220,-1,218,283,216,-1,285,283,218,-1,216,281,214,-1,283,281,216,-1,214,279,212,-1,281,279,214,-1,212,277,210,-1,279,277,212,-1,210,274,208,-1,277,274,210,-1,221,292,293,-1,221,293,294,-1,221,294,223,-1,295,292,221,-1,219,295,221,-1,288,296,297,-1,288,298,296,-1,288,299,298,-1,288,290,299,-1,286,297,295,-1,286,295,219,-1,286,288,297,-1,284,219,217,-1,284,286,219,-1,282,217,215,-1,282,284,217,-1,280,215,213,-1,280,282,215,-1,278,213,211,-1,278,280,213,-1,275,211,209,-1,275,278,211,-1,276,209,207,-1,276,275,209,-1,300,301,302,-1,303,301,300,-1,304,305,306,-1,306,305,307,-1,308,304,306,-1,308,309,304,-1,310,311,309,-1,310,309,308,-1,312,311,310,-1,312,313,311,-1,314,313,312,-1,315,316,317,-1,318,315,317,-1,318,317,319,-1,318,319,320,-1,321,316,315,-1,321,322,316,-1,323,324,322,-1,323,322,321,-1,325,313,314,-1,325,326,313,-1,327,324,323,-1,327,328,324,-1,327,329,328,-1,330,326,325,-1,331,326,330,-1,331,332,326,-1,333,318,320,-1,334,335,329,-1,334,329,327,-1,336,332,331,-1,336,320,332,-1,336,333,320,-1,337,335,334,-1,337,338,335,-1,339,338,337,-1,339,340,338,-1,339,341,340,-1,342,341,339,-1,342,343,341,-1,344,343,342,-1,344,345,343,-1,346,345,344,-1,346,347,345,-1,348,349,347,-1,348,347,346,-1,348,350,349,-1,351,350,348,-1,351,352,350,-1,353,352,351,-1,353,354,352,-1,355,354,353,-1,355,356,354,-1,357,358,356,-1,357,356,355,-1,359,360,358,-1,359,358,357,-1,361,362,360,-1,361,360,359,-1,363,364,362,-1,363,362,361,-1,365,366,364,-1,365,364,363,-1,367,368,366,-1,367,366,365,-1,369,370,368,-1,369,368,367,-1,371,372,370,-1,371,370,369,-1,373,372,371,-1,373,374,372,-1,375,376,302,-1,375,302,301,-1,375,377,376,-1,378,379,377,-1,378,377,375,-1,380,381,379,-1,380,382,381,-1,380,379,378,-1,383,384,382,-1,383,382,380,-1,385,384,383,-1,386,385,383,-1,387,385,386,-1,388,387,386,-1,389,387,388,-1,390,389,388,-1,391,389,390,-1,392,391,390,-1,393,391,392,-1,394,393,392,-1,395,393,394,-1,396,395,394,-1,397,395,396,-1,398,397,396,-1,399,397,398,-1,400,399,398,-1,401,399,400,-1,401,402,399,-1,403,402,401,-1,403,404,402,-1,405,404,403,-1,405,406,404,-1,407,406,405,-1,408,406,407,-1,408,409,406,-1,410,409,408,-1,410,411,409,-1,412,411,410,-1,412,413,411,-1,414,413,412,-1,414,415,413,-1,416,415,414,-1,417,418,415,-1,417,415,416,-1,419,420,418,-1,419,418,417,-1,421,420,419,-1,421,422,420,-1,423,422,421,-1,424,425,426,-1,424,426,422,-1,424,422,423,-1,427,428,425,-1,427,425,424,-1,429,430,428,-1,429,428,427,-1,431,432,430,-1,431,430,429,-1,433,434,432,-1,433,432,431,-1,435,436,434,-1,435,434,433,-1,437,438,436,-1,437,436,435,-1,439,440,438,-1,439,438,437,-1,441,440,439,-1,307,305,303,-1,307,303,300,-1,304,301,303,-1,304,303,305,-1,309,375,301,-1,309,301,304,-1,307,300,302,-1,306,302,376,-1,306,307,302,-1,308,306,376,-1,388,386,320,-1,320,386,332,-1,332,383,326,-1,386,383,332,-1,326,380,313,-1,383,380,326,-1,313,378,311,-1,380,378,313,-1,311,375,309,-1,378,375,311,-1,387,389,333,-1,387,333,336,-1,385,336,331,-1,385,387,336,-1,384,331,330,-1,384,385,331,-1,382,330,325,-1,382,384,330,-1,381,325,314,-1,381,382,325,-1,379,314,312,-1,379,381,314,-1,377,312,310,-1,377,379,312,-1,376,310,308,-1,376,377,310,-1,320,319,390,-1,320,390,388,-1,318,333,389,-1,318,389,391,-1,354,356,423,-1,354,423,421,-1,352,421,419,-1,352,354,421,-1,350,419,417,-1,350,352,419,-1,349,417,416,-1,349,350,417,-1,347,416,414,-1,347,349,416,-1,345,414,412,-1,345,347,414,-1,343,412,410,-1,343,345,412,-1,341,410,408,-1,341,343,410,-1,340,408,407,-1,340,341,408,-1,338,407,405,-1,338,340,407,-1,335,405,403,-1,335,338,405,-1,329,403,401,-1,329,335,403,-1,328,401,400,-1,328,329,401,-1,324,400,398,-1,324,328,400,-1,322,324,398,-1,322,398,396,-1,316,322,396,-1,316,394,392,-1,316,396,394,-1,317,316,392,-1,319,317,392,-1,319,392,390,-1,422,353,420,-1,355,353,422,-1,420,351,418,-1,353,351,420,-1,418,348,415,-1,351,348,418,-1,415,346,413,-1,348,346,415,-1,413,344,411,-1,346,344,413,-1,411,342,409,-1,344,342,411,-1,409,339,406,-1,342,339,409,-1,406,337,404,-1,339,337,406,-1,404,334,402,-1,337,334,404,-1,402,327,399,-1,334,327,402,-1,399,323,397,-1,327,323,399,-1,397,321,395,-1,323,321,397,-1,393,315,391,-1,395,315,393,-1,321,315,395,-1,315,318,391,-1,356,358,424,-1,356,424,423,-1,357,355,422,-1,357,422,426,-1,439,437,372,-1,372,437,370,-1,370,435,368,-1,437,435,370,-1,368,433,366,-1,435,433,368,-1,366,431,364,-1,433,431,366,-1,364,429,362,-1,431,429,364,-1,362,427,360,-1,429,427,362,-1,360,424,358,-1,427,424,360,-1,371,442,443,-1,371,443,444,-1,371,444,373,-1,445,442,371,-1,369,445,371,-1,438,446,447,-1,438,448,446,-1,438,449,448,-1,438,440,449,-1,436,447,445,-1,436,445,369,-1,436,438,447,-1,434,369,367,-1,434,436,369,-1,432,367,365,-1,432,434,367,-1,430,365,363,-1,430,432,365,-1,428,363,361,-1,428,430,363,-1,425,361,359,-1,425,428,361,-1,426,359,357,-1,426,425,359,-1,450,451,452,-1,453,451,450,-1,454,455,456,-1,456,455,457,-1,458,454,456,-1,458,459,454,-1,460,461,459,-1,460,459,458,-1,462,461,460,-1,462,463,461,-1,464,463,462,-1,465,466,467,-1,468,465,467,-1,468,467,469,-1,468,469,470,-1,471,466,465,-1,471,472,466,-1,473,474,472,-1,473,472,471,-1,475,463,464,-1,475,476,463,-1,477,474,473,-1,477,478,474,-1,477,479,478,-1,480,476,475,-1,481,476,480,-1,481,482,476,-1,483,468,470,-1,484,485,479,-1,484,479,477,-1,486,482,481,-1,486,470,482,-1,486,483,470,-1,487,485,484,-1,487,488,485,-1,489,488,487,-1,489,490,488,-1,489,491,490,-1,492,491,489,-1,492,493,491,-1,494,493,492,-1,494,495,493,-1,496,495,494,-1,496,497,495,-1,498,499,497,-1,498,497,496,-1,498,500,499,-1,501,500,498,-1,501,502,500,-1,503,502,501,-1,503,504,502,-1,505,504,503,-1,505,506,504,-1,507,508,506,-1,507,506,505,-1,509,510,508,-1,509,508,507,-1,511,512,510,-1,511,510,509,-1,513,514,512,-1,513,512,511,-1,515,516,514,-1,515,514,513,-1,517,518,516,-1,517,516,515,-1,519,520,518,-1,519,518,517,-1,521,522,520,-1,521,520,519,-1,523,522,521,-1,523,524,522,-1,525,526,452,-1,525,452,451,-1,525,527,526,-1,528,529,527,-1,528,527,525,-1,530,531,529,-1,530,532,531,-1,530,529,528,-1,533,534,532,-1,533,532,530,-1,535,534,533,-1,536,535,533,-1,537,535,536,-1,538,537,536,-1,539,537,538,-1,540,539,538,-1,541,539,540,-1,542,541,540,-1,543,541,542,-1,544,543,542,-1,545,543,544,-1,546,545,544,-1,547,545,546,-1,548,547,546,-1,549,547,548,-1,550,549,548,-1,551,549,550,-1,551,552,549,-1,553,552,551,-1,553,554,552,-1,555,554,553,-1,555,556,554,-1,557,556,555,-1,558,556,557,-1,558,559,556,-1,560,559,558,-1,560,561,559,-1,562,561,560,-1,562,563,561,-1,564,563,562,-1,564,565,563,-1,566,565,564,-1,567,568,565,-1,567,565,566,-1,569,570,568,-1,569,568,567,-1,571,570,569,-1,571,572,570,-1,573,572,571,-1,574,575,576,-1,574,576,572,-1,574,572,573,-1,577,578,575,-1,577,575,574,-1,579,580,578,-1,579,578,577,-1,581,582,580,-1,581,580,579,-1,583,584,582,-1,583,582,581,-1,585,586,584,-1,585,584,583,-1,587,588,586,-1,587,586,585,-1,589,590,588,-1,589,588,587,-1,591,590,589,-1,457,455,453,-1,457,453,450,-1,454,451,453,-1,454,453,455,-1,459,525,451,-1,459,451,454,-1,457,450,452,-1,456,452,526,-1,456,457,452,-1,458,456,526,-1,538,536,470,-1,470,536,482,-1,482,533,476,-1,536,533,482,-1,476,530,463,-1,533,530,476,-1,463,528,461,-1,530,528,463,-1,461,525,459,-1,528,525,461,-1,537,539,483,-1,537,483,486,-1,535,486,481,-1,535,537,486,-1,534,481,480,-1,534,535,481,-1,532,480,475,-1,532,534,480,-1,531,475,464,-1,531,532,475,-1,529,464,462,-1,529,531,464,-1,527,462,460,-1,527,529,462,-1,526,460,458,-1,526,527,460,-1,470,469,540,-1,470,540,538,-1,468,483,539,-1,468,539,541,-1,504,506,573,-1,504,573,571,-1,502,571,569,-1,502,504,571,-1,500,569,567,-1,500,502,569,-1,499,567,566,-1,499,500,567,-1,497,566,564,-1,497,499,566,-1,495,564,562,-1,495,497,564,-1,493,562,560,-1,493,495,562,-1,491,560,558,-1,491,493,560,-1,490,558,557,-1,490,491,558,-1,488,557,555,-1,488,490,557,-1,485,555,553,-1,485,488,555,-1,479,553,551,-1,479,485,553,-1,478,551,550,-1,478,479,551,-1,474,550,548,-1,474,478,550,-1,472,474,548,-1,472,548,546,-1,466,472,546,-1,466,544,542,-1,466,546,544,-1,467,466,542,-1,469,467,542,-1,469,542,540,-1,572,503,570,-1,505,503,572,-1,570,501,568,-1,503,501,570,-1,568,498,565,-1,501,498,568,-1,565,496,563,-1,498,496,565,-1,563,494,561,-1,496,494,563,-1,561,492,559,-1,494,492,561,-1,559,489,556,-1,492,489,559,-1,556,487,554,-1,489,487,556,-1,554,484,552,-1,487,484,554,-1,552,477,549,-1,484,477,552,-1,549,473,547,-1,477,473,549,-1,547,471,545,-1,473,471,547,-1,543,465,541,-1,545,465,543,-1,471,465,545,-1,465,468,541,-1,506,508,574,-1,506,574,573,-1,507,505,572,-1,507,572,576,-1,589,587,522,-1,522,587,520,-1,520,585,518,-1,587,585,520,-1,518,583,516,-1,585,583,518,-1,516,581,514,-1,583,581,516,-1,514,579,512,-1,581,579,514,-1,512,577,510,-1,579,577,512,-1,510,574,508,-1,577,574,510,-1,521,592,593,-1,521,593,594,-1,521,594,523,-1,595,592,521,-1,519,595,521,-1,588,596,597,-1,588,598,596,-1,588,599,598,-1,588,590,599,-1,586,597,595,-1,586,595,519,-1,586,588,597,-1,584,519,517,-1,584,586,519,-1,582,517,515,-1,582,584,517,-1,580,515,513,-1,580,582,515,-1,578,513,511,-1,578,580,513,-1,575,511,509,-1,575,578,511,-1,576,509,507,-1,576,575,509,-1,600,601,602,-1,603,601,600,-1,604,605,606,-1,606,605,607,-1,608,604,606,-1,608,609,604,-1,610,611,609,-1,610,609,608,-1,612,611,610,-1,612,613,611,-1,614,613,612,-1,615,616,617,-1,618,615,617,-1,618,617,619,-1,618,619,620,-1,621,616,615,-1,621,622,616,-1,623,624,622,-1,623,622,621,-1,625,613,614,-1,625,626,613,-1,627,624,623,-1,627,628,624,-1,627,629,628,-1,630,626,625,-1,631,626,630,-1,631,632,626,-1,633,618,620,-1,634,635,629,-1,634,629,627,-1,636,632,631,-1,636,620,632,-1,636,633,620,-1,637,635,634,-1,637,638,635,-1,639,638,637,-1,639,640,638,-1,639,641,640,-1,642,641,639,-1,642,643,641,-1,644,643,642,-1,644,645,643,-1,646,645,644,-1,646,647,645,-1,648,649,647,-1,648,647,646,-1,648,650,649,-1,651,650,648,-1,651,652,650,-1,653,652,651,-1,653,654,652,-1,655,654,653,-1,655,656,654,-1,657,658,656,-1,657,656,655,-1,659,660,658,-1,659,658,657,-1,661,662,660,-1,661,660,659,-1,663,664,662,-1,663,662,661,-1,665,666,664,-1,665,664,663,-1,667,668,666,-1,667,666,665,-1,669,670,668,-1,669,668,667,-1,671,672,670,-1,671,670,669,-1,673,672,671,-1,673,674,672,-1,675,676,602,-1,675,602,601,-1,675,677,676,-1,678,679,677,-1,678,677,675,-1,680,681,679,-1,680,682,681,-1,680,679,678,-1,683,684,682,-1,683,682,680,-1,685,684,683,-1,686,685,683,-1,687,685,686,-1,688,687,686,-1,689,687,688,-1,690,689,688,-1,691,689,690,-1,692,691,690,-1,693,691,692,-1,694,693,692,-1,695,693,694,-1,696,695,694,-1,697,695,696,-1,698,697,696,-1,699,697,698,-1,700,699,698,-1,701,699,700,-1,701,702,699,-1,703,702,701,-1,703,704,702,-1,705,704,703,-1,705,706,704,-1,707,706,705,-1,708,706,707,-1,708,709,706,-1,710,709,708,-1,710,711,709,-1,712,711,710,-1,712,713,711,-1,714,713,712,-1,714,715,713,-1,716,715,714,-1,717,718,715,-1,717,715,716,-1,719,720,718,-1,719,718,717,-1,721,720,719,-1,721,722,720,-1,723,722,721,-1,724,725,726,-1,724,726,722,-1,724,722,723,-1,727,728,725,-1,727,725,724,-1,729,730,728,-1,729,728,727,-1,731,732,730,-1,731,730,729,-1,733,734,732,-1,733,732,731,-1,735,736,734,-1,735,734,733,-1,737,738,736,-1,737,736,735,-1,739,740,738,-1,739,738,737,-1,741,740,739,-1,607,605,603,-1,607,603,600,-1,604,601,603,-1,604,603,605,-1,609,675,601,-1,609,601,604,-1,607,600,602,-1,606,602,676,-1,606,607,602,-1,608,606,676,-1,688,686,620,-1,620,686,632,-1,632,683,626,-1,686,683,632,-1,626,680,613,-1,683,680,626,-1,613,678,611,-1,680,678,613,-1,611,675,609,-1,678,675,611,-1,687,689,633,-1,687,633,636,-1,685,636,631,-1,685,687,636,-1,684,631,630,-1,684,685,631,-1,682,630,625,-1,682,684,630,-1,681,625,614,-1,681,682,625,-1,679,614,612,-1,679,681,614,-1,677,612,610,-1,677,679,612,-1,676,610,608,-1,676,677,610,-1,620,619,690,-1,620,690,688,-1,618,633,689,-1,618,689,691,-1,654,656,723,-1,654,723,721,-1,652,721,719,-1,652,654,721,-1,650,719,717,-1,650,652,719,-1,649,717,716,-1,649,650,717,-1,647,716,714,-1,647,649,716,-1,645,714,712,-1,645,647,714,-1,643,712,710,-1,643,645,712,-1,641,710,708,-1,641,643,710,-1,640,708,707,-1,640,641,708,-1,638,707,705,-1,638,640,707,-1,635,705,703,-1,635,638,705,-1,629,703,701,-1,629,635,703,-1,628,701,700,-1,628,629,701,-1,624,700,698,-1,624,628,700,-1,622,624,698,-1,622,698,696,-1,616,622,696,-1,616,694,692,-1,616,696,694,-1,617,616,692,-1,619,617,692,-1,619,692,690,-1,722,653,720,-1,655,653,722,-1,720,651,718,-1,653,651,720,-1,718,648,715,-1,651,648,718,-1,715,646,713,-1,648,646,715,-1,713,644,711,-1,646,644,713,-1,711,642,709,-1,644,642,711,-1,709,639,706,-1,642,639,709,-1,706,637,704,-1,639,637,706,-1,704,634,702,-1,637,634,704,-1,702,627,699,-1,634,627,702,-1,699,623,697,-1,627,623,699,-1,697,621,695,-1,623,621,697,-1,693,615,691,-1,695,615,693,-1,621,615,695,-1,615,618,691,-1,656,658,724,-1,656,724,723,-1,657,655,722,-1,657,722,726,-1,739,737,672,-1,672,737,670,-1,670,735,668,-1,737,735,670,-1,668,733,666,-1,735,733,668,-1,666,731,664,-1,733,731,666,-1,664,729,662,-1,731,729,664,-1,662,727,660,-1,729,727,662,-1,660,724,658,-1,727,724,660,-1,671,742,743,-1,671,743,744,-1,671,744,673,-1,745,742,671,-1,669,745,671,-1,738,746,747,-1,738,748,746,-1,738,749,748,-1,738,740,749,-1,736,747,745,-1,736,745,669,-1,736,738,747,-1,734,669,667,-1,734,736,669,-1,732,667,665,-1,732,734,667,-1,730,665,663,-1,730,732,665,-1,728,663,661,-1,728,730,663,-1,725,661,659,-1,725,728,661,-1,726,659,657,-1,726,725,659,-1,750,751,752,-1,750,753,751,-1,754,755,756,-1,757,755,754,-1,758,750,752,-1,758,759,750,-1,760,761,759,-1,760,759,758,-1,762,763,761,-1,762,761,760,-1,764,763,762,-1,765,766,767,-1,768,765,767,-1,768,767,769,-1,768,769,770,-1,771,766,765,-1,771,772,766,-1,773,772,771,-1,773,774,772,-1,775,763,764,-1,775,776,763,-1,777,774,773,-1,777,778,774,-1,777,779,778,-1,780,776,775,-1,781,776,780,-1,781,782,776,-1,783,768,770,-1,784,779,777,-1,784,785,779,-1,786,782,781,-1,786,783,770,-1,786,770,782,-1,787,788,785,-1,787,785,784,-1,789,790,788,-1,789,791,790,-1,789,788,787,-1,792,791,789,-1,792,793,791,-1,794,793,792,-1,794,795,793,-1,796,797,795,-1,796,795,794,-1,798,797,796,-1,798,799,797,-1,798,800,799,-1,801,800,798,-1,801,802,800,-1,803,802,801,-1,803,804,802,-1,805,804,803,-1,805,806,804,-1,807,808,806,-1,807,806,805,-1,809,810,808,-1,809,808,807,-1,811,812,810,-1,811,810,809,-1,813,814,812,-1,813,812,811,-1,815,816,814,-1,815,814,813,-1,817,818,816,-1,817,816,815,-1,819,820,818,-1,819,818,817,-1,821,822,820,-1,821,820,819,-1,823,824,822,-1,823,822,821,-1,751,753,757,-1,751,757,754,-1,750,755,757,-1,750,757,753,-1,759,825,755,-1,759,755,750,-1,756,751,754,-1,756,752,751,-1,826,758,752,-1,826,752,756,-1,827,828,770,-1,770,828,782,-1,782,829,776,-1,828,829,782,-1,776,830,763,-1,829,830,776,-1,763,831,761,-1,830,831,763,-1,761,825,759,-1,831,825,761,-1,832,833,783,-1,832,783,786,-1,834,786,781,-1,834,832,786,-1,835,780,775,-1,835,781,780,-1,835,834,781,-1,836,835,775,-1,837,775,764,-1,837,836,775,-1,838,764,762,-1,838,837,764,-1,839,762,760,-1,839,838,762,-1,826,760,758,-1,826,839,760,-1,770,769,840,-1,770,840,827,-1,768,783,833,-1,768,833,841,-1,804,806,842,-1,804,842,843,-1,802,843,844,-1,802,804,843,-1,800,844,845,-1,800,802,844,-1,799,845,846,-1,799,800,845,-1,797,846,847,-1,797,799,846,-1,795,847,848,-1,795,797,847,-1,793,848,849,-1,793,795,848,-1,791,849,850,-1,791,793,849,-1,790,850,851,-1,790,791,850,-1,788,851,852,-1,788,790,851,-1,785,852,853,-1,785,788,852,-1,779,853,854,-1,779,785,853,-1,778,854,855,-1,778,779,854,-1,774,855,856,-1,774,778,855,-1,772,774,856,-1,772,856,857,-1,766,772,857,-1,766,858,859,-1,766,857,858,-1,767,766,859,-1,769,767,859,-1,769,859,840,-1,860,803,861,-1,805,803,860,-1,861,801,862,-1,803,801,861,-1,862,798,863,-1,801,798,862,-1,863,796,864,-1,798,796,863,-1,864,794,865,-1,796,794,864,-1,865,792,866,-1,794,792,865,-1,866,789,867,-1,792,789,866,-1,867,787,868,-1,789,787,867,-1,868,784,869,-1,787,784,868,-1,869,777,870,-1,784,777,869,-1,870,773,871,-1,777,773,870,-1,871,771,872,-1,773,771,871,-1,873,765,841,-1,872,765,873,-1,771,765,872,-1,765,768,841,-1,806,808,874,-1,806,874,842,-1,807,805,860,-1,807,860,875,-1,876,877,822,-1,822,877,820,-1,820,878,818,-1,877,878,820,-1,818,879,816,-1,878,879,818,-1,816,880,814,-1,879,880,816,-1,814,881,812,-1,880,881,814,-1,810,882,808,-1,812,882,810,-1,881,882,812,-1,882,874,808,-1,821,883,884,-1,821,884,885,-1,821,885,823,-1,886,883,821,-1,819,886,821,-1,887,888,889,-1,887,890,888,-1,887,891,890,-1,887,892,891,-1,893,889,886,-1,893,886,819,-1,893,887,889,-1,894,819,817,-1,894,893,819,-1,895,817,815,-1,895,894,817,-1,896,815,813,-1,896,895,815,-1,897,813,811,-1,897,896,813,-1,898,811,809,-1,898,897,811,-1,875,809,807,-1,875,898,809,-1,825,826,756,-1,825,756,755,-1,825,839,826,-1,831,838,839,-1,831,839,825,-1,830,837,838,-1,830,836,837,-1,830,838,831,-1,829,835,836,-1,829,836,830,-1,834,835,829,-1,828,834,829,-1,832,834,828,-1,827,832,828,-1,833,832,827,-1,840,833,827,-1,841,833,840,-1,859,841,840,-1,873,841,859,-1,858,873,859,-1,872,873,858,-1,857,872,858,-1,871,872,857,-1,856,871,857,-1,870,871,856,-1,855,870,856,-1,854,870,855,-1,854,869,870,-1,853,869,854,-1,853,868,869,-1,852,868,853,-1,852,867,868,-1,851,867,852,-1,850,867,851,-1,850,866,867,-1,849,866,850,-1,849,865,866,-1,848,865,849,-1,848,864,865,-1,847,864,848,-1,847,863,864,-1,846,863,847,-1,845,862,863,-1,845,863,846,-1,844,861,862,-1,844,862,845,-1,843,860,861,-1,843,861,844,-1,842,860,843,-1,874,898,875,-1,874,875,860,-1,874,860,842,-1,882,897,898,-1,882,898,874,-1,881,896,897,-1,881,897,882,-1,880,895,896,-1,880,896,881,-1,879,894,895,-1,879,895,880,-1,878,893,894,-1,878,894,879,-1,877,887,893,-1,877,893,878,-1,876,887,877,-1,876,892,887,-1,899,892,876,-1,900,901,902,-1,900,903,901,-1,904,905,906,-1,907,905,904,-1,908,900,902,-1,908,909,900,-1,910,911,909,-1,910,909,908,-1,912,913,911,-1,912,911,910,-1,914,913,912,-1,915,916,917,-1,918,915,917,-1,918,917,919,-1,918,919,920,-1,921,916,915,-1,921,922,916,-1,923,922,921,-1,923,924,922,-1,925,913,914,-1,925,926,913,-1,927,924,923,-1,927,928,924,-1,927,929,928,-1,930,926,925,-1,931,926,930,-1,931,932,926,-1,933,918,920,-1,934,929,927,-1,934,935,929,-1,936,932,931,-1,936,933,920,-1,936,920,932,-1,937,938,935,-1,937,935,934,-1,939,940,938,-1,939,941,940,-1,939,938,937,-1,942,941,939,-1,942,943,941,-1,944,943,942,-1,944,945,943,-1,946,947,945,-1,946,945,944,-1,948,947,946,-1,948,949,947,-1,948,950,949,-1,951,950,948,-1,951,952,950,-1,953,952,951,-1,953,954,952,-1,955,954,953,-1,955,956,954,-1,957,958,956,-1,957,956,955,-1,959,960,958,-1,959,958,957,-1,961,962,960,-1,961,960,959,-1,963,964,962,-1,963,962,961,-1,965,966,964,-1,965,964,963,-1,967,968,966,-1,967,966,965,-1,969,970,968,-1,969,968,967,-1,971,972,970,-1,971,970,969,-1,973,974,972,-1,973,972,971,-1,901,903,907,-1,901,907,904,-1,900,905,907,-1,900,907,903,-1,909,975,905,-1,909,905,900,-1,906,901,904,-1,906,902,901,-1,976,908,902,-1,976,902,906,-1,977,978,920,-1,920,978,932,-1,932,979,926,-1,978,979,932,-1,926,980,913,-1,979,980,926,-1,913,981,911,-1,980,981,913,-1,911,975,909,-1,981,975,911,-1,982,983,933,-1,982,933,936,-1,984,936,931,-1,984,982,936,-1,985,930,925,-1,985,931,930,-1,985,984,931,-1,986,985,925,-1,987,925,914,-1,987,986,925,-1,988,914,912,-1,988,987,914,-1,989,912,910,-1,989,988,912,-1,976,910,908,-1,976,989,910,-1,920,919,990,-1,920,990,977,-1,918,933,983,-1,918,983,991,-1,954,956,992,-1,954,992,993,-1,952,993,994,-1,952,954,993,-1,950,994,995,-1,950,952,994,-1,949,995,996,-1,949,950,995,-1,947,996,997,-1,947,949,996,-1,945,997,998,-1,945,947,997,-1,943,998,999,-1,943,945,998,-1,941,999,1000,-1,941,943,999,-1,940,1000,1001,-1,940,941,1000,-1,938,1001,1002,-1,938,940,1001,-1,935,1002,1003,-1,935,938,1002,-1,929,1003,1004,-1,929,935,1003,-1,928,1004,1005,-1,928,929,1004,-1,924,1005,1006,-1,924,928,1005,-1,922,924,1006,-1,922,1006,1007,-1,916,922,1007,-1,916,1008,1009,-1,916,1007,1008,-1,917,916,1009,-1,919,917,1009,-1,919,1009,990,-1,1010,953,1011,-1,955,953,1010,-1,1011,951,1012,-1,953,951,1011,-1,1012,948,1013,-1,951,948,1012,-1,1013,946,1014,-1,948,946,1013,-1,1014,944,1015,-1,946,944,1014,-1,1015,942,1016,-1,944,942,1015,-1,1016,939,1017,-1,942,939,1016,-1,1017,937,1018,-1,939,937,1017,-1,1018,934,1019,-1,937,934,1018,-1,1019,927,1020,-1,934,927,1019,-1,1020,923,1021,-1,927,923,1020,-1,1021,921,1022,-1,923,921,1021,-1,1023,915,991,-1,1022,915,1023,-1,921,915,1022,-1,915,918,991,-1,956,958,1024,-1,956,1024,992,-1,957,955,1010,-1,957,1010,1025,-1,1026,1027,972,-1,972,1027,970,-1,970,1028,968,-1,1027,1028,970,-1,968,1029,966,-1,1028,1029,968,-1,966,1030,964,-1,1029,1030,966,-1,964,1031,962,-1,1030,1031,964,-1,960,1032,958,-1,962,1032,960,-1,1031,1032,962,-1,1032,1024,958,-1,971,1033,1034,-1,971,1034,1035,-1,971,1035,973,-1,1036,1033,971,-1,969,1036,971,-1,1037,1038,1039,-1,1037,1040,1038,-1,1037,1041,1040,-1,1037,1042,1041,-1,1043,1039,1036,-1,1043,1036,969,-1,1043,1037,1039,-1,1044,969,967,-1,1044,1043,969,-1,1045,967,965,-1,1045,1044,967,-1,1046,965,963,-1,1046,1045,965,-1,1047,963,961,-1,1047,1046,963,-1,1048,961,959,-1,1048,1047,961,-1,1025,959,957,-1,1025,1048,959,-1,975,976,906,-1,975,906,905,-1,975,989,976,-1,981,988,989,-1,981,989,975,-1,980,987,988,-1,980,986,987,-1,980,988,981,-1,979,985,986,-1,979,986,980,-1,984,985,979,-1,978,984,979,-1,982,984,978,-1,977,982,978,-1,983,982,977,-1,990,983,977,-1,991,983,990,-1,1009,991,990,-1,1023,991,1009,-1,1008,1023,1009,-1,1022,1023,1008,-1,1007,1022,1008,-1,1021,1022,1007,-1,1006,1021,1007,-1,1020,1021,1006,-1,1005,1020,1006,-1,1004,1020,1005,-1,1004,1019,1020,-1,1003,1019,1004,-1,1003,1018,1019,-1,1002,1018,1003,-1,1002,1017,1018,-1,1001,1017,1002,-1,1000,1017,1001,-1,1000,1016,1017,-1,999,1016,1000,-1,999,1015,1016,-1,998,1015,999,-1,998,1014,1015,-1,997,1014,998,-1,997,1013,1014,-1,996,1013,997,-1,995,1012,1013,-1,995,1013,996,-1,994,1011,1012,-1,994,1012,995,-1,993,1010,1011,-1,993,1011,994,-1,992,1010,993,-1,1024,1048,1025,-1,1024,1025,1010,-1,1024,1010,992,-1,1032,1047,1048,-1,1032,1048,1024,-1,1031,1046,1047,-1,1031,1047,1032,-1,1030,1045,1046,-1,1030,1046,1031,-1,1029,1044,1045,-1,1029,1045,1030,-1,1028,1043,1044,-1,1028,1044,1029,-1,1027,1037,1043,-1,1027,1043,1028,-1,1026,1037,1027,-1,1026,1042,1037,-1,1049,1042,1026,-1,1050,1051,1052,-1,1050,1053,1051,-1,1054,1055,1056,-1,1057,1055,1054,-1,1058,1050,1052,-1,1058,1059,1050,-1,1060,1061,1059,-1,1060,1059,1058,-1,1062,1063,1061,-1,1062,1061,1060,-1,1064,1063,1062,-1,1065,1066,1067,-1,1068,1065,1067,-1,1068,1067,1069,-1,1068,1069,1070,-1,1071,1066,1065,-1,1071,1072,1066,-1,1073,1072,1071,-1,1073,1074,1072,-1,1075,1063,1064,-1,1075,1076,1063,-1,1077,1074,1073,-1,1077,1078,1074,-1,1077,1079,1078,-1,1080,1076,1075,-1,1081,1076,1080,-1,1081,1082,1076,-1,1083,1068,1070,-1,1084,1079,1077,-1,1084,1085,1079,-1,1086,1082,1081,-1,1086,1083,1070,-1,1086,1070,1082,-1,1087,1088,1085,-1,1087,1085,1084,-1,1089,1090,1088,-1,1089,1091,1090,-1,1089,1088,1087,-1,1092,1091,1089,-1,1092,1093,1091,-1,1094,1093,1092,-1,1094,1095,1093,-1,1096,1097,1095,-1,1096,1095,1094,-1,1098,1097,1096,-1,1098,1099,1097,-1,1098,1100,1099,-1,1101,1100,1098,-1,1101,1102,1100,-1,1103,1102,1101,-1,1103,1104,1102,-1,1105,1104,1103,-1,1105,1106,1104,-1,1107,1108,1106,-1,1107,1106,1105,-1,1109,1110,1108,-1,1109,1108,1107,-1,1111,1112,1110,-1,1111,1110,1109,-1,1113,1114,1112,-1,1113,1112,1111,-1,1115,1116,1114,-1,1115,1114,1113,-1,1117,1118,1116,-1,1117,1116,1115,-1,1119,1120,1118,-1,1119,1118,1117,-1,1121,1122,1120,-1,1121,1120,1119,-1,1123,1124,1122,-1,1123,1122,1121,-1,1051,1053,1057,-1,1051,1057,1054,-1,1050,1055,1057,-1,1050,1057,1053,-1,1059,1125,1055,-1,1059,1055,1050,-1,1056,1051,1054,-1,1056,1052,1051,-1,1126,1058,1052,-1,1126,1052,1056,-1,1127,1128,1070,-1,1070,1128,1082,-1,1082,1129,1076,-1,1128,1129,1082,-1,1076,1130,1063,-1,1129,1130,1076,-1,1063,1131,1061,-1,1130,1131,1063,-1,1061,1125,1059,-1,1131,1125,1061,-1,1132,1133,1083,-1,1132,1083,1086,-1,1134,1086,1081,-1,1134,1132,1086,-1,1135,1080,1075,-1,1135,1081,1080,-1,1135,1134,1081,-1,1136,1135,1075,-1,1137,1075,1064,-1,1137,1136,1075,-1,1138,1064,1062,-1,1138,1137,1064,-1,1139,1062,1060,-1,1139,1138,1062,-1,1126,1060,1058,-1,1126,1139,1060,-1,1070,1069,1140,-1,1070,1140,1127,-1,1068,1083,1133,-1,1068,1133,1141,-1,1104,1106,1142,-1,1104,1142,1143,-1,1102,1143,1144,-1,1102,1104,1143,-1,1100,1144,1145,-1,1100,1102,1144,-1,1099,1145,1146,-1,1099,1100,1145,-1,1097,1146,1147,-1,1097,1099,1146,-1,1095,1147,1148,-1,1095,1097,1147,-1,1093,1148,1149,-1,1093,1095,1148,-1,1091,1149,1150,-1,1091,1093,1149,-1,1090,1150,1151,-1,1090,1091,1150,-1,1088,1151,1152,-1,1088,1090,1151,-1,1085,1152,1153,-1,1085,1088,1152,-1,1079,1153,1154,-1,1079,1085,1153,-1,1078,1154,1155,-1,1078,1079,1154,-1,1074,1155,1156,-1,1074,1078,1155,-1,1072,1074,1156,-1,1072,1156,1157,-1,1066,1072,1157,-1,1066,1158,1159,-1,1066,1157,1158,-1,1067,1066,1159,-1,1069,1067,1159,-1,1069,1159,1140,-1,1160,1103,1161,-1,1105,1103,1160,-1,1161,1101,1162,-1,1103,1101,1161,-1,1162,1098,1163,-1,1101,1098,1162,-1,1163,1096,1164,-1,1098,1096,1163,-1,1164,1094,1165,-1,1096,1094,1164,-1,1165,1092,1166,-1,1094,1092,1165,-1,1166,1089,1167,-1,1092,1089,1166,-1,1167,1087,1168,-1,1089,1087,1167,-1,1168,1084,1169,-1,1087,1084,1168,-1,1169,1077,1170,-1,1084,1077,1169,-1,1170,1073,1171,-1,1077,1073,1170,-1,1171,1071,1172,-1,1073,1071,1171,-1,1173,1065,1141,-1,1172,1065,1173,-1,1071,1065,1172,-1,1065,1068,1141,-1,1106,1108,1174,-1,1106,1174,1142,-1,1107,1105,1160,-1,1107,1160,1175,-1,1176,1177,1122,-1,1122,1177,1120,-1,1120,1178,1118,-1,1177,1178,1120,-1,1118,1179,1116,-1,1178,1179,1118,-1,1116,1180,1114,-1,1179,1180,1116,-1,1114,1181,1112,-1,1180,1181,1114,-1,1110,1182,1108,-1,1112,1182,1110,-1,1181,1182,1112,-1,1182,1174,1108,-1,1121,1183,1184,-1,1121,1184,1185,-1,1121,1185,1123,-1,1186,1183,1121,-1,1119,1186,1121,-1,1187,1188,1189,-1,1187,1190,1188,-1,1187,1191,1190,-1,1187,1192,1191,-1,1193,1189,1186,-1,1193,1186,1119,-1,1193,1187,1189,-1,1194,1119,1117,-1,1194,1193,1119,-1,1195,1117,1115,-1,1195,1194,1117,-1,1196,1115,1113,-1,1196,1195,1115,-1,1197,1113,1111,-1,1197,1196,1113,-1,1198,1111,1109,-1,1198,1197,1111,-1,1175,1109,1107,-1,1175,1198,1109,-1,1125,1126,1056,-1,1125,1056,1055,-1,1125,1139,1126,-1,1131,1138,1139,-1,1131,1139,1125,-1,1130,1137,1138,-1,1130,1136,1137,-1,1130,1138,1131,-1,1129,1135,1136,-1,1129,1136,1130,-1,1134,1135,1129,-1,1128,1134,1129,-1,1132,1134,1128,-1,1127,1132,1128,-1,1133,1132,1127,-1,1140,1133,1127,-1,1141,1133,1140,-1,1159,1141,1140,-1,1173,1141,1159,-1,1158,1173,1159,-1,1172,1173,1158,-1,1157,1172,1158,-1,1171,1172,1157,-1,1156,1171,1157,-1,1170,1171,1156,-1,1155,1170,1156,-1,1154,1170,1155,-1,1154,1169,1170,-1,1153,1169,1154,-1,1153,1168,1169,-1,1152,1168,1153,-1,1152,1167,1168,-1,1151,1167,1152,-1,1150,1167,1151,-1,1150,1166,1167,-1,1149,1166,1150,-1,1149,1165,1166,-1,1148,1165,1149,-1,1148,1164,1165,-1,1147,1164,1148,-1,1147,1163,1164,-1,1146,1163,1147,-1,1145,1162,1163,-1,1145,1163,1146,-1,1144,1161,1162,-1,1144,1162,1145,-1,1143,1160,1161,-1,1143,1161,1144,-1,1142,1160,1143,-1,1174,1198,1175,-1,1174,1175,1160,-1,1174,1160,1142,-1,1182,1197,1198,-1,1182,1198,1174,-1,1181,1196,1197,-1,1181,1197,1182,-1,1180,1195,1196,-1,1180,1196,1181,-1,1179,1194,1195,-1,1179,1195,1180,-1,1178,1193,1194,-1,1178,1194,1179,-1,1177,1187,1193,-1,1177,1193,1178,-1,1176,1187,1177,-1,1176,1192,1187,-1,1199,1192,1176            ]
            ccw TRUE
          }
        }
        Shape {
          appearance DEF M1 Appearance {
            material Material {
              diffuseColor 0.74902 0.74902 0.74902
              specularColor 0.05 0.05 0.05
              shininess 0.5
            }
          }
          geometry IndexedFaceSet {
            coord Coordinate {
              point [
-3.9849999 -1.39999998 1.65499997,-4.03499985 -1.39999998 1.66839743,-3.9849999 -1.70000005 1.65499997,-4.03499985 -1.70000005 1.66839743,-4.07160234 -1.39999998 1.70500004,-4.07160234 -1.70000005 1.70500004,-4.08500004 -1.39999998 1.755,-4.08500004 -1.70000005 1.755,-3.68499994 -1.39999998 7.55499983,-3.67160249 -1.39999998 7.60500002,-3.68499994 -1.70000005 7.55499983,-3.67160249 -1.70000005 7.60500002,-3.63499999 -1.39999998 7.64160252,-3.63499999 -1.70000005 7.64160252,-3.58500004 -1.39999998 7.65500021,-3.58500004 -1.70000005 7.65500021,-3.83109903 -1.70000005 1.65499997,-3.78109908 -1.70000005 1.66839743,-3.83109903 -1.39999998 1.65499997,-3.78109908 -1.39999998 1.66839743,-3.74449658 -1.70000005 1.70500004,-3.74449658 -1.39999998 1.70500004,-3.73109913 -1.70000005 1.755,-3.73109913 -1.39999998 1.755,-0.83890092 -1.70000005 1.65499997,-0.685 -1.39999998 1.65499997,-0.83890092 -1.39999998 1.65499997,-0.685 -1.70000005 1.65499997,3.87160254 -1.70000005 7.60500002,6.25 -1.70000005 8.05500031,3.83500004 -1.70000005 7.64160252,3.78500009 -1.70000005 7.65500021,3.88499999 -1.70000005 7.55499983,3.88499999 -1.70000005 5.11116886,1.28499997 -1.70000005 7.65500021,4.28499985 -1.70000005 3.35500002,-1.03499997 -1.70000005 7.64160252,1.19839752 -1.70000005 7.60500002,1.23500001 -1.70000005 7.64160252,-0.99839747 -1.70000005 7.60500002,-0.98500001 -1.70000005 7.55499983,1.18499994 -1.70000005 7.55499983,-1.08500004 -1.70000005 7.65500021,6.25 -1.70000005 0.155,1.18499994 -1.70000005 5.11116886,6.18454933 -1.70000005 -0.03204694,6.22029066 -1.70000005 0.02483488,6.24247837 -1.70000005 0.08824372,4.28499985 -1.70000005 1.755,4.27160263 -1.70000005 1.70500004,6.01675606 -1.70000005 -0.13747837,6.08016491 -1.70000005 -0.11529066,6.13704681 -1.70000005 -0.07954945,5.94999981 -1.70000005 -0.145,1.138901 -1.70000005 3.35500002,3.93109894 -1.70000005 1.755,3.93109894 -1.70000005 3.35500002,3.63499999 -1.70000005 4.65500021,1.43499994 -1.70000005 4.65500021,4.4000001 -1.70000005 -0.145,4.23500013 -1.70000005 1.66839743,4.18499994 -1.70000005 1.65499997,4.33324385 -1.70000005 -0.15252163,4.03109884 -1.70000005 1.65499997,-0.98500001 -1.70000005 5.11116886,4.269835 -1.70000005 -0.17470933,3.98109913 -1.70000005 1.66839743,4.21295309 -1.70000005 -0.21045056,4.16545057 -1.70000005 -0.25795305,3.94449663 -1.70000005 1.70500004,4.12970924 -1.70000005 -0.31483489,1.138901 -1.70000005 1.755,1.12550354 -1.70000005 1.70500004,-0.58499998 -1.70000005 3.35500002,0.78500003 -1.70000005 3.35500002,1.08890092 -1.70000005 1.66839743,4.10752153 -1.70000005 -0.37824371,4.0999999 -1.70000005 -0.44499999,1.03890097 -1.70000005 1.65499997,0.78500003 -1.70000005 1.755,-6.05000019 -1.70000005 8.05500031,3.98704696 -1.70000005 -2.07954955,4.03454924 -1.70000005 -2.03204703,4.07029057 -1.70000005 -1.97516513,4.09247828 -1.70000005 -1.91175628,4.0999999 -1.70000005 -1.84500003,3.79999995 -1.70000005 -2.14499998,3.8667562 -1.70000005 -2.13747835,3.93016505 -1.70000005 -2.11529064,0.88499999 -1.70000005 1.65499997,-3.68499994 -1.70000005 5.11116886,-0.58499998 -1.70000005 1.755,-0.59839743 -1.70000005 1.70500004,0.83499998 -1.70000005 1.66839743,0.79839748 -1.70000005 1.70500004,-0.63499999 -1.70000005 1.66839743,-3.73109913 -1.70000005 3.35500002,-0.93890095 -1.70000005 1.755,-0.93890095 -1.70000005 3.35500002,-1.23500001 -1.70000005 4.65500021,-3.43499994 -1.70000005 4.65500021,-4.08500004 -1.70000005 3.35500002,-0.92550349 -1.70000005 1.70500004,-3.96545053 -1.70000005 -0.25795305,-4.01295328 -1.70000005 -0.21045056,-4.06983471 -1.70000005 -0.17470933,-3.92970943 -1.70000005 -0.31483489,-0.88890094 -1.70000005 1.66839743,-4.13324356 -1.70000005 -0.15252163,-3.90752172 -1.70000005 -0.37824371,-4.19999981 -1.70000005 -0.145,-3.9000001 -1.70000005 -0.44499999,-3.5999999 -1.70000005 -2.14499998,-3.9000001 -1.70000005 -1.84500003,-3.66675639 -1.70000005 -2.13747835,-3.89247847 -1.70000005 -1.91175628,-3.730165 -1.70000005 -2.11529064,-3.87029076 -1.70000005 -1.97516513,-3.78704691 -1.70000005 -2.07954955,-3.83454943 -1.70000005 -2.03204703,-6.05000019 -1.70000005 0.155,-5.75 -1.70000005 -0.145,-6.04247856 -1.70000005 0.08824372,-5.81675625 -1.70000005 -0.13747837,-5.937047 -1.70000005 -0.07954945,-6.02029085 -1.70000005 0.02483488,-5.98454952 -1.70000005 -0.03204694,-5.8801651 -1.70000005 -0.11529066,-0.58499998 -1.39999998 3.35500002,-0.58499998 -1.39999998 1.755,-4.08500004 -1.39999998 3.35500002,0.88499999 -1.39999998 1.65499997,0.83499998 -1.39999998 1.66839743,0.79839748 -1.39999998 1.70500004,0.78500003 -1.39999998 1.755,3.93109894 -1.39999998 3.35500002,3.63499999 -1.39999998 4.65500021,3.93109894 -1.39999998 1.755,1.138901 -1.39999998 1.755,1.138901 -1.39999998 3.35500002,1.43499994 -1.39999998 4.65500021,3.63499999 -1.7747941 4.85693598,1.43499994 -1.7747941 4.85693598,3.63499999 -1.73403037 4.79621172,1.43499994 -1.73403037 4.79621172,1.43499994 -1.7086277 4.72762728,3.63499999 -1.7086277 4.72762728,3.63499999 -2.43329883 5.62393188,1.43499994 -2.43329883 5.62393188,1.43499994 -2.47379804 5.68414068,3.63499999 -2.47379804 5.68414068,1.43499994 -2.49919176 5.7521143,3.63499999 -2.49919176 5.7521143,1.43499994 -2.50808811 5.8241291,3.63499999 -2.50808811 5.8241291,1.43499994 -2.5 5.89623928,3.63499999 -2.5 5.89623928,1.43499994 -2.47537041 5.96449375,3.63499999 -2.47537041 5.96449375,1.43499994 -2.43554902 6.02515316,3.63499999 -2.43554902 6.02515316,3.63499999 -2.38271761 6.07489347,1.43499994 -2.38271761 6.07489347,1.43499994 -2.31977057 6.11099005,3.63499999 -2.31977057 6.11099005,1.43499994 -1.61174536 6.41314411,1.53499997 -1.5197705 6.45239449,1.48500001 -1.53209281 6.44713593,1.44839752 -1.56575787 6.4327693,3.53500009 -1.5197705 6.45239449,3.62160254 -1.56575787 6.4327693,3.58500004 -1.53209281 6.44713593,3.63499999 -1.61174536 6.41314411,1.53499997 -1.40201807 6.17647028,1.43499994 -1.49399292 6.13721943,1.48500001 -1.41434038 6.17121172,1.44839752 -1.44800544 6.15684462,1.43499994 -2.20201802 5.83506536,3.62160254 -1.44800544 6.15684462,3.63499999 -1.49399292 6.13721943,3.58500004 -1.41434038 6.17121172,3.53500009 -1.40201807 6.17647028,3.63499999 -2.20201802 5.83506536,1.43499994 -2.20568037 5.81935406,1.43499994 -2.20805788 5.8250308,3.63499999 -2.20568037 5.81935406,3.63499999 -2.20805788 5.8250308,1.43499994 -2.20666075 5.83102465,3.63499999 -2.20666075 5.83102465,3.63499999 -1.54717565 5.05235815,1.43499994 -1.54717565 5.05235815,1.43499994 -1.50353301 4.99498701,3.63499999 -1.50353301 4.99498701,3.63499999 -1.46696293 4.93286848,1.43499994 -1.46696293 4.93286848,1.43499994 -1.437976 4.86686897,3.63499999 -1.437976 4.86686897,1.43499994 -1.41697693 4.79791164,3.63499999 -1.41697693 4.79791164,1.43499994 -1.40425909 4.72695827,3.63499999 -1.40425909 4.72695827,0.78500003 -1.39999998 3.35500002,1.18499994 -1.39999998 5.11116886,1.18499994 -1.39999998 7.55499983,3.78500009 -1.39999998 7.65500021,1.28499997 -1.39999998 7.65500021,3.88499999 -1.39999998 5.11116886,3.88499999 -1.39999998 7.55499983,4.28499985 -1.39999998 3.35500002,4.28499985 -1.39999998 1.755,4.18499994 -1.39999998 1.65499997,4.03109884 -1.39999998 1.65499997,-3.43499994 1.70000005 4.65500021,-3.73109913 1.70000005 3.35500002,-3.73109913 1.39999998 3.35500002,-3.43499994 1.39999998 4.65500021,-3.73109913 1.70000005 1.755,-3.73109913 1.39999998 1.755,-0.93890095 1.39999998 1.755,-0.93890095 1.70000005 1.755,-0.93890095 1.70000005 3.35500002,-0.93890095 1.39999998 3.35500002,-1.23500001 1.70000005 4.65500021,-1.23500001 1.39999998 4.65500021,-3.43499994 1.7747941 4.85693598,-1.23500001 1.7747941 4.85693598,-3.43499994 1.73403037 4.79621172,-1.23500001 1.73403037 4.79621172,-1.23500001 1.7086277 4.72762728,-3.43499994 1.7086277 4.72762728,-1.23500001 2.43329883 5.62393188,-3.43499994 2.43329883 5.62393188,-1.23500001 2.47379804 5.68414068,-3.43499994 2.47379804 5.68414068,-1.23500001 2.49919176 5.7521143,-3.43499994 2.49919176 5.7521143,-1.23500001 2.50808811 5.8241291,-3.43499994 2.50808811 5.8241291,-1.23500001 2.5 5.89623928,-3.43499994 2.5 5.89623928,-1.23500001 2.47537041 5.96449375,-3.43499994 2.47537041 5.96449375,-3.43499994 2.43554902 6.02515316,-1.23500001 2.43554902 6.02515316,-1.23500001 2.38271761 6.07489347,-3.43499994 2.38271761 6.07489347,-1.23500001 2.31977057 6.11099005,-3.43499994 2.31977057 6.11099005,-3.33500004 1.5197705 6.45239449,-3.43499994 1.61174536 6.41314411,-3.42160249 1.56575787 6.4327693,-3.38499999 1.53209281 6.44713593,-1.33500004 1.5197705 6.45239449,-1.23500001 1.61174536 6.41314411,-1.24839747 1.56575787 6.4327693,-1.28499997 1.53209281 6.44713593,-3.43499994 1.49399292 6.13721943,-3.38499999 1.41434038 6.17121172,-3.42160249 1.44800544 6.15684462,-3.43499994 2.20201802 5.83506536,-3.33500004 1.40201807 6.17647028,-1.23500001 1.49399292 6.13721943,-1.33500004 1.40201807 6.17647028,-1.23500001 2.20201802 5.83506536,-1.28499997 1.41434038 6.17121172,-1.24839747 1.44800544 6.15684462,-1.23500001 2.20568037 5.81935406,-1.23500001 2.20805788 5.8250308,-3.43499994 2.20568037 5.81935406,-3.43499994 2.20805788 5.8250308,-1.23500001 2.20666075 5.83102465,-3.43499994 2.20666075 5.83102465,-1.23500001 1.54717565 5.05235815,-3.43499994 1.54717565 5.05235815,-1.23500001 1.50353301 4.99498701,-3.43499994 1.50353301 4.99498701,-1.23500001 1.46696293 4.93286848,-3.43499994 1.46696293 4.93286848,-1.23500001 1.437976 4.86686897,-3.43499994 1.437976 4.86686897,-1.23500001 1.41697693 4.79791164,-3.43499994 1.41697693 4.79791164,-1.23500001 1.40425909 4.72695827,-3.43499994 1.40425909 4.72695827,-0.58499998 1.70000005 1.755,-0.58499998 1.39999998 1.755,-0.58499998 1.39999998 3.35500002,-0.58499998 1.70000005 3.35500002,-0.98500001 1.70000005 5.11116886,-0.98500001 1.39999998 5.11116886,-0.98500001 1.39999998 7.55499983,-0.98500001 1.70000005 7.55499983,-1.08500004 1.70000005 7.65500021,-1.08500004 1.39999998 7.65500021,-3.58500004 1.39999998 7.65500021,-3.58500004 1.70000005 7.65500021,-3.68499994 1.70000005 5.11116886,-3.68499994 1.70000005 7.55499983,-3.68499994 1.39999998 7.55499983,-3.68499994 1.39999998 5.11116886,-4.08500004 1.39999998 3.35500002,-4.08500004 1.70000005 3.35500002,-4.08500004 1.70000005 1.755,-4.08500004 1.39999998 1.755,-3.9849999 1.39999998 1.65499997,-3.83109903 1.70000005 1.65499997,-3.9849999 1.70000005 1.65499997,-3.83109903 1.39999998 1.65499997,3.93109894 1.39999998 1.755,3.93109894 1.70000005 1.755,3.93109894 1.70000005 3.35500002,3.93109894 1.39999998 3.35500002,3.63499999 1.70000005 4.65500021,3.63499999 1.39999998 4.65500021,1.43499994 1.70000005 4.65500021,1.138901 1.70000005 3.35500002,1.138901 1.39999998 3.35500002,1.43499994 1.39999998 4.65500021,1.138901 1.70000005 1.755,1.138901 1.39999998 1.755,1.48500001 1.53209281 6.44713593,1.43499994 1.61174536 6.41314411,1.44839752 1.56575787 6.4327693,1.53499997 1.5197705 6.45239449,1.43499994 2.31977057 6.11099005,3.53500009 1.5197705 6.45239449,3.63499999 2.31977057 6.11099005,3.63499999 1.61174536 6.41314411,3.62160254 1.56575787 6.4327693,3.58500004 1.53209281 6.44713593,1.43499994 2.38271761 6.07489347,3.63499999 2.38271761 6.07489347,1.43499994 2.43554902 6.02515316,3.63499999 2.43554902 6.02515316,1.43499994 2.47537041 5.96449375,3.63499999 2.47537041 5.96449375,1.43499994 2.5 5.89623928,3.63499999 2.5 5.89623928,3.63499999 2.50808811 5.8241291,1.43499994 2.50808811 5.8241291,1.43499994 2.49919176 5.7521143,3.63499999 2.49919176 5.7521143,1.43499994 2.47379804 5.68414068,3.63499999 2.47379804 5.68414068,1.43499994 2.43329883 5.62393188,3.63499999 2.43329883 5.62393188,3.63499999 1.7747941 4.85693598,1.43499994 1.7747941 4.85693598,1.43499994 1.7086277 4.72762728,3.63499999 1.7086277 4.72762728,1.43499994 1.73403037 4.79621172,3.63499999 1.73403037 4.79621172,1.43499994 1.40425909 4.72695827,3.63499999 1.40425909 4.72695827,3.63499999 1.41697693 4.79791164,1.43499994 1.41697693 4.79791164,1.43499994 1.437976 4.86686897,3.63499999 1.437976 4.86686897,1.43499994 1.46696293 4.93286848,3.63499999 1.46696293 4.93286848,1.43499994 1.50353301 4.99498701,3.63499999 1.50353301 4.99498701,1.43499994 1.54717565 5.05235815,3.63499999 1.54717565 5.05235815,3.63499999 2.20568037 5.81935406,1.43499994 2.20568037 5.81935406,1.43499994 2.20201802 5.83506536,1.43499994 2.20666075 5.83102465,3.63499999 2.20201802 5.83506536,3.63499999 2.20666075 5.83102465,1.43499994 2.20805788 5.8250308,3.63499999 2.20805788 5.8250308,1.43499994 1.49399292 6.13721943,1.48500001 1.41434038 6.17121172,1.44839752 1.44800544 6.15684462,1.53499997 1.40201807 6.17647028,3.53500009 1.40201807 6.17647028,3.63499999 1.49399292 6.13721943,3.62160254 1.44800544 6.15684462,3.58500004 1.41434038 6.17121172,3.88499999 1.70000005 5.11116886,4.28499985 1.70000005 3.35500002,4.28499985 1.39999998 3.35500002,3.88499999 1.39999998 5.11116886,3.88499999 1.39999998 7.55499983,3.88499999 1.70000005 7.55499983,3.78500009 1.70000005 7.65500021,3.78500009 1.39999998 7.65500021,1.28499997 1.39999998 7.65500021,1.28499997 1.70000005 7.65500021,1.18499994 1.70000005 5.11116886,1.18499994 1.70000005 7.55499983,1.18499994 1.39999998 7.55499983,1.18499994 1.39999998 5.11116886,0.78500003 1.39999998 3.35500002,0.78500003 1.70000005 3.35500002,0.78500003 1.70000005 1.755,0.78500003 1.39999998 1.755,4.03109884 1.39999998 1.65499997,4.18499994 1.70000005 1.65499997,4.03109884 1.70000005 1.65499997,4.18499994 1.39999998 1.65499997,4.28499985 1.70000005 1.755,4.28499985 1.39999998 1.755,-3.9000001 -1.39999998 -0.44499999,-3.9000001 -1.39999998 -1.84500003,-5.75 -1.39999998 -0.145,-4.19999981 -1.39999998 -0.145,-3.9000001 1.70000005 -1.84500003,-3.9000001 1.39999998 -1.84500003,-3.9000001 1.39999998 -0.44499999,-3.9000001 1.70000005 -0.44499999,-4.19999981 1.70000005 -0.145,-4.19999981 1.39999998 -0.145,-5.75 1.39999998 -0.145,-5.75 1.70000005 -0.145,4.0999999 -1.39999998 -1.84500003,4.0999999 -1.39999998 -0.44499999,5.94999981 -1.39999998 -0.145,4.4000001 -1.39999998 -0.145,4.0999999 1.39999998 -1.84500003,4.0999999 1.70000005 -1.84500003,4.0999999 1.39999998 -0.44499999,4.0999999 1.70000005 -0.44499999,4.4000001 1.70000005 -0.145,5.94999981 1.39999998 -0.145,4.4000001 1.39999998 -0.145,5.94999981 1.70000005 -0.145,-5.81675625 1.70000005 -0.13747837,-5.8801651 1.70000005 -0.11529066,-5.937047 1.70000005 -0.07954945,-5.98454952 1.70000005 -0.03204694,-6.02029085 1.70000005 0.02483488,-6.04247856 1.70000005 0.08824372,-6.05000019 1.70000005 0.155,-3.730165 1.70000005 -2.11529064,-3.78704691 1.70000005 -2.07954955,-3.83454943 1.70000005 -2.03204703,-3.5999999 1.70000005 -2.14499998,-3.66675639 1.70000005 -2.13747835,-3.87029076 1.70000005 -1.97516513,-3.89247847 1.70000005 -1.91175628,-4.07160234 1.70000005 1.70500004,-4.03499985 1.70000005 1.66839743,-4.13324356 1.70000005 -0.15252163,-4.06983471 1.70000005 -0.17470933,-3.78109908 1.70000005 1.66839743,-4.01295328 1.70000005 -0.21045056,-3.96545053 1.70000005 -0.25795305,-3.74449658 1.70000005 1.70500004,-3.92970943 1.70000005 -0.31483489,-0.92550349 1.70000005 1.70500004,-0.88890094 1.70000005 1.66839743,-3.90752172 1.70000005 -0.37824371,-0.83890092 1.70000005 1.65499997,-0.685 1.70000005 1.65499997,3.93016505 1.70000005 -2.11529064,3.8667562 1.70000005 -2.13747835,3.79999995 1.70000005 -2.14499998,-6.05000019 1.70000005 8.05500031,4.07029057 1.70000005 -1.97516513,4.03454924 1.70000005 -2.03204703,3.98704696 1.70000005 -2.07954955,4.09247828 1.70000005 -1.91175628,0.83499998 1.70000005 1.66839743,-0.59839743 1.70000005 1.70500004,0.79839748 1.70000005 1.70500004,-0.63499999 1.70000005 1.66839743,0.88499999 1.70000005 1.65499997,1.03890097 1.70000005 1.65499997,1.08890092 1.70000005 1.66839743,4.10752153 1.70000005 -0.37824371,4.12970924 1.70000005 -0.31483489,1.12550354 1.70000005 1.70500004,-3.67160249 1.70000005 7.60500002,-3.63499999 1.70000005 7.64160252,3.98109913 1.70000005 1.66839743,4.21295309 1.70000005 -0.21045056,4.16545057 1.70000005 -0.25795305,4.269835 1.70000005 -0.17470933,3.94449663 1.70000005 1.70500004,4.33324385 1.70000005 -0.15252163,4.23500013 1.70000005 1.66839743,4.27160263 1.70000005 1.70500004,6.18454933 1.70000005 -0.03204694,6.13704681 1.70000005 -0.07954945,6.08016491 1.70000005 -0.11529066,6.01675606 1.70000005 -0.13747837,6.22029066 1.70000005 0.02483488,6.24247837 1.70000005 0.08824372,6.25 1.70000005 0.155,1.19839752 1.70000005 7.60500002,-0.99839747 1.70000005 7.60500002,1.23500001 1.70000005 7.64160252,-1.03499997 1.70000005 7.64160252,6.25 1.70000005 8.05500031,3.83500004 1.70000005 7.64160252,3.87160254 1.70000005 7.60500002,-6.05000019 1.29999995 8.45499992,6.25 1.29999995 8.45499992,6.25 1.36945927 8.44892311,-6.05000019 1.36945927 8.44892311,-6.05000019 1.43680811 8.43087673,6.25 1.43680811 8.43087673,6.25 1.5 8.4014101,-6.05000019 1.5 8.4014101,-6.05000019 1.55711508 8.36141777,6.25 1.55711508 8.36141777,-6.05000019 1.60641778 8.31211472,6.25 1.60641778 8.31211472,6.25 1.64641011 8.25500011,-6.05000019 1.64641011 8.25500011,-6.05000019 1.67587709 8.19180775,6.25 1.67587709 8.19180775,6.25 1.69392312 8.12445927,-6.05000019 1.69392312 8.12445927,6.25 -1.29999995 8.45499992,-6.05000019 -1.29999995 8.45499992,6.25 -1.69392312 8.12445927,-6.05000019 -1.69392312 8.12445927,-6.05000019 -1.67587709 8.19180775,6.25 -1.67587709 8.19180775,6.25 -1.64641011 8.25500011,-6.05000019 -1.64641011 8.25500011,-6.05000019 -1.60641778 8.31211472,6.25 -1.60641778 8.31211472,-6.05000019 -1.55711508 8.36141777,6.25 -1.55711508 8.36141777,6.25 -1.5 8.4014101,-6.05000019 -1.5 8.4014101,-6.05000019 -1.43680811 8.43087673,6.25 -1.43680811 8.43087673,6.25 -1.36945927 8.44892311,-6.05000019 -1.36945927 8.44892311,6.25 -1.39999998 8.05500031,3.87160254 -1.39999998 7.60500002,3.83500004 -1.39999998 7.64160252,-0.99839747 -1.39999998 7.60500002,-1.03499997 -1.39999998 7.64160252,1.19839752 -1.39999998 7.60500002,1.23500001 -1.39999998 7.64160252,-0.98500001 -1.39999998 7.55499983,-1.08500004 -1.39999998 7.65500021,6.25 -1.39999998 0.155,6.22029066 -1.39999998 0.02483488,6.18454933 -1.39999998 -0.03204694,6.24247837 -1.39999998 0.08824372,4.27160263 -1.39999998 1.70500004,6.08016491 -1.39999998 -0.11529066,6.01675606 -1.39999998 -0.13747837,6.13704681 -1.39999998 -0.07954945,4.23500013 -1.39999998 1.66839743,4.33324385 -1.39999998 -0.15252163,-0.98500001 -1.39999998 5.11116886,4.269835 -1.39999998 -0.17470933,3.98109913 -1.39999998 1.66839743,4.21295309 -1.39999998 -0.21045056,4.16545057 -1.39999998 -0.25795305,3.94449663 -1.39999998 1.70500004,4.12970924 -1.39999998 -0.31483489,1.12550354 -1.39999998 1.70500004,4.10752153 -1.39999998 -0.37824371,1.08890092 -1.39999998 1.66839743,1.03890097 -1.39999998 1.65499997,-6.05000019 -1.39999998 8.05500031,4.03454924 -1.39999998 -2.03204703,3.98704696 -1.39999998 -2.07954955,4.07029057 -1.39999998 -1.97516513,4.09247828 -1.39999998 -1.91175628,3.8667562 -1.39999998 -2.13747835,3.79999995 -1.39999998 -2.14499998,3.93016505 -1.39999998 -2.11529064,-3.68499994 -1.39999998 5.11116886,-0.59839743 -1.39999998 1.70500004,-0.63499999 -1.39999998 1.66839743,-0.93890095 -1.39999998 1.755,-3.73109913 -1.39999998 3.35500002,-0.93890095 -1.39999998 3.35500002,-1.23500001 -1.39999998 4.65500021,-3.43499994 -1.39999998 4.65500021,-0.92550349 -1.39999998 1.70500004,-3.96545053 -1.39999998 -0.25795305,-4.01295328 -1.39999998 -0.21045056,-4.06983471 -1.39999998 -0.17470933,-0.88890094 -1.39999998 1.66839743,-3.92970943 -1.39999998 -0.31483489,-3.90752172 -1.39999998 -0.37824371,-4.13324356 -1.39999998 -0.15252163,-3.5999999 -1.39999998 -2.14499998,-3.66675639 -1.39999998 -2.13747835,-3.89247847 -1.39999998 -1.91175628,-3.730165 -1.39999998 -2.11529064,-3.87029076 -1.39999998 -1.97516513,-3.78704691 -1.39999998 -2.07954955,-3.83454943 -1.39999998 -2.03204703,-6.05000019 -1.39999998 0.155,-6.02029085 -1.39999998 0.02483488,-6.04247856 -1.39999998 0.08824372,-5.937047 -1.39999998 -0.07954945,-5.98454952 -1.39999998 -0.03204694,-5.8801651 -1.39999998 -0.11529066,-5.81675625 -1.39999998 -0.13747837,-6.05000019 -1.38660252 8.10499954,6.25 -1.38660252 8.10499954,-6.05000019 -1.35000002 8.14160252,6.25 -1.35000002 8.14160252,-6.05000019 -1.29999995 8.15499973,6.25 -1.29999995 8.15499973,6.25 1.29999995 8.15499973,-6.05000019 1.29999995 8.15499973,6.25 1.35000002 8.14160252,-6.05000019 1.35000002 8.14160252,-6.05000019 1.38660252 8.10499954,6.25 1.38660252 8.10499954,-6.05000019 1.39999998 8.05500031,6.25 1.39999998 8.05500031,-5.81675625 1.39999998 -0.13747837,-5.8801651 1.39999998 -0.11529066,-5.937047 1.39999998 -0.07954945,-5.98454952 1.39999998 -0.03204694,-6.02029085 1.39999998 0.02483488,-6.04247856 1.39999998 0.08824372,-6.05000019 1.39999998 0.155,-3.78704691 1.39999998 -2.07954955,-3.730165 1.39999998 -2.11529064,-3.83454943 1.39999998 -2.03204703,-3.66675639 1.39999998 -2.13747835,-3.5999999 1.39999998 -2.14499998,-3.87029076 1.39999998 -1.97516513,-3.89247847 1.39999998 -1.91175628,-4.07160234 1.39999998 1.70500004,-4.03499985 1.39999998 1.66839743,-4.13324356 1.39999998 -0.15252163,-4.06983471 1.39999998 -0.17470933,-4.01295328 1.39999998 -0.21045056,-3.78109908 1.39999998 1.66839743,-3.96545053 1.39999998 -0.25795305,-3.92970943 1.39999998 -0.31483489,-3.74449658 1.39999998 1.70500004,-3.90752172 1.39999998 -0.37824371,-0.88890094 1.39999998 1.66839743,-0.92550349 1.39999998 1.70500004,-0.83890092 1.39999998 1.65499997,-0.685 1.39999998 1.65499997,3.8667562 1.39999998 -2.13747835,3.93016505 1.39999998 -2.11529064,3.79999995 1.39999998 -2.14499998,4.03454924 1.39999998 -2.03204703,4.07029057 1.39999998 -1.97516513,3.98704696 1.39999998 -2.07954955,4.09247828 1.39999998 -1.91175628,-0.59839743 1.39999998 1.70500004,0.83499998 1.39999998 1.66839743,0.79839748 1.39999998 1.70500004,-0.63499999 1.39999998 1.66839743,0.88499999 1.39999998 1.65499997,1.03890097 1.39999998 1.65499997,1.08890092 1.39999998 1.66839743,4.10752153 1.39999998 -0.37824371,4.12970924 1.39999998 -0.31483489,1.12550354 1.39999998 1.70500004,-3.67160249 1.39999998 7.60500002,-3.63499999 1.39999998 7.64160252,4.21295309 1.39999998 -0.21045056,3.98109913 1.39999998 1.66839743,4.16545057 1.39999998 -0.25795305,4.269835 1.39999998 -0.17470933,3.94449663 1.39999998 1.70500004,4.33324385 1.39999998 -0.15252163,4.23500013 1.39999998 1.66839743,4.27160263 1.39999998 1.70500004,6.13704681 1.39999998 -0.07954945,6.18454933 1.39999998 -0.03204694,6.08016491 1.39999998 -0.11529066,6.01675606 1.39999998 -0.13747837,6.22029066 1.39999998 0.02483488,6.24247837 1.39999998 0.08824372,6.25 1.39999998 0.155,1.19839752 1.39999998 7.60500002,-0.99839747 1.39999998 7.60500002,1.23500001 1.39999998 7.64160252,-1.03499997 1.39999998 7.64160252,3.83500004 1.39999998 7.64160252,3.87160254 1.39999998 7.60500002,-3.33500004 -1.5197705 6.45239449,-3.33500004 -1.40201807 6.17647028,-3.38499999 -1.41434038 6.17121172,-3.38499999 -1.53209281 6.44713593,-3.42160249 -1.56575787 6.4327693,-3.42160249 -1.44800544 6.15684462,-3.43499994 -1.61174536 6.41314411,-3.43499994 -1.49399292 6.13721943,-1.33500004 -1.40201807 6.17647028,-1.33500004 -1.5197705 6.45239449,-1.28499997 -1.53209281 6.44713593,-1.28499997 -1.41434038 6.17121172,-1.24839747 -1.56575787 6.4327693,-1.24839747 -1.44800544 6.15684462,-1.23500001 -1.61174536 6.41314411,-1.23500001 -1.49399292 6.13721943,-1.23500001 -1.40425909 4.72695827,-1.23500001 -1.7086277 4.72762728,-1.23500001 -1.41697693 4.79791164,-1.23500001 -1.437976 4.86686897,-1.23500001 -1.73403037 4.79621172,-1.23500001 -1.46696293 4.93286848,-1.23500001 -1.50353301 4.99498701,-1.23500001 -1.7747941 4.85693598,-1.23500001 -1.54717565 5.05235815,-1.23500001 -2.43329883 5.62393188,-1.23500001 -2.20568037 5.81935406,-1.23500001 -2.47379804 5.68414068,-1.23500001 -2.20805788 5.8250308,-1.23500001 -2.49919176 5.7521143,-1.23500001 -2.50808811 5.8241291,-1.23500001 -2.5 5.89623928,-1.23500001 -2.20666075 5.83102465,-1.23500001 -2.47537041 5.96449375,-1.23500001 -2.43554902 6.02515316,-1.23500001 -2.38271761 6.07489347,-1.23500001 -2.20201802 5.83506536,-1.23500001 -2.31977057 6.11099005,-3.43499994 -1.40425909 4.72695827,-3.43499994 -1.41697693 4.79791164,-3.43499994 -1.7086277 4.72762728,-3.43499994 -1.437976 4.86686897,-3.43499994 -1.46696293 4.93286848,-3.43499994 -1.73403037 4.79621172,-3.43499994 -1.50353301 4.99498701,-3.43499994 -1.7747941 4.85693598,-3.43499994 -1.54717565 5.05235815,-3.43499994 -2.43329883 5.62393188,-3.43499994 -2.20568037 5.81935406,-3.43499994 -2.47379804 5.68414068,-3.43499994 -2.20805788 5.8250308,-3.43499994 -2.49919176 5.7521143,-3.43499994 -2.50808811 5.8241291,-3.43499994 -2.5 5.89623928,-3.43499994 -2.20666075 5.83102465,-3.43499994 -2.20201802 5.83506536,-3.43499994 -2.31977057 6.11099005,-3.43499994 -2.47537041 5.96449375,-3.43499994 -2.38271761 6.07489347,-3.43499994 -2.43554902 6.02515316,-3.20000005 -10.8001852 -7.07999992,-3.20000005 -7.86499977 -7.07999992,-3.20000005 -10.8001852 -6.82999992,-3.20000005 -7.86499977 -6.82999992,-3 -7.61499977 -7.07999992,-3 -7.61499977 -6.82999992,-3 -6.11499977 -6.82999992,-3 -6.11499977 -7.07999992,-3.20000005 -5.86499977 -7.07999992,-3.20000005 -5.86499977 -6.82999992,-3.20000005 5.32999992 -6.63000011,-3.20000005 5.57999992 -6.63000011,-3.20000005 5.32999992 -3.5250001,-3.20000005 5.57999992 -3.5250001,-3.20000005 5.13000011 -7.07999992,-3.20000005 5.13000011 -6.82999992,-3.20000005 5.20039558 -7.07445955,-3.20000005 5.19180346 -6.82021141,-3.20000005 5.32021141 -6.69180346,-3.20000005 5.57445955 -6.70039558,-3.20000005 5.26905775 -7.05797529,-3.20000005 5.55797529 -6.76905775,-3.20000005 5.33429575 -7.03095293,-3.20000005 5.24755716 -6.79180336,-3.20000005 5.29180336 -6.74755716,-3.20000005 5.53095293 -6.83429575,-3.20000005 5.39450359 -6.99405766,-3.20000005 5.49405766 -6.89450359,-3.20000005 5.44819784 -6.94819784,-3 5.32999992 -3.5250001,-3 5.57999992 -3.5250001,-4 -7.61499977 -7.07999992,-3.79999995 -7.86499977 -7.07999992,-4 -7.61499977 -6.82999992,-3.79999995 -7.86499977 -6.82999992,-4 -6.11499977 -7.07999992,-4 -6.11499977 -6.82999992,-3.79999995 -5.86499977 -7.07999992,-3.79999995 -5.86499977 -6.82999992,-3.79999995 -10.8001852 -6.82999992,-3.79999995 -10.8001852 -7.07999992,-3.79999995 5.57999992 -6.63000011,-3.79999995 5.32999992 -6.63000011,-3.79999995 5.32999992 -3.5250001,-3.79999995 5.57999992 -3.5250001,-3.79999995 5.13000011 -7.07999992,-3.79999995 5.13000011 -6.82999992,-3.79999995 5.20039558 -7.07445955,-3.79999995 5.19180346 -6.82021141,-3.79999995 5.57445955 -6.70039558,-3.79999995 5.32021141 -6.69180346,-3.79999995 5.26905775 -7.05797529,-3.79999995 5.55797529 -6.76905775,-3.79999995 5.33429575 -7.03095293,-3.79999995 5.24755716 -6.79180336,-3.79999995 5.53095293 -6.83429575,-3.79999995 5.29180336 -6.74755716,-3.79999995 5.49405766 -6.89450359,-3.79999995 5.39450359 -6.99405766,-3.79999995 5.44819784 -6.94819784,-4 5.32999992 -3.5250001,-4 5.57999992 -3.5250001,-0.69999999 -10.8001852 -7.07999992,-0.69999999 -7.86499977 -7.07999992,-0.69999999 -10.8001852 -6.82999992,-0.69999999 -7.86499977 -6.82999992,-0.5 -7.61499977 -7.07999992,-0.5 -7.61499977 -6.82999992,-0.5 -6.11499977 -6.82999992,-0.5 -6.11499977 -7.07999992,-0.69999999 -5.86499977 -7.07999992,-0.69999999 -5.86499977 -6.82999992,-0.69999999 5.32999992 -6.63000011,-0.69999999 5.57999992 -6.63000011,-0.69999999 5.32999992 -3.5250001,-0.69999999 5.57999992 -3.5250001,-0.69999999 5.13000011 -7.07999992,-0.69999999 5.13000011 -6.82999992,-0.69999999 5.20039558 -7.07445955,-0.69999999 5.19180346 -6.82021141,-0.69999999 5.32021141 -6.69180346,-0.69999999 5.57445955 -6.70039558,-0.69999999 5.26905775 -7.05797529,-0.69999999 5.55797529 -6.76905775,-0.69999999 5.33429575 -7.03095293,-0.69999999 5.24755716 -6.79180336,-0.69999999 5.29180336 -6.74755716,-0.69999999 5.53095293 -6.83429575,-0.69999999 5.39450359 -6.99405766,-0.69999999 5.49405766 -6.89450359,-0.69999999 5.44819784 -6.94819784,-0.5 5.32999992 -3.5250001,-0.5 5.57999992 -3.5250001,-1.5 -7.61499977 -7.07999992,-1.29999995 -7.86499977 -7.07999992,-1.5 -7.61499977 -6.82999992,-1.29999995 -7.86499977 -6.82999992,-1.5 -6.11499977 -7.07999992,-1.5 -6.11499977 -6.82999992,-1.29999995 -5.86499977 -7.07999992,-1.29999995 -5.86499977 -6.82999992,-1.29999995 -10.8001852 -6.82999992,-1.29999995 -10.8001852 -7.07999992,-1.29999995 5.57999992 -6.63000011,-1.29999995 5.32999992 -6.63000011,-1.29999995 5.32999992 -3.5250001,-1.29999995 5.57999992 -3.5250001,-1.29999995 5.13000011 -7.07999992,-1.29999995 5.13000011 -6.82999992,-1.29999995 5.20039558 -7.07445955,-1.29999995 5.19180346 -6.82021141,-1.29999995 5.57445955 -6.70039558,-1.29999995 5.32021141 -6.69180346,-1.29999995 5.26905775 -7.05797529,-1.29999995 5.55797529 -6.76905775,-1.29999995 5.33429575 -7.03095293,-1.29999995 5.24755716 -6.79180336,-1.29999995 5.53095293 -6.83429575,-1.29999995 5.29180336 -6.74755716,-1.29999995 5.49405766 -6.89450359,-1.29999995 5.39450359 -6.99405766,-1.29999995 5.44819784 -6.94819784,-1.5 5.32999992 -3.5250001,-1.5 5.57999992 -3.5250001,1.29999995 -10.8001852 -7.07999992,1.29999995 -7.86499977 -7.07999992,1.29999995 -10.8001852 -6.82999992,1.29999995 -7.86499977 -6.82999992,1.5 -7.61499977 -7.07999992,1.5 -7.61499977 -6.82999992,1.5 -6.11499977 -6.82999992,1.5 -6.11499977 -7.07999992,1.29999995 -5.86499977 -7.07999992,1.29999995 -5.86499977 -6.82999992,1.29999995 5.32999992 -6.63000011,1.29999995 5.57999992 -6.63000011,1.29999995 5.32999992 -3.5250001,1.29999995 5.57999992 -3.5250001,1.29999995 5.13000011 -7.07999992,1.29999995 5.13000011 -6.82999992,1.29999995 5.20039558 -7.07445955,1.29999995 5.19180346 -6.82021141,1.29999995 5.32021141 -6.69180346,1.29999995 5.57445955 -6.70039558,1.29999995 5.26905775 -7.05797529,1.29999995 5.55797529 -6.76905775,1.29999995 5.33429575 -7.03095293,1.29999995 5.24755716 -6.79180336,1.29999995 5.29180336 -6.74755716,1.29999995 5.53095293 -6.83429575,1.29999995 5.39450359 -6.99405766,1.29999995 5.49405766 -6.89450359,1.29999995 5.44819784 -6.94819784,1.5 5.32999992 -3.5250001,1.5 5.57999992 -3.5250001,0.5 -7.61499977 -7.07999992,0.69999999 -7.86499977 -7.07999992,0.5 -7.61499977 -6.82999992,0.69999999 -7.86499977 -6.82999992,0.5 -6.11499977 -7.07999992,0.5 -6.11499977 -6.82999992,0.69999999 -5.86499977 -7.07999992,0.69999999 -5.86499977 -6.82999992,0.69999999 -10.8001852 -6.82999992,0.69999999 -10.8001852 -7.07999992,0.69999999 5.57999992 -6.63000011,0.69999999 5.32999992 -6.63000011,0.69999999 5.32999992 -3.5250001,0.69999999 5.57999992 -3.5250001,0.69999999 5.13000011 -7.07999992,0.69999999 5.13000011 -6.82999992,0.69999999 5.20039558 -7.07445955,0.69999999 5.19180346 -6.82021141,0.69999999 5.57445955 -6.70039558,0.69999999 5.32021141 -6.69180346,0.69999999 5.26905775 -7.05797529,0.69999999 5.55797529 -6.76905775,0.69999999 5.33429575 -7.03095293,0.69999999 5.24755716 -6.79180336,0.69999999 5.53095293 -6.83429575,0.69999999 5.29180336 -6.74755716,0.69999999 5.49405766 -6.89450359,0.69999999 5.39450359 -6.99405766,0.69999999 5.44819784 -6.94819784,0.5 5.32999992 -3.5250001,0.5 5.57999992 -3.5250001,3.79999995 -10.8001852 -7.07999992,3.79999995 -7.86499977 -7.07999992,3.79999995 -10.8001852 -6.82999992,3.79999995 -7.86499977 -6.82999992,4 -7.61499977 -7.07999992,4 -7.61499977 -6.82999992,4 -6.11499977 -6.82999992,4 -6.11499977 -7.07999992,3.79999995 -5.86499977 -7.07999992,3.79999995 -5.86499977 -6.82999992,3.79999995 5.32999992 -6.63000011,3.79999995 5.57999992 -6.63000011,3.79999995 5.32999992 -3.5250001,3.79999995 5.57999992 -3.5250001,3.79999995 5.13000011 -7.07999992,3.79999995 5.13000011 -6.82999992,3.79999995 5.20039558 -7.07445955,3.79999995 5.19180346 -6.82021141,3.79999995 5.32021141 -6.69180346,3.79999995 5.57445955 -6.70039558,3.79999995 5.26905775 -7.05797529,3.79999995 5.55797529 -6.76905775,3.79999995 5.33429575 -7.03095293,3.79999995 5.24755716 -6.79180336,3.79999995 5.29180336 -6.74755716,3.79999995 5.53095293 -6.83429575,3.79999995 5.39450359 -6.99405766,3.79999995 5.49405766 -6.89450359,3.79999995 5.44819784 -6.94819784,4 5.32999992 -3.5250001,4 5.57999992 -3.5250001,3 -7.61499977 -7.07999992,3.20000005 -7.86499977 -7.07999992,3 -7.61499977 -6.82999992,3.20000005 -7.86499977 -6.82999992,3 -6.11499977 -7.07999992,3 -6.11499977 -6.82999992,3.20000005 -5.86499977 -7.07999992,3.20000005 -5.86499977 -6.82999992,3.20000005 -10.8001852 -6.82999992,3.20000005 -10.8001852 -7.07999992,3.20000005 5.57999992 -6.63000011,3.20000005 5.32999992 -6.63000011,3.20000005 5.32999992 -3.5250001,3.20000005 5.57999992 -3.5250001,3.20000005 5.13000011 -7.07999992,3.20000005 5.13000011 -6.82999992,3.20000005 5.20039558 -7.07445955,3.20000005 5.19180346 -6.82021141,3.20000005 5.57445955 -6.70039558,3.20000005 5.32021141 -6.69180346,3.20000005 5.26905775 -7.05797529,3.20000005 5.55797529 -6.76905775,3.20000005 5.33429575 -7.03095293,3.20000005 5.24755716 -6.79180336,3.20000005 5.53095293 -6.83429575,3.20000005 5.29180336 -6.74755716,3.20000005 5.49405766 -6.89450359,3.20000005 5.39450359 -6.99405766,3.20000005 5.44819784 -6.94819784,3 5.32999992 -3.5250001,3 5.57999992 -3.5250001,-3.79822063 -2.92000008 -4.01000023,-3.79822063 -3.17000008 -4.01000023,-3.79822063 -2.92000008 -3.5250001,-3.79822063 -3.17000008 -3.5250001,-3.79822063 -2.92554021 -4.0803957,-3.79822063 -2.96904707 -4.21429586,-3.79822063 -3.17978859 -4.07180357,-3.79822063 -2.94202447 -4.14905787,-3.79822063 -3.00594234 -4.27450323,-3.79822063 -3.20819664 -4.12755728,-3.79822063 -3.05180192 -4.32819796,-3.79822063 -3.25244284 -4.17180347,-3.79822063 -3.10549664 -4.37405777,-3.79822063 -3.16570425 -4.41095304,-3.79822063 -3.30819654 -4.20021152,-3.79822063 -3.23094225 -4.43797541,-3.79822063 -3.29960442 -4.45445967,-3.79822063 -3.36999989 -4.21000004,-3.79822063 -3.36999989 -4.46000004,-3.79822063 -10.80361271 -4.46000004,-3.79822063 -10.80361271 -4.21000004,-4 -2.92000008 -3.5250001,-4 -3.17000008 -3.5250001,-3 -3.17000008 -3.5250001,-3.20177937 -3.17000008 -3.5250001,-3.20177937 -2.92000008 -3.5250001,-3 -2.92000008 -3.5250001,-3.20177937 -3.17000008 -4.01000023,-3.20177937 -2.92000008 -4.01000023,-3.20177937 -2.92554021 -4.0803957,-3.20177937 -3.17978859 -4.07180357,-3.20177937 -2.96904707 -4.21429586,-3.20177937 -2.94202447 -4.14905787,-3.20177937 -3.20819664 -4.12755728,-3.20177937 -3.00594234 -4.27450323,-3.20177937 -3.05180192 -4.32819796,-3.20177937 -3.25244284 -4.17180347,-3.20177937 -3.10549664 -4.37405777,-3.20177937 -3.16570425 -4.41095304,-3.20177937 -3.30819654 -4.20021152,-3.20177937 -3.23094225 -4.43797541,-3.20177937 -3.29960442 -4.45445967,-3.20177937 -3.36999989 -4.21000004,-3.20177937 -3.36999989 -4.46000004,-3.20177937 -10.80361271 -4.46000004,-3.20177937 -10.80361271 -4.21000004,-1.29822052 -2.92000008 -4.01000023,-1.29822052 -3.17000008 -4.01000023,-1.29822052 -2.92000008 -3.5250001,-1.29822052 -3.17000008 -3.5250001,-1.29822052 -2.92554021 -4.0803957,-1.29822052 -2.96904707 -4.21429586,-1.29822052 -3.17978859 -4.07180357,-1.29822052 -2.94202447 -4.14905787,-1.29822052 -3.00594234 -4.27450323,-1.29822052 -3.20819664 -4.12755728,-1.29822052 -3.05180192 -4.32819796,-1.29822052 -3.25244284 -4.17180347,-1.29822052 -3.10549664 -4.37405777,-1.29822052 -3.16570425 -4.41095304,-1.29822052 -3.30819654 -4.20021152,-1.29822052 -3.23094225 -4.43797541,-1.29822052 -3.29960442 -4.45445967,-1.29822052 -3.36999989 -4.21000004,-1.29822052 -3.36999989 -4.46000004,-1.29822052 -10.80361271 -4.46000004,-1.29822052 -10.80361271 -4.21000004,-1.5 -2.92000008 -3.5250001,-1.5 -3.17000008 -3.5250001,-0.5 -3.17000008 -3.5250001,-0.70177943 -3.17000008 -3.5250001,-0.70177943 -2.92000008 -3.5250001,-0.5 -2.92000008 -3.5250001,-0.70177943 -3.17000008 -4.01000023,-0.70177943 -2.92000008 -4.01000023,-0.70177943 -2.92554021 -4.0803957,-0.70177943 -3.17978859 -4.07180357,-0.70177943 -2.96904707 -4.21429586,-0.70177943 -2.94202447 -4.14905787,-0.70177943 -3.20819664 -4.12755728,-0.70177943 -3.00594234 -4.27450323,-0.70177943 -3.05180192 -4.32819796,-0.70177943 -3.25244284 -4.17180347,-0.70177943 -3.10549664 -4.37405777,-0.70177943 -3.16570425 -4.41095304,-0.70177943 -3.30819654 -4.20021152,-0.70177943 -3.23094225 -4.43797541,-0.70177943 -3.29960442 -4.45445967,-0.70177943 -3.36999989 -4.21000004,-0.70177943 -3.36999989 -4.46000004,-0.70177943 -10.80361271 -4.46000004,-0.70177943 -10.80361271 -4.21000004,0.70177943 -2.92000008 -4.01000023,0.70177943 -3.17000008 -4.01000023,0.70177943 -2.92000008 -3.5250001,0.70177943 -3.17000008 -3.5250001,0.70177943 -2.92554021 -4.0803957,0.70177943 -2.96904707 -4.21429586,0.70177943 -3.17978859 -4.07180357,0.70177943 -2.94202447 -4.14905787,0.70177943 -3.00594234 -4.27450323,0.70177943 -3.20819664 -4.12755728,0.70177943 -3.05180192 -4.32819796,0.70177943 -3.25244284 -4.17180347,0.70177943 -3.10549664 -4.37405777,0.70177943 -3.16570425 -4.41095304,0.70177943 -3.30819654 -4.20021152,0.70177943 -3.23094225 -4.43797541,0.70177943 -3.29960442 -4.45445967,0.70177943 -3.36999989 -4.21000004,0.70177943 -3.36999989 -4.46000004,0.70177943 -10.80361271 -4.46000004,0.70177943 -10.80361271 -4.21000004,0.5 -2.92000008 -3.5250001,0.5 -3.17000008 -3.5250001,1.5 -3.17000008 -3.5250001,1.29822052 -3.17000008 -3.5250001,1.29822052 -2.92000008 -3.5250001,1.5 -2.92000008 -3.5250001,1.29822052 -3.17000008 -4.01000023,1.29822052 -2.92000008 -4.01000023,1.29822052 -2.92554021 -4.0803957,1.29822052 -3.17978859 -4.07180357,1.29822052 -2.96904707 -4.21429586,1.29822052 -2.94202447 -4.14905787,1.29822052 -3.20819664 -4.12755728,1.29822052 -3.00594234 -4.27450323,1.29822052 -3.05180192 -4.32819796,1.29822052 -3.25244284 -4.17180347,1.29822052 -3.10549664 -4.37405777,1.29822052 -3.16570425 -4.41095304,1.29822052 -3.30819654 -4.20021152,1.29822052 -3.23094225 -4.43797541,1.29822052 -3.29960442 -4.45445967,1.29822052 -3.36999989 -4.21000004,1.29822052 -3.36999989 -4.46000004,1.29822052 -10.80361271 -4.46000004,1.29822052 -10.80361271 -4.21000004,3.20177937 -2.92000008 -4.01000023,3.20177937 -3.17000008 -4.01000023,3.20177937 -2.92000008 -3.5250001,3.20177937 -3.17000008 -3.5250001,3.20177937 -2.92554021 -4.0803957,3.20177937 -2.96904707 -4.21429586,3.20177937 -3.17978859 -4.07180357,3.20177937 -2.94202447 -4.14905787,3.20177937 -3.00594234 -4.27450323,3.20177937 -3.20819664 -4.12755728,3.20177937 -3.05180192 -4.32819796,3.20177937 -3.25244284 -4.17180347,3.20177937 -3.10549664 -4.37405777,3.20177937 -3.16570425 -4.41095304,3.20177937 -3.30819654 -4.20021152,3.20177937 -3.23094225 -4.43797541,3.20177937 -3.29960442 -4.45445967,3.20177937 -3.36999989 -4.21000004,3.20177937 -3.36999989 -4.46000004,3.20177937 -10.80361271 -4.46000004,3.20177937 -10.80361271 -4.21000004,3 -2.92000008 -3.5250001,3 -3.17000008 -3.5250001,4 -3.17000008 -3.5250001,3.79822063 -3.17000008 -3.5250001,3.79822063 -2.92000008 -3.5250001,4 -2.92000008 -3.5250001,3.79822063 -3.17000008 -4.01000023,3.79822063 -2.92000008 -4.01000023,3.79822063 -2.92554021 -4.0803957,3.79822063 -3.17978859 -4.07180357,3.79822063 -2.96904707 -4.21429586,3.79822063 -2.94202447 -4.14905787,3.79822063 -3.20819664 -4.12755728,3.79822063 -3.00594234 -4.27450323,3.79822063 -3.05180192 -4.32819796,3.79822063 -3.25244284 -4.17180347,3.79822063 -3.10549664 -4.37405777,3.79822063 -3.16570425 -4.41095304,3.79822063 -3.30819654 -4.20021152,3.79822063 -3.23094225 -4.43797541,3.79822063 -3.29960442 -4.45445967,3.79822063 -3.36999989 -4.21000004,3.79822063 -3.36999989 -4.46000004,3.79822063 -10.80361271 -4.46000004,3.79822063 -10.80361271 -4.21000004              ]
            }
            coordIndex [
0,1,2,-1,2,1,3,-1,3,4,5,-1,1,4,3,-1,5,6,7,-1,4,6,5,-1,8,9,10,-1,10,9,11,-1,11,12,13,-1,9,12,11,-1,13,14,15,-1,12,14,13,-1,16,17,18,-1,18,17,19,-1,19,20,21,-1,17,20,19,-1,21,22,23,-1,20,22,21,-1,24,25,26,-1,27,25,24,-1,28,29,30,-1,31,30,29,-1,32,29,28,-1,33,29,32,-1,34,31,29,-1,35,29,33,-1,36,37,38,-1,36,39,37,-1,40,41,37,-1,40,37,39,-1,42,38,34,-1,42,36,38,-1,43,29,35,-1,44,41,40,-1,45,46,47,-1,45,47,43,-1,48,43,35,-1,49,43,48,-1,50,51,52,-1,50,52,45,-1,53,45,43,-1,53,43,49,-1,53,50,45,-1,54,55,56,-1,54,56,57,-1,54,57,58,-1,59,53,49,-1,59,60,61,-1,59,49,60,-1,62,59,61,-1,62,61,63,-1,64,44,40,-1,65,63,66,-1,65,62,63,-1,67,65,66,-1,68,67,66,-1,68,66,69,-1,70,68,69,-1,71,55,54,-1,72,55,71,-1,72,69,55,-1,72,70,69,-1,73,74,44,-1,73,44,64,-1,75,70,72,-1,75,76,70,-1,75,77,76,-1,78,77,75,-1,79,74,73,-1,80,13,15,-1,80,11,13,-1,80,10,11,-1,80,15,42,-1,81,82,83,-1,81,83,84,-1,81,84,85,-1,86,87,88,-1,86,88,81,-1,86,77,78,-1,86,85,77,-1,86,81,85,-1,86,78,89,-1,90,10,80,-1,91,79,73,-1,92,93,94,-1,92,79,91,-1,92,94,79,-1,95,93,92,-1,27,89,93,-1,27,93,95,-1,96,97,98,-1,96,98,99,-1,96,99,100,-1,101,90,80,-1,22,97,96,-1,20,97,22,-1,20,102,97,-1,103,20,17,-1,104,103,17,-1,105,17,16,-1,105,104,17,-1,106,20,103,-1,106,107,102,-1,106,102,20,-1,108,16,2,-1,108,105,16,-1,109,107,106,-1,110,108,2,-1,110,3,5,-1,110,2,3,-1,111,24,107,-1,111,107,109,-1,112,24,111,-1,112,111,113,-1,112,86,89,-1,112,89,27,-1,112,27,24,-1,114,112,113,-1,114,113,115,-1,116,115,117,-1,116,114,115,-1,118,117,119,-1,118,116,117,-1,120,5,7,-1,120,7,101,-1,120,101,80,-1,121,110,5,-1,121,5,120,-1,122,123,121,-1,122,121,120,-1,124,122,125,-1,124,125,126,-1,124,127,123,-1,124,123,122,-1,29,80,42,-1,29,42,34,-1,2,18,0,-1,16,18,2,-1,91,73,128,-1,129,91,128,-1,6,130,101,-1,7,6,101,-1,131,132,89,-1,89,132,93,-1,93,133,94,-1,132,133,93,-1,94,134,79,-1,133,134,94,-1,135,57,56,-1,135,136,57,-1,55,137,135,-1,55,135,56,-1,138,71,54,-1,138,54,139,-1,140,54,58,-1,140,139,54,-1,141,142,143,-1,142,144,143,-1,143,145,146,-1,144,145,143,-1,146,58,57,-1,145,58,146,-1,141,147,148,-1,141,148,142,-1,149,147,150,-1,149,148,147,-1,151,150,152,-1,151,149,150,-1,153,152,154,-1,153,151,152,-1,155,154,156,-1,155,153,154,-1,157,156,158,-1,157,155,156,-1,159,160,161,-1,159,158,160,-1,159,157,158,-1,162,159,161,-1,163,161,164,-1,163,162,161,-1,165,166,167,-1,165,167,168,-1,163,166,165,-1,169,166,163,-1,170,171,169,-1,172,170,169,-1,164,169,163,-1,164,172,169,-1,173,174,175,-1,175,174,176,-1,173,177,174,-1,178,179,180,-1,180,179,181,-1,181,182,173,-1,173,182,177,-1,179,182,181,-1,183,184,185,-1,185,184,186,-1,186,187,188,-1,184,187,186,-1,188,177,182,-1,187,177,188,-1,185,189,183,-1,183,189,190,-1,191,192,193,-1,191,189,192,-1,191,190,189,-1,194,191,193,-1,195,193,196,-1,195,194,193,-1,197,196,198,-1,197,195,196,-1,199,198,200,-1,199,197,198,-1,140,200,136,-1,140,199,200,-1,200,57,136,-1,198,146,200,-1,196,146,198,-1,200,146,57,-1,193,143,196,-1,192,143,193,-1,196,143,146,-1,189,141,192,-1,192,141,143,-1,185,147,189,-1,189,147,141,-1,186,150,185,-1,185,150,147,-1,172,164,179,-1,179,164,182,-1,186,152,150,-1,182,161,188,-1,164,161,182,-1,186,154,152,-1,161,160,188,-1,188,156,186,-1,186,156,154,-1,160,158,188,-1,188,158,156,-1,163,165,174,-1,177,162,163,-1,177,163,174,-1,187,162,177,-1,159,162,187,-1,157,159,187,-1,155,187,184,-1,155,157,187,-1,153,155,184,-1,151,153,184,-1,149,184,183,-1,149,151,184,-1,148,183,190,-1,148,149,183,-1,142,190,191,-1,142,148,190,-1,144,194,195,-1,144,191,194,-1,144,142,191,-1,145,197,199,-1,145,195,197,-1,145,144,195,-1,58,199,140,-1,58,145,199,-1,166,169,173,-1,173,169,181,-1,134,201,74,-1,79,134,74,-1,201,202,44,-1,201,44,74,-1,44,202,203,-1,44,203,41,-1,204,31,34,-1,204,34,205,-1,206,33,32,-1,206,32,207,-1,206,208,35,-1,206,35,33,-1,48,35,208,-1,209,48,208,-1,63,210,211,-1,61,210,63,-1,212,213,214,-1,212,214,215,-1,216,217,214,-1,216,214,213,-1,218,219,220,-1,218,220,221,-1,220,222,223,-1,220,223,221,-1,224,225,226,-1,225,227,226,-1,226,228,229,-1,227,228,226,-1,229,222,212,-1,228,222,229,-1,230,224,231,-1,230,225,224,-1,232,231,233,-1,232,230,231,-1,234,233,235,-1,234,232,233,-1,236,235,237,-1,236,234,235,-1,238,237,239,-1,238,236,237,-1,240,241,242,-1,240,239,241,-1,240,238,239,-1,243,240,242,-1,244,242,245,-1,244,243,242,-1,246,245,247,-1,246,244,245,-1,248,247,249,-1,248,249,250,-1,248,250,251,-1,246,247,248,-1,252,253,246,-1,252,246,248,-1,254,252,255,-1,254,253,252,-1,256,257,258,-1,259,260,256,-1,256,260,257,-1,261,262,263,-1,263,262,259,-1,259,262,260,-1,261,264,262,-1,261,265,264,-1,266,267,268,-1,268,267,269,-1,269,270,271,-1,267,270,269,-1,271,263,259,-1,270,263,271,-1,272,266,273,-1,273,266,268,-1,274,273,275,-1,274,272,273,-1,276,275,277,-1,276,274,275,-1,278,277,279,-1,278,276,277,-1,280,279,281,-1,280,278,279,-1,282,281,283,-1,282,280,281,-1,223,283,215,-1,223,282,283,-1,283,212,215,-1,281,229,283,-1,279,229,281,-1,283,229,212,-1,277,226,279,-1,275,226,277,-1,279,226,229,-1,273,224,275,-1,275,224,226,-1,268,231,273,-1,273,231,224,-1,269,233,268,-1,268,233,231,-1,249,247,256,-1,256,247,259,-1,269,235,233,-1,259,245,271,-1,247,245,259,-1,269,237,235,-1,245,242,271,-1,271,239,269,-1,269,239,237,-1,242,241,271,-1,271,241,239,-1,246,253,261,-1,263,244,246,-1,263,246,261,-1,270,244,263,-1,243,244,270,-1,240,243,270,-1,238,270,267,-1,238,240,270,-1,236,238,267,-1,234,236,267,-1,232,267,266,-1,232,234,267,-1,230,266,272,-1,230,232,266,-1,225,272,274,-1,225,230,272,-1,227,276,278,-1,227,274,276,-1,227,225,274,-1,228,280,282,-1,228,278,280,-1,228,227,278,-1,222,282,223,-1,222,228,282,-1,252,248,262,-1,262,248,260,-1,284,285,286,-1,284,286,287,-1,288,287,286,-1,288,286,289,-1,289,290,291,-1,288,289,291,-1,292,293,294,-1,292,294,295,-1,296,297,298,-1,299,296,298,-1,300,296,299,-1,301,296,300,-1,302,301,300,-1,303,302,300,-1,304,305,306,-1,307,305,304,-1,308,309,310,-1,308,310,311,-1,310,312,313,-1,310,313,311,-1,314,315,316,-1,314,316,317,-1,318,319,316,-1,318,316,315,-1,320,321,322,-1,323,324,321,-1,323,321,320,-1,325,326,324,-1,325,324,323,-1,327,326,325,-1,328,325,329,-1,328,327,325,-1,330,326,331,-1,330,324,326,-1,332,331,333,-1,332,330,331,-1,334,333,335,-1,334,332,333,-1,336,337,338,-1,336,335,337,-1,336,334,335,-1,339,336,338,-1,340,338,341,-1,340,339,338,-1,342,341,343,-1,342,340,341,-1,344,343,345,-1,344,342,343,-1,345,346,347,-1,345,347,344,-1,314,348,312,-1,312,348,349,-1,349,350,351,-1,348,350,349,-1,351,347,346,-1,350,347,351,-1,352,353,354,-1,352,313,353,-1,352,317,313,-1,355,352,354,-1,356,354,357,-1,356,355,354,-1,358,357,359,-1,358,356,357,-1,360,359,361,-1,360,358,359,-1,362,361,363,-1,362,360,361,-1,363,364,362,-1,362,364,365,-1,366,367,368,-1,368,367,369,-1,369,370,371,-1,367,370,369,-1,371,365,364,-1,370,365,371,-1,372,373,374,-1,366,375,372,-1,372,375,373,-1,368,376,366,-1,377,376,368,-1,366,376,375,-1,376,378,379,-1,377,378,376,-1,313,312,353,-1,354,349,357,-1,353,349,354,-1,312,349,353,-1,359,351,361,-1,357,351,359,-1,349,351,357,-1,361,346,363,-1,351,346,361,-1,363,345,364,-1,346,345,363,-1,364,343,371,-1,345,343,364,-1,343,341,371,-1,341,338,371,-1,371,337,369,-1,338,337,371,-1,368,326,377,-1,377,326,327,-1,337,335,369,-1,369,331,368,-1,368,331,326,-1,335,333,369,-1,369,333,331,-1,325,375,376,-1,325,323,375,-1,352,348,314,-1,352,314,317,-1,355,348,352,-1,356,350,348,-1,356,348,355,-1,358,350,356,-1,360,347,350,-1,360,350,358,-1,362,347,360,-1,344,347,362,-1,365,342,344,-1,365,344,362,-1,370,340,342,-1,370,339,340,-1,370,336,339,-1,370,342,365,-1,367,336,370,-1,334,336,367,-1,332,334,367,-1,330,367,366,-1,330,332,367,-1,324,330,366,-1,372,324,366,-1,321,324,372,-1,380,381,382,-1,380,382,383,-1,383,384,385,-1,380,383,385,-1,386,387,388,-1,386,388,389,-1,390,391,392,-1,393,390,392,-1,394,390,393,-1,395,390,394,-1,396,395,394,-1,397,396,394,-1,398,399,400,-1,401,399,398,-1,402,403,382,-1,402,382,381,-1,404,405,111,-1,405,113,111,-1,406,110,121,-1,407,110,406,-1,408,409,410,-1,408,410,411,-1,412,413,414,-1,412,414,415,-1,416,417,77,-1,85,416,77,-1,59,418,53,-1,419,418,59,-1,420,421,422,-1,422,421,423,-1,424,425,426,-1,424,427,425,-1,415,428,429,-1,415,429,430,-1,415,430,431,-1,415,431,432,-1,415,432,433,-1,415,433,434,-1,435,436,437,-1,408,438,439,-1,408,439,435,-1,408,435,437,-1,408,437,440,-1,408,440,441,-1,411,438,408,-1,442,412,415,-1,442,415,434,-1,443,412,442,-1,302,442,434,-1,306,444,412,-1,306,412,443,-1,305,445,444,-1,305,444,306,-1,446,447,445,-1,446,448,447,-1,446,445,305,-1,449,450,448,-1,449,448,446,-1,301,302,434,-1,451,450,449,-1,452,453,450,-1,452,411,453,-1,452,450,451,-1,219,449,216,-1,219,451,449,-1,454,438,411,-1,454,411,452,-1,455,438,454,-1,456,457,458,-1,459,296,301,-1,459,301,434,-1,460,461,462,-1,463,456,458,-1,463,460,462,-1,463,462,456,-1,421,463,458,-1,220,216,213,-1,220,213,212,-1,220,219,216,-1,464,465,466,-1,464,467,465,-1,396,466,465,-1,396,465,284,-1,468,467,464,-1,468,458,438,-1,468,455,467,-1,468,438,455,-1,469,458,468,-1,287,396,284,-1,222,220,212,-1,423,469,470,-1,423,421,458,-1,423,458,469,-1,471,423,470,-1,472,470,473,-1,472,471,470,-1,297,296,459,-1,474,297,459,-1,475,474,459,-1,295,475,459,-1,395,396,287,-1,476,477,478,-1,476,479,477,-1,480,478,472,-1,480,476,478,-1,480,472,473,-1,400,481,479,-1,400,479,476,-1,309,473,318,-1,309,480,473,-1,399,424,481,-1,399,481,400,-1,482,424,399,-1,483,427,424,-1,483,424,482,-1,484,485,486,-1,484,486,487,-1,488,484,487,-1,390,395,287,-1,390,287,288,-1,489,488,487,-1,490,489,487,-1,490,487,427,-1,490,427,483,-1,490,483,402,-1,291,390,288,-1,292,295,459,-1,310,318,315,-1,310,315,314,-1,310,309,318,-1,381,490,402,-1,312,310,314,-1,391,390,291,-1,491,391,291,-1,491,291,492,-1,493,491,492,-1,493,492,494,-1,389,493,494,-1,389,494,292,-1,495,490,381,-1,495,381,380,-1,495,380,385,-1,495,496,386,-1,495,497,496,-1,495,385,497,-1,495,386,389,-1,459,495,292,-1,292,495,389,-1,498,499,500,-1,501,498,500,-1,502,503,504,-1,502,500,503,-1,502,501,500,-1,505,502,504,-1,506,504,507,-1,506,505,504,-1,508,509,510,-1,508,507,509,-1,508,506,507,-1,511,508,510,-1,512,513,514,-1,512,510,513,-1,512,511,510,-1,515,512,514,-1,459,514,495,-1,459,515,514,-1,516,499,498,-1,516,498,517,-1,80,29,518,-1,519,80,518,-1,520,521,522,-1,520,518,521,-1,520,519,518,-1,523,520,522,-1,524,522,525,-1,524,523,522,-1,526,527,528,-1,526,525,527,-1,526,524,525,-1,529,526,528,-1,530,531,532,-1,530,528,531,-1,530,529,528,-1,533,530,532,-1,517,532,516,-1,517,533,532,-1,534,535,536,-1,536,204,534,-1,534,207,535,-1,534,206,207,-1,204,205,534,-1,534,208,206,-1,537,538,539,-1,539,538,540,-1,539,541,537,-1,203,541,539,-1,538,542,540,-1,540,542,205,-1,534,543,208,-1,203,202,541,-1,544,545,546,-1,546,545,543,-1,543,209,208,-1,543,547,209,-1,548,549,550,-1,550,549,545,-1,545,418,543,-1,549,418,545,-1,543,418,547,-1,137,139,135,-1,135,139,136,-1,136,139,140,-1,551,419,210,-1,547,419,551,-1,418,419,547,-1,210,552,211,-1,419,552,210,-1,202,553,541,-1,211,554,555,-1,552,554,211,-1,554,556,555,-1,555,557,558,-1,556,557,555,-1,557,559,558,-1,137,138,139,-1,559,560,558,-1,558,560,137,-1,137,560,138,-1,201,128,202,-1,202,128,553,-1,561,562,559,-1,417,562,561,-1,559,562,560,-1,417,563,562,-1,201,134,128,-1,12,564,14,-1,9,564,12,-1,8,564,9,-1,14,564,542,-1,565,566,567,-1,567,566,568,-1,568,566,416,-1,569,570,571,-1,571,570,566,-1,416,570,417,-1,417,570,563,-1,566,570,416,-1,563,570,131,-1,8,572,564,-1,134,129,128,-1,134,573,129,-1,133,573,134,-1,132,573,133,-1,132,574,573,-1,132,25,574,-1,131,25,132,-1,575,576,577,-1,577,576,578,-1,578,576,579,-1,572,130,564,-1,575,23,576,-1,580,21,575,-1,575,21,23,-1,21,581,19,-1,581,582,19,-1,582,583,19,-1,19,583,18,-1,584,585,580,-1,580,585,21,-1,21,585,581,-1,584,586,585,-1,583,587,18,-1,18,587,0,-1,587,407,0,-1,1,407,4,-1,0,407,1,-1,584,404,586,-1,26,404,584,-1,404,588,405,-1,26,588,404,-1,570,588,131,-1,131,588,25,-1,25,588,26,-1,405,589,590,-1,588,589,405,-1,590,591,592,-1,589,591,590,-1,592,593,594,-1,591,593,592,-1,4,595,6,-1,6,595,130,-1,130,595,564,-1,4,406,595,-1,407,406,4,-1,595,596,597,-1,406,598,595,-1,595,598,596,-1,596,598,599,-1,600,598,601,-1,601,598,406,-1,564,534,542,-1,542,534,205,-1,564,602,534,-1,534,602,603,-1,603,604,605,-1,602,604,603,-1,605,606,607,-1,604,606,605,-1,608,607,609,-1,609,607,606,-1,608,609,610,-1,609,611,610,-1,610,612,613,-1,611,612,610,-1,613,614,615,-1,612,614,613,-1,616,414,617,-1,617,414,618,-1,618,414,619,-1,619,414,620,-1,620,414,621,-1,621,414,622,-1,623,624,625,-1,624,626,625,-1,627,409,626,-1,625,409,628,-1,628,409,629,-1,626,409,625,-1,627,410,409,-1,414,630,622,-1,413,630,414,-1,413,631,630,-1,630,303,622,-1,632,304,413,-1,413,304,631,-1,633,307,632,-1,632,307,304,-1,634,635,633,-1,636,635,634,-1,633,635,307,-1,637,638,636,-1,636,638,635,-1,303,300,622,-1,639,640,637,-1,410,640,639,-1,637,641,638,-1,640,641,637,-1,627,642,410,-1,410,642,640,-1,638,218,217,-1,641,218,638,-1,627,643,642,-1,644,645,646,-1,299,614,300,-1,300,614,622,-1,647,648,649,-1,645,650,646,-1,648,650,649,-1,649,650,645,-1,650,420,646,-1,214,221,215,-1,217,221,214,-1,218,221,217,-1,651,652,653,-1,654,652,651,-1,653,397,651,-1,651,397,285,-1,646,655,627,-1,654,655,652,-1,643,655,654,-1,627,655,643,-1,646,656,655,-1,397,286,285,-1,221,223,215,-1,656,422,657,-1,420,422,646,-1,646,422,656,-1,422,658,657,-1,657,659,660,-1,658,659,657,-1,299,298,614,-1,298,661,614,-1,661,662,614,-1,662,294,614,-1,397,394,286,-1,663,664,665,-1,666,664,663,-1,665,667,659,-1,659,667,660,-1,664,667,665,-1,668,398,666,-1,666,398,664,-1,660,308,319,-1,319,308,316,-1,667,308,660,-1,426,401,668,-1,668,401,398,-1,426,669,401,-1,425,670,426,-1,426,670,669,-1,671,672,673,-1,673,672,674,-1,672,675,674,-1,286,393,289,-1,394,393,286,-1,675,676,674,-1,676,677,674,-1,674,677,425,-1,670,677,403,-1,425,677,670,-1,393,290,289,-1,294,293,614,-1,308,311,316,-1,677,382,403,-1,316,313,317,-1,311,313,316,-1,393,392,290,-1,392,678,290,-1,290,678,679,-1,678,680,679,-1,679,680,681,-1,680,388,681,-1,681,388,293,-1,677,615,382,-1,382,615,383,-1,383,615,384,-1,682,615,387,-1,683,615,682,-1,384,615,683,-1,387,615,388,-1,615,614,293,-1,615,293,388,-1,518,534,521,-1,29,534,518,-1,543,534,43,-1,43,534,29,-1,522,603,525,-1,521,603,522,-1,534,603,521,-1,605,527,603,-1,603,527,525,-1,605,528,527,-1,605,531,528,-1,607,532,605,-1,605,532,531,-1,607,516,532,-1,607,608,516,-1,490,495,677,-1,677,495,615,-1,608,499,516,-1,608,500,499,-1,495,514,615,-1,615,513,613,-1,514,513,615,-1,610,503,608,-1,608,503,500,-1,513,510,613,-1,610,504,503,-1,510,509,613,-1,613,507,610,-1,610,507,504,-1,509,507,613,-1,86,112,588,-1,86,588,570,-1,611,505,506,-1,611,502,505,-1,612,511,512,-1,612,508,511,-1,612,506,508,-1,612,611,506,-1,609,501,502,-1,609,498,501,-1,609,502,611,-1,614,515,459,-1,614,512,515,-1,614,612,512,-1,606,533,517,-1,606,530,533,-1,606,517,498,-1,606,498,609,-1,604,529,530,-1,604,526,529,-1,604,530,606,-1,524,604,602,-1,524,526,604,-1,523,524,602,-1,520,523,602,-1,519,602,564,-1,519,520,602,-1,80,519,564,-1,622,459,434,-1,622,614,459,-1,120,564,595,-1,120,80,564,-1,438,458,627,-1,627,458,646,-1,410,639,411,-1,411,639,453,-1,453,637,450,-1,639,637,453,-1,450,636,448,-1,637,636,450,-1,448,634,447,-1,636,634,448,-1,447,633,445,-1,634,633,447,-1,445,632,444,-1,633,632,445,-1,444,413,412,-1,632,413,444,-1,407,587,110,-1,110,587,108,-1,108,583,105,-1,587,583,108,-1,105,582,104,-1,583,582,105,-1,104,581,103,-1,582,581,104,-1,103,585,106,-1,581,585,103,-1,106,586,109,-1,585,586,106,-1,109,404,111,-1,586,404,109,-1,417,561,77,-1,77,561,76,-1,76,559,70,-1,561,559,76,-1,70,557,68,-1,559,557,70,-1,68,556,67,-1,557,556,68,-1,67,554,65,-1,556,554,67,-1,65,552,62,-1,554,552,65,-1,62,419,59,-1,552,419,62,-1,426,668,424,-1,424,668,481,-1,481,666,479,-1,668,666,481,-1,479,663,477,-1,666,663,479,-1,477,665,478,-1,663,665,477,-1,478,659,472,-1,665,659,478,-1,472,658,471,-1,659,658,472,-1,471,422,423,-1,658,422,471,-1,415,414,616,-1,428,415,616,-1,429,616,617,-1,429,428,616,-1,430,617,618,-1,430,429,617,-1,431,618,619,-1,431,430,618,-1,432,619,620,-1,432,431,619,-1,433,620,621,-1,433,432,620,-1,434,621,622,-1,434,433,621,-1,601,121,123,-1,601,406,121,-1,600,123,127,-1,600,601,123,-1,598,127,124,-1,598,600,127,-1,599,124,126,-1,599,598,124,-1,596,126,125,-1,596,599,126,-1,597,125,122,-1,597,596,125,-1,595,122,120,-1,595,597,122,-1,629,408,441,-1,629,409,408,-1,628,441,440,-1,628,629,441,-1,625,440,437,-1,625,628,440,-1,623,437,436,-1,623,625,437,-1,624,436,435,-1,624,623,436,-1,626,435,439,-1,626,624,435,-1,627,439,438,-1,627,626,439,-1,589,112,114,-1,589,588,112,-1,591,114,116,-1,591,589,114,-1,593,116,118,-1,593,591,116,-1,594,118,119,-1,594,593,118,-1,592,119,117,-1,592,594,119,-1,590,117,115,-1,590,592,117,-1,405,115,113,-1,405,590,115,-1,87,86,570,-1,87,570,569,-1,88,569,571,-1,88,87,569,-1,81,571,566,-1,81,88,571,-1,82,566,565,-1,82,81,566,-1,83,565,567,-1,83,82,565,-1,84,567,568,-1,84,83,567,-1,85,568,416,-1,85,84,568,-1,463,421,420,-1,463,420,650,-1,460,650,648,-1,460,463,650,-1,461,648,647,-1,461,460,648,-1,462,647,649,-1,462,461,647,-1,456,649,645,-1,456,462,649,-1,457,645,644,-1,457,456,645,-1,458,644,646,-1,458,457,644,-1,546,43,47,-1,546,543,43,-1,544,47,46,-1,544,546,47,-1,545,46,45,-1,545,544,46,-1,550,45,52,-1,550,545,45,-1,548,52,51,-1,548,550,52,-1,549,51,50,-1,549,548,51,-1,418,50,53,-1,418,549,50,-1,489,490,677,-1,489,677,676,-1,488,676,675,-1,488,489,676,-1,484,675,672,-1,484,488,675,-1,485,672,671,-1,485,484,672,-1,486,671,673,-1,486,485,671,-1,487,673,674,-1,487,674,425,-1,487,486,673,-1,427,487,425,-1,325,376,379,-1,329,325,379,-1,328,379,378,-1,328,329,379,-1,327,378,377,-1,327,328,378,-1,375,323,320,-1,373,320,322,-1,373,375,320,-1,374,322,321,-1,374,373,322,-1,372,374,321,-1,318,473,319,-1,319,473,660,-1,660,470,657,-1,473,470,660,-1,657,469,656,-1,470,469,657,-1,400,476,398,-1,398,476,664,-1,664,480,667,-1,476,480,664,-1,667,309,308,-1,480,309,667,-1,401,669,399,-1,399,669,482,-1,482,670,483,-1,669,670,482,-1,483,403,402,-1,670,403,483,-1,384,683,385,-1,385,683,497,-1,497,682,496,-1,683,682,497,-1,496,387,386,-1,682,387,496,-1,388,680,389,-1,389,680,493,-1,493,678,491,-1,680,678,493,-1,491,392,391,-1,678,392,491,-1,397,653,396,-1,396,653,466,-1,466,652,464,-1,653,652,466,-1,464,655,468,-1,652,655,464,-1,260,248,251,-1,257,251,250,-1,257,260,251,-1,258,250,249,-1,258,257,250,-1,256,258,249,-1,252,262,264,-1,255,252,264,-1,254,264,265,-1,254,255,264,-1,253,265,261,-1,253,254,265,-1,454,452,642,-1,642,452,640,-1,640,451,641,-1,452,451,640,-1,641,219,218,-1,451,219,641,-1,216,449,217,-1,217,449,638,-1,638,446,635,-1,449,446,638,-1,635,305,307,-1,446,305,635,-1,303,630,302,-1,302,630,442,-1,442,631,443,-1,630,631,442,-1,443,304,306,-1,631,304,443,-1,294,662,295,-1,295,662,475,-1,475,661,474,-1,662,661,475,-1,474,298,297,-1,661,298,474,-1,290,679,291,-1,291,679,492,-1,492,681,494,-1,679,681,492,-1,494,293,292,-1,681,293,494,-1,643,654,455,-1,455,654,467,-1,467,651,465,-1,654,651,467,-1,465,285,284,-1,651,285,465,-1,181,169,171,-1,180,171,170,-1,180,181,171,-1,178,170,172,-1,178,180,170,-1,179,178,172,-1,166,173,175,-1,167,166,175,-1,168,175,176,-1,168,167,175,-1,165,176,174,-1,165,168,176,-1,78,75,563,-1,563,75,562,-1,562,72,560,-1,75,72,562,-1,560,71,138,-1,72,71,560,-1,55,69,137,-1,137,69,558,-1,558,66,555,-1,69,66,558,-1,555,63,211,-1,66,63,555,-1,209,547,48,-1,48,547,49,-1,49,551,60,-1,547,551,49,-1,60,210,61,-1,551,210,60,-1,204,536,31,-1,31,536,30,-1,30,535,28,-1,536,535,30,-1,28,207,32,-1,535,207,28,-1,203,539,41,-1,41,539,37,-1,37,540,38,-1,539,540,37,-1,38,205,34,-1,540,205,38,-1,684,685,686,-1,687,684,686,-1,688,686,689,-1,688,687,686,-1,690,689,691,-1,690,688,689,-1,692,693,694,-1,695,694,696,-1,695,692,694,-1,697,696,698,-1,697,695,696,-1,699,697,698,-1,97,102,575,-1,575,102,580,-1,580,107,584,-1,102,107,580,-1,584,24,26,-1,107,24,584,-1,553,128,73,-1,553,73,64,-1,553,64,40,-1,553,40,541,-1,542,42,15,-1,542,15,14,-1,90,572,8,-1,90,8,10,-1,130,572,90,-1,130,90,101,-1,700,701,99,-1,700,99,578,-1,702,701,700,-1,703,704,701,-1,703,701,702,-1,705,704,703,-1,706,707,704,-1,706,704,705,-1,708,707,706,-1,709,707,708,-1,710,711,709,-1,710,709,708,-1,712,713,711,-1,712,714,713,-1,712,715,714,-1,712,711,710,-1,716,715,712,-1,717,715,716,-1,718,717,716,-1,719,716,720,-1,719,718,716,-1,721,719,720,-1,699,721,720,-1,698,721,699,-1,684,692,685,-1,684,693,692,-1,579,100,722,-1,723,724,725,-1,722,724,723,-1,100,724,722,-1,726,727,728,-1,725,727,726,-1,724,727,725,-1,728,729,730,-1,727,729,728,-1,730,731,732,-1,729,731,730,-1,732,733,734,-1,731,733,732,-1,733,735,734,-1,735,736,734,-1,734,737,738,-1,736,737,734,-1,739,740,691,-1,691,740,690,-1,737,741,738,-1,738,742,739,-1,739,742,740,-1,741,743,738,-1,738,743,742,-1,685,691,686,-1,686,691,689,-1,685,739,691,-1,697,699,695,-1,695,699,692,-1,692,720,685,-1,685,720,739,-1,699,720,692,-1,720,716,739,-1,739,716,738,-1,738,712,734,-1,716,712,738,-1,734,710,732,-1,712,710,734,-1,710,708,732,-1,732,708,730,-1,700,579,722,-1,700,578,579,-1,702,722,723,-1,702,700,722,-1,703,723,725,-1,703,702,723,-1,705,725,726,-1,705,703,725,-1,706,726,728,-1,706,705,726,-1,708,728,730,-1,708,706,728,-1,99,701,100,-1,100,701,724,-1,724,704,727,-1,701,704,724,-1,727,707,729,-1,704,707,727,-1,707,731,729,-1,707,709,731,-1,719,740,742,-1,719,721,740,-1,718,743,741,-1,718,742,743,-1,718,719,742,-1,717,718,741,-1,715,741,737,-1,715,717,741,-1,714,737,736,-1,714,715,737,-1,713,735,733,-1,713,736,735,-1,713,714,736,-1,711,713,733,-1,709,733,731,-1,709,711,733,-1,684,687,688,-1,684,688,690,-1,740,684,690,-1,698,696,694,-1,698,694,693,-1,721,693,684,-1,721,684,740,-1,721,698,693,-1,97,575,577,-1,97,577,98,-1,577,99,98,-1,577,578,99,-1,579,96,100,-1,579,576,96,-1,23,22,96,-1,23,96,576,-1,542,538,42,-1,42,538,36,-1,36,537,39,-1,538,537,36,-1,39,541,40,-1,537,541,39,-1,129,573,91,-1,91,573,92,-1,92,574,95,-1,573,574,92,-1,95,25,27,-1,574,25,95,-1,655,469,468,-1,656,469,655,-1,642,455,454,-1,643,455,642,-1,89,563,131,-1,78,563,89,-1,744,745,746,-1,746,745,747,-1,745,748,747,-1,747,748,749,-1,749,748,750,-1,750,748,751,-1,751,752,750,-1,750,752,753,-1,754,755,756,-1,756,755,757,-1,753,758,759,-1,752,758,753,-1,759,760,761,-1,758,760,759,-1,762,763,754,-1,754,763,755,-1,760,764,761,-1,762,765,763,-1,761,766,767,-1,764,766,761,-1,768,769,762,-1,762,769,765,-1,766,770,767,-1,768,771,769,-1,767,772,768,-1,768,772,771,-1,770,772,767,-1,773,757,774,-1,756,757,773,-1,775,776,777,-1,777,776,778,-1,779,777,780,-1,775,777,779,-1,781,779,782,-1,782,779,780,-1,776,783,778,-1,776,784,783,-1,785,786,787,-1,785,787,788,-1,789,781,782,-1,789,782,790,-1,791,790,792,-1,791,789,790,-1,793,794,786,-1,793,786,785,-1,795,791,792,-1,796,794,793,-1,797,792,798,-1,797,795,792,-1,799,800,794,-1,799,794,796,-1,801,800,799,-1,802,797,798,-1,803,798,800,-1,803,800,801,-1,803,802,798,-1,787,804,805,-1,787,805,788,-1,806,807,808,-1,808,807,809,-1,807,810,809,-1,809,810,811,-1,811,810,812,-1,812,810,813,-1,813,814,812,-1,812,814,815,-1,816,817,818,-1,818,817,819,-1,815,820,821,-1,814,820,815,-1,821,822,823,-1,820,822,821,-1,824,825,816,-1,816,825,817,-1,822,826,823,-1,824,827,825,-1,823,828,829,-1,826,828,823,-1,830,831,824,-1,824,831,827,-1,828,832,829,-1,830,833,831,-1,829,834,830,-1,830,834,833,-1,832,834,829,-1,835,819,836,-1,818,819,835,-1,837,838,839,-1,839,838,840,-1,841,839,842,-1,837,839,841,-1,843,841,844,-1,844,841,842,-1,838,845,840,-1,838,846,845,-1,847,848,849,-1,847,849,850,-1,851,843,844,-1,851,844,852,-1,853,852,854,-1,853,851,852,-1,855,856,848,-1,855,848,847,-1,857,853,854,-1,858,856,855,-1,859,854,860,-1,859,857,854,-1,861,862,856,-1,861,856,858,-1,863,862,861,-1,864,859,860,-1,865,860,862,-1,865,862,863,-1,865,864,860,-1,849,866,867,-1,849,867,850,-1,868,869,870,-1,870,869,871,-1,869,872,871,-1,871,872,873,-1,873,872,874,-1,874,872,875,-1,875,876,874,-1,874,876,877,-1,878,879,880,-1,880,879,881,-1,877,882,883,-1,876,882,877,-1,883,884,885,-1,882,884,883,-1,886,887,878,-1,878,887,879,-1,884,888,885,-1,886,889,887,-1,885,890,891,-1,888,890,885,-1,892,893,886,-1,886,893,889,-1,890,894,891,-1,892,895,893,-1,891,896,892,-1,892,896,895,-1,894,896,891,-1,897,881,898,-1,880,881,897,-1,899,900,901,-1,901,900,902,-1,903,901,904,-1,899,901,903,-1,905,903,906,-1,906,903,904,-1,900,907,902,-1,900,908,907,-1,909,910,911,-1,909,911,912,-1,913,905,906,-1,913,906,914,-1,915,914,916,-1,915,913,914,-1,917,918,910,-1,917,910,909,-1,919,915,916,-1,920,918,917,-1,921,916,922,-1,921,919,916,-1,923,924,918,-1,923,918,920,-1,925,924,923,-1,926,921,922,-1,927,922,924,-1,927,924,925,-1,927,926,922,-1,911,928,929,-1,911,929,912,-1,930,931,932,-1,932,931,933,-1,931,934,933,-1,933,934,935,-1,935,934,936,-1,936,934,937,-1,937,938,936,-1,936,938,939,-1,940,941,942,-1,942,941,943,-1,939,944,945,-1,938,944,939,-1,945,946,947,-1,944,946,945,-1,948,949,940,-1,940,949,941,-1,946,950,947,-1,948,951,949,-1,947,952,953,-1,950,952,947,-1,954,955,948,-1,948,955,951,-1,952,956,953,-1,954,957,955,-1,953,958,954,-1,954,958,957,-1,956,958,953,-1,959,943,960,-1,942,943,959,-1,961,962,963,-1,963,962,964,-1,965,963,966,-1,961,963,965,-1,967,965,968,-1,968,965,966,-1,962,969,964,-1,962,970,969,-1,971,972,973,-1,971,973,974,-1,975,967,968,-1,975,968,976,-1,977,976,978,-1,977,975,976,-1,979,980,972,-1,979,972,971,-1,981,977,978,-1,982,980,979,-1,983,978,984,-1,983,981,978,-1,985,986,980,-1,985,980,982,-1,987,986,985,-1,988,983,984,-1,989,984,986,-1,989,986,987,-1,989,988,984,-1,973,990,991,-1,973,991,974,-1,992,993,994,-1,994,993,995,-1,996,993,992,-1,997,998,999,-1,999,998,996,-1,996,998,993,-1,1000,1001,997,-1,997,1001,998,-1,1000,1002,1001,-1,1002,1003,1001,-1,1002,1004,1003,-1,1003,1005,1006,-1,1004,1005,1003,-1,1005,1007,1006,-1,1006,1008,1009,-1,1007,1008,1006,-1,1008,1010,1009,-1,1009,1011,1012,-1,1010,1011,1009,-1,995,1013,994,-1,1014,1013,995,-1,1015,1016,1017,-1,1015,1017,1018,-1,1019,1020,1017,-1,1019,1017,1016,-1,1019,1021,1020,-1,1022,1023,1024,-1,1022,1024,1021,-1,1022,1021,1019,-1,1025,1026,1023,-1,1025,1023,1022,-1,1027,1026,1025,-1,1028,1027,1025,-1,1029,1027,1028,-1,1030,1028,1031,-1,1030,1029,1028,-1,1032,1030,1031,-1,1033,1031,1034,-1,1033,1032,1031,-1,1035,1033,1034,-1,1036,1034,1037,-1,1036,1035,1034,-1,1038,1039,1040,-1,1040,1039,1041,-1,1042,1039,1038,-1,1043,1044,1045,-1,1045,1044,1042,-1,1042,1044,1039,-1,1046,1047,1043,-1,1043,1047,1044,-1,1046,1048,1047,-1,1048,1049,1047,-1,1048,1050,1049,-1,1049,1051,1052,-1,1050,1051,1049,-1,1051,1053,1052,-1,1052,1054,1055,-1,1053,1054,1052,-1,1054,1056,1055,-1,1055,1057,1058,-1,1056,1057,1055,-1,1041,1059,1040,-1,1060,1059,1041,-1,1061,1062,1063,-1,1061,1063,1064,-1,1065,1066,1063,-1,1065,1063,1062,-1,1065,1067,1066,-1,1068,1069,1070,-1,1068,1070,1067,-1,1068,1067,1065,-1,1071,1072,1069,-1,1071,1069,1068,-1,1073,1072,1071,-1,1074,1073,1071,-1,1075,1073,1074,-1,1076,1074,1077,-1,1076,1075,1074,-1,1078,1076,1077,-1,1079,1077,1080,-1,1079,1078,1077,-1,1081,1079,1080,-1,1082,1080,1083,-1,1082,1081,1080,-1,1084,1085,1086,-1,1086,1085,1087,-1,1088,1085,1084,-1,1089,1090,1091,-1,1091,1090,1088,-1,1088,1090,1085,-1,1092,1093,1089,-1,1089,1093,1090,-1,1092,1094,1093,-1,1094,1095,1093,-1,1094,1096,1095,-1,1095,1097,1098,-1,1096,1097,1095,-1,1097,1099,1098,-1,1098,1100,1101,-1,1099,1100,1098,-1,1100,1102,1101,-1,1101,1103,1104,-1,1102,1103,1101,-1,1087,1105,1086,-1,1106,1105,1087,-1,1107,1108,1109,-1,1107,1109,1110,-1,1111,1112,1109,-1,1111,1109,1108,-1,1111,1113,1112,-1,1114,1115,1116,-1,1114,1116,1113,-1,1114,1113,1111,-1,1117,1118,1115,-1,1117,1115,1114,-1,1119,1118,1117,-1,1120,1119,1117,-1,1121,1119,1120,-1,1122,1120,1123,-1,1122,1121,1120,-1,1124,1122,1123,-1,1125,1123,1126,-1,1125,1124,1123,-1,1127,1125,1126,-1,1128,1126,1129,-1,1128,1127,1126,-1,1130,1131,1132,-1,1132,1131,1133,-1,1134,1131,1130,-1,1135,1136,1137,-1,1137,1136,1134,-1,1134,1136,1131,-1,1138,1139,1135,-1,1135,1139,1136,-1,1138,1140,1139,-1,1140,1141,1139,-1,1140,1142,1141,-1,1141,1143,1144,-1,1142,1143,1141,-1,1143,1145,1144,-1,1144,1146,1147,-1,1145,1146,1144,-1,1146,1148,1147,-1,1147,1149,1150,-1,1148,1149,1147,-1,1133,1151,1132,-1,1152,1151,1133,-1,1153,1154,1155,-1,1153,1155,1156,-1,1157,1158,1155,-1,1157,1155,1154,-1,1157,1159,1158,-1,1160,1161,1162,-1,1160,1162,1159,-1,1160,1159,1157,-1,1163,1164,1161,-1,1163,1161,1160,-1,1165,1164,1163,-1,1166,1165,1163,-1,1167,1165,1166,-1,1168,1166,1169,-1,1168,1167,1166,-1,1170,1168,1169,-1,1171,1169,1172,-1,1171,1170,1169,-1,1173,1171,1172,-1,1174,1172,1175,-1,1174,1173,1172            ]
            ccw TRUE
          }
        }
        Shape {
          appearance DEF M4 Appearance {
            material Material {
              diffuseColor 0.8 0.8 0.8
              specularColor 0.05 0.05 0.05
              shininess 0.5
            }
          }
          geometry IndexedFaceSet {
            coord Coordinate {
              point [
5.94999981 -2.87747836 -4.27824354,6.25 -2.88499999 -4.34499979,6.25 -2.87747836 -4.27824354,5.94999981 -2.88499999 -4.34499979,5.94999981 -2.85529065 -4.21483469,6.25 -2.85529065 -4.21483469,5.94999981 -2.81954956 -4.15795326,6.25 -2.81954956 -4.15795326,5.94999981 -2.77204704 -4.11045074,6.25 -2.77204704 -4.11045074,5.94999981 -2.71516514 -4.07470942,6.25 -2.71516514 -4.07470942,5.94999981 -2.65175629 -4.05252171,6.25 -2.65175629 -4.05252171,6.25 -2.58500004 -4.04500008,5.94999981 -2.58500004 -4.04500008,6.25 -6.45175648 -7.00252151,5.94999981 -6.38500023 -6.99499989,5.94999981 -6.45175648 -7.00252151,6.25 -6.38500023 -6.99499989,6.25 -6.51516533 -7.02470922,5.94999981 -6.51516533 -7.02470922,6.25 -6.57204676 -7.06045055,5.94999981 -6.57204676 -7.06045055,6.25 -6.61954927 -7.10795307,5.94999981 -6.61954927 -7.10795307,6.25 -6.6552906 -7.16483498,5.94999981 -6.6552906 -7.16483498,6.25 -6.67747831 -7.22824383,5.94999981 -6.67747831 -7.22824383,5.94999981 -6.68499994 -7.29500008,6.25 -6.68499994 -7.29500008,6.25 5.85016489 -7.02470922,6.25 6.01247835 -7.22824383,6.25 5.99029064 -7.16483498,6.25 5.95454931 -7.10795307,6.25 5.90704679 -7.06045055,6.25 5.71999979 -6.99499989,6.25 6.01999998 -7.94500017,6.25 6.01999998 -7.29500008,6.25 5.78675652 -7.00252151,6.25 3.31999993 -6.99499989,6.25 1.40704691 -7.67954922,6.25 1.45454943 -7.63204718,6.25 3.25324368 -6.98747826,6.25 1.49029064 -7.57516527,6.25 3.18983483 -6.96529055,6.25 1.35016513 -7.71529055,6.25 1.51247835 -7.51175642,6.25 3.13295317 -6.92954922,6.25 1.28675628 -7.73747826,6.25 1.51999998 -7.44500017,6.25 3.02752161 -6.76175642,6.25 3.01999998 -6.69500017,6.25 3.04970932 -6.82516527,6.25 3.08545065 -6.88204718,6.25 2.99029064 -4.21483469,6.25 3.01999998 -4.34499979,6.25 3.01247835 -4.27824354,6.25 1.51999998 -5.64499998,6.25 2.95454955 -4.15795326,6.25 1.51247835 -5.57824373,6.25 1.49029064 -5.51483488,6.25 2.85016513 -4.07470942,6.25 2.90704703 -4.11045074,6.25 1.45454943 -5.45795298,6.25 2.72000003 -4.04500008,6.25 2.78675628 -4.05252171,6.25 1.40704691 -5.41045046,6.25 1.35016513 -5.37470913,6.25 1.28675628 -5.35252142,6.25 1.22000003 -5.34499979,6.25 -2.88499999 -6.99499989,6.25 -1.72747838 -7.51175642,6.25 -1.73500001 -7.44500017,6.25 -1.70529068 -7.57516527,6.25 -1.66954947 -7.63204718,6.25 -1.62204695 -7.67954922,6.25 -1.73500001 -5.64499998,6.25 -1.50175631 -5.35252142,6.25 -1.43499994 -5.34499979,6.25 -1.56516516 -5.37470913,6.25 -1.62204695 -5.41045046,6.25 -1.66954947 -5.45795298,6.25 -1.70529068 -5.51483488,6.25 -1.72747838 -5.57824373,6.25 -6.68499994 -7.94500017,6.25 -1.56516516 -7.71529055,6.25 -1.50175631 -7.73747826,6.25 1.22000003 -7.74499989,6.25 -1.43499994 -7.74499989,5.94999981 6.01247835 -7.22824383,5.94999981 5.85016489 -7.02470922,5.94999981 5.99029064 -7.16483498,5.94999981 5.95454931 -7.10795307,5.94999981 5.90704679 -7.06045055,5.94999981 6.01999998 -7.94500017,5.94999981 5.71999979 -6.99499989,5.94999981 6.01999998 -7.29500008,5.94999981 5.78675652 -7.00252151,5.94999981 3.31999993 -6.99499989,5.94999981 1.40704691 -7.67954922,5.94999981 1.45454943 -7.63204718,5.94999981 3.25324368 -6.98747826,5.94999981 1.35016513 -7.71529055,5.94999981 1.49029064 -7.57516527,5.94999981 3.18983483 -6.96529055,5.94999981 1.51247835 -7.51175642,5.94999981 3.13295317 -6.92954922,5.94999981 1.28675628 -7.73747826,5.94999981 3.02752161 -6.76175642,5.94999981 1.51999998 -7.44500017,5.94999981 3.01999998 -6.69500017,5.94999981 3.04970932 -6.82516527,5.94999981 3.08545065 -6.88204718,5.94999981 3.01999998 -4.34499979,5.94999981 2.99029064 -4.21483469,5.94999981 3.01247835 -4.27824354,5.94999981 1.51999998 -5.64499998,5.94999981 2.95454955 -4.15795326,5.94999981 1.51247835 -5.57824373,5.94999981 1.49029064 -5.51483488,5.94999981 2.85016513 -4.07470942,5.94999981 2.90704703 -4.11045074,5.94999981 1.45454943 -5.45795298,5.94999981 2.72000003 -4.04500008,5.94999981 2.78675628 -4.05252171,5.94999981 1.40704691 -5.41045046,5.94999981 1.35016513 -5.37470913,5.94999981 1.28675628 -5.35252142,5.94999981 1.22000003 -5.34499979,5.94999981 -1.72747838 -7.51175642,5.94999981 -2.88499999 -6.99499989,5.94999981 -1.73500001 -7.44500017,5.94999981 -1.70529068 -7.57516527,5.94999981 -1.66954947 -7.63204718,5.94999981 -1.62204695 -7.67954922,5.94999981 -1.73500001 -5.64499998,5.94999981 -1.50175631 -5.35252142,5.94999981 -1.43499994 -5.34499979,5.94999981 -1.56516516 -5.37470913,5.94999981 -1.62204695 -5.41045046,5.94999981 -1.66954947 -5.45795298,5.94999981 -1.70529068 -5.51483488,5.94999981 -1.72747838 -5.57824373,5.94999981 -6.68499994 -7.94500017,5.94999981 -1.56516516 -7.71529055,5.94999981 -1.50175631 -7.73747826,5.94999981 1.22000003 -7.74499989,5.94999981 -1.43499994 -7.74499989,6.19641018 6.01999998 -8.14500046,5.93660259 6.01999998 -7.99499989,6.22587729 6.01999998 -8.08180809,6.15641785 6.01999998 -8.20211506,6.10711527 6.01999998 -8.25141811,5.9000001 6.01999998 -8.03160286,6.05000019 6.01999998 -8.29141045,5.98680782 6.01999998 -8.32087708,6.24392319 6.01999998 -8.01445961,5.91945934 6.01999998 -8.33892345,5.8499999 6.01999998 -8.04500008,5.8499999 6.01999998 -8.34500027,-5.94999981 -1.73500001 -7.44500017,-6.25 -1.73500001 -7.44500017,-6.25 -1.73500001 -5.64499998,-5.94999981 -1.73500001 -5.64499998,-6.25 -1.43499994 -5.34499979,-5.94999981 1.22000003 -5.34499979,-5.94999981 -1.43499994 -5.34499979,-6.25 1.22000003 -5.34499979,-6.25 1.51999998 -7.44500017,-5.94999981 1.51999998 -7.44500017,-5.94999981 1.51999998 -5.64499998,-6.25 1.51999998 -5.64499998,-6.25 1.22000003 -7.74499989,-5.94999981 -1.43499994 -7.74499989,-5.94999981 1.22000003 -7.74499989,-6.25 -1.43499994 -7.74499989,-6.25 3.01999998 -6.69500017,-6.25 3.01999998 -4.34499979,-5.94999981 3.01999998 -6.69500017,-5.94999981 3.01999998 -4.34499979,-6.25 5.71999979 -6.99499989,-6.25 3.31999993 -6.99499989,-5.94999981 5.71999979 -6.99499989,-5.94999981 3.31999993 -6.99499989,-6.25 -2.88499999 -4.34499979,-5.94999981 -2.88499999 -6.99499989,-5.94999981 -2.88499999 -4.34499979,-6.25 -2.88499999 -6.99499989,-6.25 -6.38500023 -6.99499989,-5.94999981 -6.38500023 -6.99499989,3.41947818 -1.17810357 -8.19499969,3.36057281 -1.22258687 -8.19499969,3.46920681 -1.12355387 -8.19499969,3.5347302 -0.99196517 -8.19499969,3.50806522 -1.06079531 -8.19499969,3.22349977 -1.27568924 -8.19499969,3.1500001 -1.28250003 -8.19499969,3.29449677 -1.25548887 -8.19499969,3.5347302 -0.77303481 -8.19499969,3.54829359 -0.91940737 -8.19499969,3.54829359 -0.84559268 -8.19499969,3.41947818 -0.58689642 -8.19499969,3.50806522 -0.70420468 -8.19499969,3.46920681 -0.64144617 -8.19499969,3.1500001 -0.48249999 -8.19499969,3.36057281 -0.54241318 -8.19499969,3.29449677 -0.50951111 -8.19499969,3.22349977 -0.48931077 -8.19499969,-3.36057281 -1.22258687 -8.19499969,-3.41947818 -1.17810357 -8.19499969,-3.29449677 -1.25548887 -8.19499969,-3.22349977 -1.27568924 -8.19499969,-3.1500001 -1.28250003 -8.19499969,-3.50806522 -1.06079531 -8.19499969,-3.5347302 -0.99196517 -8.19499969,-3.46920681 -1.12355387 -8.19499969,-3.54829359 -0.91940737 -8.19499969,-3.1500001 -0.48249999 -8.19499969,-3.54829359 -0.84559268 -8.19499969,-3.5347302 -0.77303481 -8.19499969,-3.22349977 -0.48931077 -8.19499969,-3.36057281 -0.54241318 -8.19499969,-3.29449677 -0.50951111 -8.19499969,-3.50806522 -0.70420468 -8.19499969,-3.46920681 -0.64144617 -8.19499969,-3.41947818 -0.58689642 -8.19499969,3.1500001 -1.32269239 -7.89499998,3.22245336 -1.31668878 -7.89499998,3.29293013 -1.2988416 -7.89499998,3.35950851 -1.26963758 -7.89499998,3.42037177 -1.22987366 -7.89499998,3.57672262 -0.77443916 -7.89499998,3.51851439 -1.12326241 -7.89499998,3.55311632 -1.05932331 -7.89499998,3.57672262 -0.99056083 -7.89499998,3.58868885 -0.91885078 -7.89499998,3.58868885 -0.84614921 -7.89499998,3.42037177 -0.53512639 -7.89499998,3.55311632 -0.70567673 -7.89499998,3.51851439 -0.64173758 -7.89499998,3.47386003 -0.58436579 -7.89499998,3.29293013 -0.46615845 -7.89499998,3.35950851 -0.49536237 -7.89499998,3.1500001 -0.44230762 -7.89499998,3.47386003 -1.18063414 -7.89499998,3.22245336 -0.44831127 -7.89499998,-3.35950851 -1.26963758 -7.89499998,-3.29293013 -1.2988416 -7.89499998,-3.22245336 -1.31668878 -7.89499998,-3.1500001 -1.32269239 -7.89499998,-3.42037177 -1.22987366 -7.89499998,-3.51851439 -1.12326241 -7.89499998,-3.47386003 -1.18063414 -7.89499998,-3.57672262 -0.99056083 -7.89499998,-3.55311632 -1.05932331 -7.89499998,-3.58868885 -0.91885078 -7.89499998,-3.1500001 -0.44230762 -7.89499998,-3.22245336 -0.44831127 -7.89499998,-3.51851439 -0.64173758 -7.89499998,-3.55311632 -0.70567673 -7.89499998,-3.57672262 -0.77443916 -7.89499998,-3.58868885 -0.84614921 -7.89499998,-3.42037177 -0.53512639 -7.89499998,-3.29293013 -0.46615845 -7.89499998,-3.35950851 -0.49536237 -7.89499998,-3.47386003 -0.58436579 -7.89499998,3.22349977 2.91318917 -8.19499969,3.1500001 2.92000008 -8.19499969,3.29449677 2.89298892 -8.19499969,3.46920681 2.27894616 -8.19499969,3.36057281 2.17991304 -8.19499969,3.41947818 2.22439647 -8.19499969,3.22349977 2.12681079 -8.19499969,3.29449677 2.14701104 -8.19499969,3.1500001 2.11999989 -8.19499969,3.36057281 2.86008692 -8.19499969,3.41947818 2.81560349 -8.19499969,3.46920681 2.7610538 -8.19499969,3.50806522 2.69829535 -8.19499969,3.5347302 2.6294651 -8.19499969,3.54829359 2.55690742 -8.19499969,3.54829359 2.48309255 -8.19499969,3.5347302 2.41053486 -8.19499969,3.50806522 2.34170461 -8.19499969,-3.36057281 2.86008692 -8.19499969,-3.41947818 2.81560349 -8.19499969,-3.29449677 2.89298892 -8.19499969,-3.22349977 2.91318917 -8.19499969,-3.46920681 2.7610538 -8.19499969,-3.50806522 2.69829535 -8.19499969,-3.5347302 2.6294651 -8.19499969,-3.1500001 2.92000008 -8.19499969,-3.54829359 2.55690742 -8.19499969,-3.1500001 2.11999989 -8.19499969,-3.22349977 2.12681079 -8.19499969,-3.54829359 2.48309255 -8.19499969,-3.5347302 2.41053486 -8.19499969,-3.36057281 2.17991304 -8.19499969,-3.29449677 2.14701104 -8.19499969,-3.46920681 2.27894616 -8.19499969,-3.41947818 2.22439647 -8.19499969,-3.50806522 2.34170461 -8.19499969,3.1500001 2.96019244 -8.49499989,3.22245336 2.95418882 -8.49499989,3.29293013 2.93634152 -8.49499989,3.35950851 2.90713763 -8.49499989,3.42037177 2.8673737 -8.49499989,3.47386003 2.81813407 -8.49499989,3.47386003 2.22186589 -8.49499989,3.55311632 2.34317684 -8.49499989,3.51851439 2.27923751 -8.49499989,3.29293013 2.10365844 -8.49499989,3.42037177 2.17262626 -8.49499989,3.35950851 2.13286233 -8.49499989,3.1500001 2.07980752 -8.49499989,3.51851439 2.76076245 -8.49499989,3.55311632 2.69682336 -8.49499989,3.57672262 2.62806082 -8.49499989,3.58868885 2.55635071 -8.49499989,3.58868885 2.48364925 -8.49499989,3.57672262 2.41193914 -8.49499989,3.22245336 2.08581138 -8.49499989,-3.35950851 2.90713763 -8.49499989,-3.29293013 2.93634152 -8.49499989,-3.22245336 2.95418882 -8.49499989,-3.1500001 2.96019244 -8.49499989,-3.42037177 2.8673737 -8.49499989,-3.51851439 2.76076245 -8.49499989,-3.47386003 2.81813407 -8.49499989,-3.58868885 2.55635071 -8.49499989,-3.57672262 2.62806082 -8.49499989,-3.55311632 2.69682336 -8.49499989,-3.1500001 2.07980752 -8.49499989,-3.58868885 2.48364925 -8.49499989,-3.22245336 2.08581138 -8.49499989,-3.35950851 2.13286233 -8.49499989,-3.29293013 2.10365844 -8.49499989,-3.51851439 2.27923751 -8.49499989,-3.55311632 2.34317684 -8.49499989,-3.57672262 2.41193914 -8.49499989,-3.42037177 2.17262626 -8.49499989,-3.47386003 2.22186589 -8.49499989,3.46920681 -4.52605391 -8.19499969,3.36057281 -4.62508678 -8.19499969,3.41947818 -4.5806036 -8.19499969,3.1500001 -3.88499999 -8.19499969,3.1500001 -4.68499994 -8.19499969,3.22349977 -3.89181066 -8.19499969,3.29449677 -3.91201115 -8.19499969,3.36057281 -3.94491315 -8.19499969,3.41947818 -3.98939633 -8.19499969,3.46920681 -4.04394627 -8.19499969,3.50806522 -4.10670471 -8.19499969,3.5347302 -4.17553473 -8.19499969,3.54829359 -4.24809265 -8.19499969,3.54829359 -4.32190752 -8.19499969,3.5347302 -4.39446497 -8.19499969,3.50806522 -4.46329546 -8.19499969,3.29449677 -4.65798903 -8.19499969,3.22349977 -4.67818928 -8.19499969,-3.29449677 -3.91201115 -8.19499969,-3.36057281 -3.94491315 -8.19499969,-3.22349977 -3.89181066 -8.19499969,-3.41947818 -3.98939633 -8.19499969,-3.1500001 -3.88499999 -8.19499969,-3.46920681 -4.04394627 -8.19499969,-3.1500001 -4.68499994 -8.19499969,-3.54829359 -4.24809265 -8.19499969,-3.54829359 -4.32190752 -8.19499969,-3.5347302 -4.17553473 -8.19499969,-3.50806522 -4.10670471 -8.19499969,-3.5347302 -4.39446497 -8.19499969,-3.22349977 -4.67818928 -8.19499969,-3.36057281 -4.62508678 -8.19499969,-3.29449677 -4.65798903 -8.19499969,-3.50806522 -4.46329546 -8.19499969,-3.46920681 -4.52605391 -8.19499969,-3.41947818 -4.5806036 -8.19499969,3.29293013 -4.70134163 -8.49499989,3.47386003 -4.58313417 -8.49499989,3.42037177 -4.63237381 -8.49499989,3.35950851 -4.67213774 -8.49499989,3.1500001 -4.72519255 -8.49499989,3.1500001 -3.84480762 -8.49499989,3.22245336 -3.85081124 -8.49499989,3.29293013 -3.86865854 -8.49499989,3.35950851 -3.89786243 -8.49499989,3.42037177 -3.93762636 -8.49499989,3.47386003 -3.98686576 -8.49499989,3.51851439 -4.04423761 -8.49499989,3.55311632 -4.10817671 -8.49499989,3.57672262 -4.17693901 -8.49499989,3.58868885 -4.24864912 -8.49499989,3.58868885 -4.32135057 -8.49499989,3.57672262 -4.39306068 -8.49499989,3.55311632 -4.46182346 -8.49499989,3.51851439 -4.52576256 -8.49499989,3.22245336 -4.71918869 -8.49499989,-3.35950851 -3.89786243 -8.49499989,-3.29293013 -3.86865854 -8.49499989,-3.22245336 -3.85081124 -8.49499989,-3.1500001 -3.84480762 -8.49499989,-3.42037177 -3.93762636 -8.49499989,-3.51851439 -4.04423761 -8.49499989,-3.47386003 -3.98686576 -8.49499989,-3.58868885 -4.24864912 -8.49499989,-3.57672262 -4.17693901 -8.49499989,-3.55311632 -4.10817671 -8.49499989,-3.1500001 -4.72519255 -8.49499989,-3.58868885 -4.32135057 -8.49499989,-3.22245336 -4.71918869 -8.49499989,-3.29293013 -4.70134163 -8.49499989,-3.51851439 -4.52576256 -8.49499989,-3.55311632 -4.46182346 -8.49499989,-3.57672262 -4.39306068 -8.49499989,-3.42037177 -4.63237381 -8.49499989,-3.35950851 -4.67213774 -8.49499989,-3.47386003 -4.58313417 -8.49499989,-5.91945934 6.01999998 -8.33892345,-5.8499999 -6.68499994 -8.34500027,-5.91945934 -6.68499994 -8.33892345,-5.8499999 6.01999998 -8.34500027,-5.98680782 6.01999998 -8.32087708,-5.98680782 -6.68499994 -8.32087708,-6.05000019 6.01999998 -8.29141045,-6.05000019 -6.68499994 -8.29141045,-6.10711527 6.01999998 -8.25141811,-6.10711527 -6.68499994 -8.25141811,-6.15641785 6.01999998 -8.20211506,-6.15641785 -6.68499994 -8.20211506,-6.19641018 6.01999998 -8.14500046,-6.19641018 -6.68499994 -8.14500046,-6.22587729 6.01999998 -8.08180809,-6.22587729 -6.68499994 -8.08180809,-6.24392319 6.01999998 -8.01445961,-6.24392319 -6.68499994 -8.01445961,-6.25 6.01999998 -7.94500017,-6.25 -6.68499994 -7.94500017,-5.8499999 6.01999998 -8.04500008,-5.9000001 6.01999998 -8.03160286,-5.8499999 -6.68499994 -8.04500008,-5.9000001 -6.68499994 -8.03160286,-5.93660259 -6.68499994 -7.99499989,-5.93660259 6.01999998 -7.99499989,-5.94999981 6.01999998 -7.94500017,-5.94999981 -6.68499994 -7.94500017,-6.25 5.85016489 -7.02470922,-6.25 5.90704679 -7.06045055,-6.25 5.95454931 -7.10795307,-6.25 5.78675652 -7.00252151,-6.25 5.99029064 -7.16483498,-6.25 3.01247835 -4.27824354,-6.25 2.90704703 -4.11045074,-6.25 2.95454955 -4.15795326,-6.25 2.99029064 -4.21483469,-6.25 6.01999998 -7.29500008,-6.25 6.01247835 -7.22824383,-6.25 2.72000003 -4.04500008,-6.25 2.78675628 -4.05252171,-6.25 2.85016513 -4.07470942,-6.25 1.45454943 -5.45795298,-6.25 1.40704691 -5.41045046,-6.25 1.49029064 -5.51483488,-6.25 1.35016513 -5.37470913,-6.25 1.28675628 -5.35252142,-6.25 1.51247835 -5.57824373,-6.25 3.08545065 -6.88204718,-6.25 3.13295317 -6.92954922,-6.25 3.04970932 -6.82516527,-6.25 3.02752161 -6.76175642,-6.25 1.51247835 -7.51175642,-6.25 3.18983483 -6.96529055,-6.25 1.49029064 -7.57516527,-6.25 3.25324368 -6.98747826,-6.25 1.45454943 -7.63204718,-6.25 1.40704691 -7.67954922,-6.25 1.35016513 -7.71529055,-6.25 1.28675628 -7.73747826,-6.25 -2.58500004 -4.04500008,-6.25 -2.71516514 -4.07470942,-6.25 -2.65175629 -4.05252171,-6.25 -1.50175631 -5.35252142,-6.25 -1.56516516 -5.37470913,-6.25 -2.81954956 -4.15795326,-6.25 -2.77204704 -4.11045074,-6.25 -1.62204695 -5.41045046,-6.25 -2.85529065 -4.21483469,-6.25 -2.87747836 -4.27824354,-6.25 -1.66954947 -5.45795298,-6.25 -1.70529068 -5.51483488,-6.25 -1.72747838 -5.57824373,-6.25 -1.66954947 -7.63204718,-6.25 -1.62204695 -7.67954922,-6.25 -1.70529068 -7.57516527,-6.25 -1.72747838 -7.51175642,-6.25 -6.6552906 -7.16483498,-6.25 -6.61954927 -7.10795307,-6.25 -6.57204676 -7.06045055,-6.25 -6.67747831 -7.22824383,-6.25 -6.51516533 -7.02470922,-6.25 -6.45175648 -7.00252151,-6.25 -6.68499994 -7.29500008,-6.25 -1.56516516 -7.71529055,-6.25 -1.50175631 -7.73747826,-5.94999981 5.90704679 -7.06045055,-5.94999981 5.85016489 -7.02470922,-5.94999981 5.95454931 -7.10795307,-5.94999981 5.78675652 -7.00252151,-5.94999981 5.99029064 -7.16483498,-5.94999981 2.90704703 -4.11045074,-5.94999981 2.99029064 -4.21483469,-5.94999981 2.95454955 -4.15795326,-5.94999981 2.85016513 -4.07470942,-5.94999981 6.01999998 -7.29500008,-5.94999981 6.01247835 -7.22824383,-5.94999981 2.78675628 -4.05252171,-5.94999981 2.72000003 -4.04500008,-5.94999981 3.01247835 -4.27824354,-5.94999981 1.40704691 -5.41045046,-5.94999981 1.45454943 -5.45795298,-5.94999981 1.35016513 -5.37470913,-5.94999981 1.49029064 -5.51483488,-5.94999981 1.28675628 -5.35252142,-5.94999981 1.51247835 -5.57824373,-5.94999981 3.08545065 -6.88204718,-5.94999981 3.13295317 -6.92954922,-5.94999981 3.04970932 -6.82516527,-5.94999981 3.02752161 -6.76175642,-5.94999981 1.51247835 -7.51175642,-5.94999981 3.18983483 -6.96529055,-5.94999981 1.49029064 -7.57516527,-5.94999981 3.25324368 -6.98747826,-5.94999981 1.45454943 -7.63204718,-5.94999981 1.40704691 -7.67954922,-5.94999981 1.35016513 -7.71529055,-5.94999981 1.28675628 -7.73747826,-5.94999981 -2.58500004 -4.04500008,-5.94999981 -2.65175629 -4.05252171,-5.94999981 -2.71516514 -4.07470942,-5.94999981 -1.50175631 -5.35252142,-5.94999981 -1.56516516 -5.37470913,-5.94999981 -2.77204704 -4.11045074,-5.94999981 -2.81954956 -4.15795326,-5.94999981 -1.62204695 -5.41045046,-5.94999981 -2.85529065 -4.21483469,-5.94999981 -2.87747836 -4.27824354,-5.94999981 -1.66954947 -5.45795298,-5.94999981 -1.70529068 -5.51483488,-5.94999981 -1.72747838 -5.57824373,-5.94999981 -1.66954947 -7.63204718,-5.94999981 -1.62204695 -7.67954922,-5.94999981 -1.70529068 -7.57516527,-5.94999981 -1.72747838 -7.51175642,-5.94999981 -6.61954927 -7.10795307,-5.94999981 -6.6552906 -7.16483498,-5.94999981 -6.57204676 -7.06045055,-5.94999981 -6.67747831 -7.22824383,-5.94999981 -6.51516533 -7.02470922,-5.94999981 -6.45175648 -7.00252151,-5.94999981 -6.68499994 -7.29500008,-5.94999981 -1.56516516 -7.71529055,-5.94999981 -1.50175631 -7.73747826,-0.55000001 6.51999998 -5.59499979,-0.55000001 6.51999998 -6.89499998,-0.55000001 6.82000017 -5.59499979,-0.55000001 6.82000017 -6.89499998,-0.40000001 6.51999998 -7.04500008,0.40000001 6.82000017 -7.04500008,-0.40000001 6.82000017 -7.04500008,0.40000001 6.51999998 -7.04500008,0.55000001 6.82000017 -6.89499998,0.55000001 6.51999998 -6.89499998,0.55000001 6.82000017 -5.59499979,0.55000001 6.51999998 -5.59499979,0.40000001 6.51999998 -5.44500017,-0.40000001 6.82000017 -5.44500017,0.40000001 6.82000017 -5.44500017,-0.40000001 6.51999998 -5.44500017,-3.5 6.42000008 -8.04500008,-5.44999981 6.42000008 -8.34500027,-5.44999981 6.42000008 -8.04500008,-3.5 6.42000008 -8.34500027,-3.5 6.72641754 -8.20211506,-3.5 6.50660276 -7.99499989,-3.5 6.76641035 -8.14500046,-3.5 6.79587698 -8.08180809,-3.5 6.55680799 -8.32087708,-3.5 6.46999979 -8.03160286,-3.5 6.61999989 -8.29141045,-3.5 6.67711496 -8.25141811,-3.5 6.48945904 -8.33892345,-3.5 6.51999998 -7.94500017,-3.5 6.81392288 -8.01445961,-3.5 6.82000017 -7.94500017,-3.5 6.51999998 -5.14499998,-3.5 6.82000017 -5.14499998,5.44999981 6.42000008 -8.34500027,3.5 6.42000008 -8.34500027,5.44999981 6.42000008 -8.04500008,3.5 6.42000008 -8.04500008,3.5 6.50660276 -7.99499989,3.5 6.72641754 -8.20211506,3.5 6.76641035 -8.14500046,3.5 6.79587698 -8.08180809,3.5 6.46999979 -8.03160286,3.5 6.55680799 -8.32087708,3.5 6.61999989 -8.29141045,3.5 6.67711496 -8.25141811,3.5 6.48945904 -8.33892345,3.5 6.51999998 -7.94500017,3.5 6.81392288 -8.01445961,3.5 6.82000017 -7.94500017,3.5 6.51999998 -5.14499998,3.5 6.82000017 -5.14499998,3.29999995 6.51999998 -4.79858971,3.40641785 6.51999998 -4.88788509,3.35711503 6.51999998 -4.83858204,3.0999999 6.51999998 -4.74499989,3.23680806 6.51999998 -4.76912308,3.16945934 6.51999998 -4.7510767,3.49392319 6.51999998 -5.07554054,3.47587705 6.51999998 -5.00819206,3.44641018 6.51999998 -4.94500017,0.45740253 6.51999998 -5.45641804,0.50606602 6.51999998 -5.48893404,0.53858191 6.51999998 -5.53759766,0.53858191 6.51999998 -6.95240259,0.50606602 6.51999998 -7.00106621,0.45740253 6.51999998 -7.03358173,-3.0999999 6.51999998 -4.74499989,-0.45740253 6.51999998 -5.45641804,-0.50606602 6.51999998 -5.48893404,-0.53858191 6.51999998 -5.53759766,-3.35711503 6.51999998 -4.83858204,-3.16945934 6.51999998 -4.7510767,-3.23680806 6.51999998 -4.76912308,-3.29999995 6.51999998 -4.79858971,-3.44641018 6.51999998 -4.94500017,-3.40641785 6.51999998 -4.88788509,-3.47587705 6.51999998 -5.00819206,-3.49392319 6.51999998 -5.07554054,-0.53858191 6.51999998 -6.95240259,-0.50606602 6.51999998 -7.00106621,-0.45740253 6.51999998 -7.03358173,3.56138325 -4.8008585 -8.04500008,5.8499999 -6.68499994 -8.04500008,3.6165545 -4.75155449 -8.04500008,3.66585827 -4.69638348 -8.04500008,3.50103879 -4.84367514 -8.04500008,3.70867515 -4.63603878 -8.04500008,3.43627977 -4.87946606 -8.04500008,3.74446607 -4.57128 -8.04500008,3.77278137 -4.50292063 -8.04500008,3.36792064 -4.9077816 -8.04500008,3.79326487 -4.43182087 -8.04500008,3.29682112 -4.92826509 -8.04500008,3.80565882 -4.3588748 -8.04500008,3.22387505 -4.94065905 -8.04500008,3.1500001 -4.94480753 -8.04500008,3.80980754 -4.28499985 -8.04500008,3.80565882 -4.2111249 -8.04500008,3.79326487 -4.13817883 -8.04500008,3.77278137 -4.06707954 -8.04500008,3.61839151 -1.40270138 -8.04500008,3.56138325 -3.76914167 -8.04500008,3.6165545 -3.81844544 -8.04500008,3.6702013 -1.35089147 -8.04500008,3.66585827 -3.8736167 -8.04500008,3.56144977 -1.44881189 -8.04500008,3.50103879 -3.72632504 -8.04500008,3.71631193 -1.29394972 -8.04500008,3.70867515 -3.93396115 -8.04500008,3.5 -1.48871779 -8.04500008,3.43627977 -3.69053388 -8.04500008,3.75621772 -1.23249996 -8.04500008,3.74446607 -3.99872017 -8.04500008,3.43471575 -1.52198184 -8.04500008,3.36792064 -3.66221857 -8.04500008,3.78948188 -1.1672157 -8.04500008,3.36631179 -1.54823959 -8.04500008,3.29682112 -3.64173508 -8.04500008,3.81573963 -1.09881186 -8.04500008,3.29553819 -1.56720328 -8.04500008,3.22387505 -3.62934113 -8.04500008,3.83470321 -1.02803814 -8.04500008,3.84616542 -0.95566994 -8.04500008,3.22317004 -1.57866538 -8.04500008,3.1500001 -3.6251924 -8.04500008,3.1500001 -1.58249998 -8.04500008,3.8499999 -0.88249999 -8.04500008,3.6165545 2.05344558 -8.04500008,3.61839151 -0.36229861 -8.04500008,3.6702013 -0.41410857 -8.04500008,3.56138325 2.00414157 -8.04500008,3.56144977 -0.3161881 -8.04500008,3.66585827 2.10861659 -8.04500008,3.71631193 -0.47105032 -8.04500008,3.70867515 2.16896129 -8.04500008,3.75621772 -0.53250003 -8.04500008,3.50103879 1.96132493 -8.04500008,3.5 -0.27628222 -8.04500008,3.43627977 1.92553389 -8.04500008,3.43471575 -0.24301818 -8.04500008,3.74446607 2.2337203 -8.04500008,3.78948188 -0.59778434 -8.04500008,3.77278137 2.30207944 -8.04500008,3.81573963 -0.66618812 -8.04500008,3.36792064 1.89721859 -8.04500008,3.36631179 -0.21676044 -8.04500008,3.79326487 2.37317896 -8.04500008,3.83470321 -0.73696184 -8.04500008,3.29682112 1.87673509 -8.04500008,3.29553819 -0.19779667 -8.04500008,3.22387505 1.86434114 -8.04500008,3.22317004 -0.18633467 -8.04500008,3.1500001 1.86019242 -8.04500008,3.1500001 -0.1825 -8.04500008,-3.1500001 -4.94480753 -8.04500008,-3.66585827 -4.69638348 -8.04500008,-3.70867515 -4.63603878 -8.04500008,-3.6165545 -4.75155449 -8.04500008,-3.56138325 -4.8008585 -8.04500008,-3.50103879 -4.84367514 -8.04500008,-3.43627977 -4.87946606 -8.04500008,-3.36792064 -4.9077816 -8.04500008,-3.29682112 -4.92826509 -8.04500008,-3.22387505 -4.94065905 -8.04500008,-3.74446607 -4.57128 -8.04500008,-3.77278137 -4.50292063 -8.04500008,-3.79326487 -4.43182087 -8.04500008,-3.80565882 -4.3588748 -8.04500008,-3.80980754 -4.28499985 -8.04500008,-3.80565882 -4.2111249 -8.04500008,-3.79326487 -4.13817883 -8.04500008,-3.77278137 -4.06707954 -8.04500008,3.80565882 2.44612503 -8.04500008,3.80980754 2.51999998 -8.04500008,3.80565882 2.59387493 -8.04500008,3.79326487 2.666821 -8.04500008,3.77278137 2.73792076 -8.04500008,3.74446607 2.8062799 -8.04500008,3.70867515 2.87103891 -8.04500008,3.66585827 2.93138337 -8.04500008,3.6165545 2.98655438 -8.04500008,3.56138325 3.03585839 -8.04500008,3.50103879 3.07867503 -8.04500008,3.84616542 -0.80933005 -8.04500008,5.75641775 6.27711487 -8.04500008,5.84392309 6.08945942 -8.04500008,5.82587719 6.1568079 -8.04500008,5.79641008 6.21999979 -8.04500008,5.6500001 6.36641026 -8.04500008,5.70711517 6.32641792 -8.04500008,5.51945925 6.41392326 -8.04500008,5.5868082 6.39587688 -8.04500008,-3.1500001 -1.58249998 -8.04500008,-3.1500001 -3.6251924 -8.04500008,-3.22317004 -1.57866538 -8.04500008,-3.22387505 -3.62934113 -8.04500008,-3.29553819 -1.56720328 -8.04500008,-3.29682112 -3.64173508 -8.04500008,-3.36631179 -1.54823959 -8.04500008,-3.36792064 -3.66221857 -8.04500008,-3.43471575 -1.52198184 -8.04500008,-3.43627977 -3.69053388 -8.04500008,-3.5 -1.48871779 -8.04500008,-3.50103879 -3.72632504 -8.04500008,-3.56144977 -1.44881189 -8.04500008,-3.56138325 -3.76914167 -8.04500008,-3.61839151 -1.40270138 -8.04500008,-3.6165545 -3.81844544 -8.04500008,-3.6702013 -1.35089147 -8.04500008,-3.66585827 -3.8736167 -8.04500008,-3.71631193 -1.29394972 -8.04500008,-3.70867515 -3.93396115 -8.04500008,-3.75621772 -1.23249996 -8.04500008,-3.74446607 -3.99872017 -8.04500008,-3.78948188 -1.1672157 -8.04500008,-3.81573963 -1.09881186 -8.04500008,-3.83470321 -1.02803814 -8.04500008,-3.84616542 -0.95566994 -8.04500008,3.43627977 3.11446619 -8.04500008,3.36792064 3.1427815 -8.04500008,3.29682112 3.16326475 -8.04500008,3.22387505 3.17565894 -8.04500008,3.1500001 3.17980766 -8.04500008,-3.1500001 1.86019242 -8.04500008,-3.22317004 -0.18633467 -8.04500008,-3.1500001 -0.1825 -8.04500008,-3.22387505 1.86434114 -8.04500008,-3.29553819 -0.19779667 -8.04500008,-3.29682112 1.87673509 -8.04500008,-3.36631179 -0.21676044 -8.04500008,-3.36792064 1.89721859 -8.04500008,-3.43471575 -0.24301818 -8.04500008,-3.43627977 1.92553389 -8.04500008,-3.5 -0.27628222 -8.04500008,-3.50103879 1.96132493 -8.04500008,-3.56144977 -0.3161881 -8.04500008,-3.56138325 2.00414157 -8.04500008,-3.61839151 -0.36229861 -8.04500008,-3.6165545 2.05344558 -8.04500008,-3.6702013 -0.41410857 -8.04500008,-3.66585827 2.10861659 -8.04500008,-3.71631193 -0.47105032 -8.04500008,-3.70867515 2.16896129 -8.04500008,-3.75621772 -0.53250003 -8.04500008,-3.74446607 2.2337203 -8.04500008,-3.78948188 -0.59778434 -8.04500008,-3.77278137 2.30207944 -8.04500008,-3.81573963 -0.66618812 -8.04500008,-3.79326487 2.37317896 -8.04500008,-3.83470321 -0.73696184 -8.04500008,-3.1500001 3.17980766 -8.04500008,-3.22387505 3.17565894 -8.04500008,-3.29682112 3.16326475 -8.04500008,-3.36792064 3.1427815 -8.04500008,-3.43627977 3.11446619 -8.04500008,-3.50103879 3.07867503 -8.04500008,-3.56138325 3.03585839 -8.04500008,-3.6165545 2.98655438 -8.04500008,-3.66585827 2.93138337 -8.04500008,-3.70867515 2.87103891 -8.04500008,-3.74446607 2.8062799 -8.04500008,-3.77278137 2.73792076 -8.04500008,-3.79326487 2.666821 -8.04500008,-3.80565882 2.59387493 -8.04500008,-3.80980754 2.51999998 -8.04500008,-3.80565882 2.44612503 -8.04500008,-5.5868082 6.39587688 -8.04500008,-5.51945925 6.41392326 -8.04500008,-5.82587719 6.1568079 -8.04500008,-5.84392309 6.08945942 -8.04500008,-5.6500001 6.36641026 -8.04500008,-5.75641775 6.27711487 -8.04500008,-5.70711517 6.32641792 -8.04500008,-5.79641008 6.21999979 -8.04500008,-3.8499999 -0.88249999 -8.04500008,-3.84616542 -0.80933005 -8.04500008,3.61839151 -4.80520153 -8.34500027,3.6702013 -4.75339127 -8.34500027,5.8499999 -6.68499994 -8.34500027,3.56144977 -4.85131168 -8.34500027,3.71631193 -4.69644976 -8.34500027,3.5 -4.89121771 -8.34500027,3.75621772 -4.63500023 -8.34500027,3.78948188 -4.5697155 -8.34500027,3.43471575 -4.92448187 -8.34500027,3.81573963 -4.50131178 -8.34500027,3.36631179 -4.95073938 -8.34500027,3.29553819 -4.9697032 -8.34500027,3.83470321 -4.43053818 -8.34500027,3.84616542 -4.35817003 -8.34500027,3.22317004 -4.98116541 -8.34500027,3.8499999 -4.28499985 -8.34500027,3.1500001 -4.98500013 -8.34500027,3.84616542 -4.21183014 -8.34500027,3.83470321 -4.13946199 -8.34500027,3.81573963 -4.06868792 -8.34500027,3.61839151 -3.76479864 -8.34500027,3.6165545 -1.34905446 -8.34500027,3.6702013 -3.81660867 -8.34500027,3.66585827 -1.29388332 -8.34500027,3.71631193 -3.87355042 -8.34500027,3.56138325 -1.39835835 -8.34500027,3.56144977 -3.71868801 -8.34500027,3.70867515 -1.23353887 -8.34500027,3.75621772 -3.93499994 -8.34500027,3.50103879 -1.4411751 -8.34500027,3.5 -3.67878222 -8.34500027,3.74446607 -1.16877985 -8.34500027,3.78948188 -4.00028419 -8.34500027,3.43471575 -3.64551806 -8.34500027,3.43627977 -1.47696614 -8.34500027,3.36631179 -3.61926055 -8.34500027,3.36792064 -1.50528145 -8.34500027,3.77278137 -1.10042059 -8.34500027,3.29553819 -3.60029674 -8.34500027,3.29682112 -1.52576482 -8.34500027,3.79326487 -1.02932096 -8.34500027,3.80565882 -0.956375 -8.34500027,3.22317004 -3.58883476 -8.34500027,3.22387505 -1.53815889 -8.34500027,3.1500001 -3.58500004 -8.34500027,3.1500001 -1.54230762 -8.34500027,3.80980754 -0.88249999 -8.34500027,3.56138325 -0.36664164 -8.34500027,3.61839151 1.99979866 -8.34500027,3.6165545 -0.41594556 -8.34500027,3.6702013 2.05160856 -8.34500027,3.66585827 -0.47111669 -8.34500027,3.71631193 2.10855031 -8.34500027,3.70867515 -0.53146118 -8.34500027,3.56144977 1.95368814 -8.34500027,3.50103879 -0.32382491 -8.34500027,3.5 1.91378224 -8.34500027,3.43627977 -0.28803387 -8.34500027,3.75621772 2.17000008 -8.34500027,3.74446607 -0.5962202 -8.34500027,3.43471575 1.8805182 -8.34500027,3.36792064 -0.2597186 -8.34500027,3.78948188 2.23528433 -8.34500027,3.77278137 -0.66457933 -8.34500027,3.36631179 1.85426044 -8.34500027,3.29682112 -0.23923513 -8.34500027,3.81573963 2.30368805 -8.34500027,3.79326487 -0.73567897 -8.34500027,3.83470321 2.37446189 -8.34500027,3.29553819 1.83529663 -8.34500027,3.22387505 -0.22684111 -8.34500027,3.22317004 1.82383466 -8.34500027,3.1500001 -0.22269239 -8.34500027,3.1500001 1.82000005 -8.34500027,-3.1500001 -4.98500013 -8.34500027,-3.71631193 -4.69644976 -8.34500027,-3.75621772 -4.63500023 -8.34500027,-3.6702013 -4.75339127 -8.34500027,-3.61839151 -4.80520153 -8.34500027,-3.56144977 -4.85131168 -8.34500027,-3.5 -4.89121771 -8.34500027,-3.43471575 -4.92448187 -8.34500027,-3.36631179 -4.95073938 -8.34500027,-3.29553819 -4.9697032 -8.34500027,-3.22317004 -4.98116541 -8.34500027,-3.78948188 -4.5697155 -8.34500027,-3.81573963 -4.50131178 -8.34500027,-3.83470321 -4.43053818 -8.34500027,-3.84616542 -4.35817003 -8.34500027,-3.1500001 -3.58500004 -8.34500027,-3.8499999 -4.28499985 -8.34500027,-3.84616542 -4.21183014 -8.34500027,-3.83470321 -4.13946199 -8.34500027,-3.81573963 -4.06868792 -8.34500027,3.84616542 2.44683003 -8.34500027,3.8499999 2.51999998 -8.34500027,3.84616542 2.59316993 -8.34500027,3.83470321 2.66553807 -8.34500027,3.81573963 2.73631191 -8.34500027,3.78948188 2.80471563 -8.34500027,3.75621772 2.86999989 -8.34500027,3.71631193 2.93144965 -8.34500027,3.6702013 2.9883914 -8.34500027,3.61839151 3.04020143 -8.34500027,3.56144977 3.08631182 -8.34500027,3.5 3.12621784 -8.34500027,3.80565882 -0.80862498 -8.34500027,5.75641775 6.27711487 -8.34500027,5.84392309 6.08945942 -8.34500027,5.82587719 6.1568079 -8.34500027,5.79641008 6.21999979 -8.34500027,5.6500001 6.36641026 -8.34500027,5.70711517 6.32641792 -8.34500027,5.51945925 6.41392326 -8.34500027,5.5868082 6.39587688 -8.34500027,-3.1500001 -1.54230762 -8.34500027,-3.22317004 -3.58883476 -8.34500027,-3.22387505 -1.53815889 -8.34500027,-3.29553819 -3.60029674 -8.34500027,-3.29682112 -1.52576482 -8.34500027,-3.36631179 -3.61926055 -8.34500027,-3.43471575 -3.64551806 -8.34500027,-3.36792064 -1.50528145 -8.34500027,-3.5 -3.67878222 -8.34500027,-3.43627977 -1.47696614 -8.34500027,-3.56144977 -3.71868801 -8.34500027,-3.50103879 -1.4411751 -8.34500027,-3.61839151 -3.76479864 -8.34500027,-3.56138325 -1.39835835 -8.34500027,-3.6702013 -3.81660867 -8.34500027,-3.6165545 -1.34905446 -8.34500027,-3.66585827 -1.29388332 -8.34500027,-3.71631193 -3.87355042 -8.34500027,-3.75621772 -3.93499994 -8.34500027,-3.70867515 -1.23353887 -8.34500027,-3.74446607 -1.16877985 -8.34500027,-3.78948188 -4.00028419 -8.34500027,-3.77278137 -1.10042059 -8.34500027,-3.79326487 -1.02932096 -8.34500027,-3.80565882 -0.956375 -8.34500027,3.43471575 3.15948176 -8.34500027,3.36631179 3.18573952 -8.34500027,3.29553819 3.20470333 -8.34500027,3.22317004 3.2161653 -8.34500027,3.1500001 3.22000003 -8.34500027,-3.1500001 -0.22269239 -8.34500027,-3.1500001 1.82000005 -8.34500027,-3.22317004 1.82383466 -8.34500027,-3.22387505 -0.22684111 -8.34500027,-3.29682112 -0.23923513 -8.34500027,-3.29553819 1.83529663 -8.34500027,-3.36792064 -0.2597186 -8.34500027,-3.36631179 1.85426044 -8.34500027,-3.43627977 -0.28803387 -8.34500027,-3.43471575 1.8805182 -8.34500027,-3.50103879 -0.32382491 -8.34500027,-3.5 1.91378224 -8.34500027,-3.56138325 -0.36664164 -8.34500027,-3.56144977 1.95368814 -8.34500027,-3.6165545 -0.41594556 -8.34500027,-3.61839151 1.99979866 -8.34500027,-3.66585827 -0.47111669 -8.34500027,-3.6702013 2.05160856 -8.34500027,-3.71631193 2.10855031 -8.34500027,-3.70867515 -0.53146118 -8.34500027,-3.74446607 -0.5962202 -8.34500027,-3.75621772 2.17000008 -8.34500027,-3.77278137 -0.66457933 -8.34500027,-3.78948188 2.23528433 -8.34500027,-3.79326487 -0.73567897 -8.34500027,-3.81573963 2.30368805 -8.34500027,-3.83470321 2.37446189 -8.34500027,-3.1500001 3.22000003 -8.34500027,-3.22317004 3.2161653 -8.34500027,-3.29553819 3.20470333 -8.34500027,-3.36631179 3.18573952 -8.34500027,-3.43471575 3.15948176 -8.34500027,-3.5 3.12621784 -8.34500027,-3.56144977 3.08631182 -8.34500027,-3.61839151 3.04020143 -8.34500027,-3.6702013 2.9883914 -8.34500027,-3.71631193 2.93144965 -8.34500027,-3.75621772 2.86999989 -8.34500027,-3.78948188 2.80471563 -8.34500027,-3.81573963 2.73631191 -8.34500027,-3.83470321 2.66553807 -8.34500027,-3.84616542 2.59316993 -8.34500027,-3.8499999 2.51999998 -8.34500027,-3.84616542 2.44683003 -8.34500027,-5.5868082 6.39587688 -8.34500027,-5.51945925 6.41392326 -8.34500027,-5.84392309 6.08945942 -8.34500027,-5.82587719 6.1568079 -8.34500027,-5.6500001 6.36641026 -8.34500027,-5.75641775 6.27711487 -8.34500027,-5.79641008 6.21999979 -8.34500027,-5.70711517 6.32641792 -8.34500027,-3.80980754 -0.88249999 -8.34500027,-3.80565882 -0.80862498 -8.34500027,3.40641785 6.82000017 -4.88788509,3.29999995 6.82000017 -4.79858971,3.35711503 6.82000017 -4.83858204,3.0999999 6.82000017 -4.74499989,3.23680806 6.82000017 -4.76912308,3.16945934 6.82000017 -4.7510767,3.49392319 6.82000017 -5.07554054,3.47587705 6.82000017 -5.00819206,3.44641018 6.82000017 -4.94500017,0.50606602 6.82000017 -5.48893404,0.45740253 6.82000017 -5.45641804,0.53858191 6.82000017 -5.53759766,0.53858191 6.82000017 -6.95240259,0.50606602 6.82000017 -7.00106621,0.45740253 6.82000017 -7.03358173,-0.45740253 6.82000017 -5.45641804,-3.0999999 6.82000017 -4.74499989,-0.50606602 6.82000017 -5.48893404,-0.53858191 6.82000017 -5.53759766,-3.16945934 6.82000017 -4.7510767,-3.35711503 6.82000017 -4.83858204,-3.23680806 6.82000017 -4.76912308,-3.29999995 6.82000017 -4.79858971,-3.44641018 6.82000017 -4.94500017,-3.40641785 6.82000017 -4.88788509,-3.47587705 6.82000017 -5.00819206,-3.49392319 6.82000017 -5.07554054,-0.53858191 6.82000017 -6.95240259,-0.50606602 6.82000017 -7.00106621,-0.45740253 6.82000017 -7.03358173,6.19641018 -6.68499994 -8.14500046,5.93660259 -6.68499994 -7.99499989,6.15641785 -6.68499994 -8.20211506,6.22587729 -6.68499994 -8.08180809,6.05000019 -6.68499994 -8.29141045,5.9000001 -6.68499994 -8.03160286,5.98680782 -6.68499994 -8.32087708,6.10711527 -6.68499994 -8.25141811,6.24392319 -6.68499994 -8.01445961,5.91945934 -6.68499994 -8.33892345,-3.20253253 -3.78518724 -8.48844433,-3.1500001 -3.78243423 -8.48844433,-3.23271966 -3.78928852 -8.48844433,-3.25448942 -3.7934165 -8.48844433,-3.20876741 -3.72586656 -8.46906376,-3.1500001 -3.72278666 -8.46906376,-3.24253726 -3.73045444 -8.46906376,-3.30530143 -3.80703139 -8.48844433,-3.26689076 -3.73507237 -8.46906376,-3.21444464 -3.67184949 -8.43770504,-3.1500001 -3.66847205 -8.43770504,-3.25147724 -3.6768806 -8.43770504,-3.35441208 -3.82588315 -8.48844433,-3.32373357 -3.75030327 -8.46906376,-3.27818346 -3.68194461 -8.43770504,-3.21931648 -3.62549686 -8.39573956,-3.1500001 -3.62186408 -8.39573956,-3.2591486 -3.63090849 -8.39573956,-3.38919497 -3.84300661 -8.48844433,-3.37867284 -3.77139258 -8.46906376,-3.34051752 -3.69864702 -8.43770504,-3.28787374 -3.6363554 -8.39573956,-3.41758394 -3.79054809 -8.46906376,-3.44540071 -3.87841558 -8.48844433,-3.40076447 -3.72177362 -8.43770504,-3.35492015 -3.65432024 -8.39573956,-3.4586823 -3.88840485 -8.48844433,-3.44343495 -3.74277973 -8.43770504,-3.48628211 -3.91152072 -8.48844433,-3.48046064 -3.8301599 -8.46906376,-3.4197216 -3.67919517 -8.39573956,-3.49531865 -3.84133458 -8.46906376,-3.46561766 -3.70178938 -8.39573956,-3.51974964 -3.94462132 -8.48844433,-3.5261941 -3.86719394 -8.46906376,-3.51238608 -3.7862184 -8.43770504,-3.52867937 -3.79847288 -8.43770504,-3.56363392 -3.9042232 -8.46906376,-3.55658436 -3.98959923 -8.48844433,-3.56253767 -3.82683039 -8.43770504,-3.53978157 -3.74851179 -8.39573956,-3.55730653 -3.76169276 -8.39573956,-3.5707314 -4.0101223 -8.48844433,-3.6035943 -3.86743689 -8.43770504,-3.58523488 -4.03371716 -8.48844433,-3.60484028 -3.9545393 -8.46906376,-3.59372449 -3.79219413 -8.39573956,-3.62066627 -3.97749853 -8.46906376,-3.60911679 -4.08058786 -8.48844433,-3.63788486 -3.83587027 -8.39573956,-3.63689113 -4.00389338 -8.46906376,-3.64878154 -3.92261386 -8.43770504,-3.6661365 -3.9477911 -8.43770504,-3.62796855 -4.12969875 -8.48844433,-3.66360736 -4.05632734 -8.46906376,-3.68392897 -3.97673607 -8.43770504,-3.68648815 -3.89521861 -8.39573956,-3.70515513 -3.92229915 -8.39573956,-3.63718748 -4.16162729 -8.48844433,-3.64158368 -4.18051052 -8.48844433,-3.68469667 -4.11126661 -8.46906376,-3.71322632 -4.03423548 -8.43770504,-3.72429252 -3.95343208 -8.39573956,-3.69500971 -4.14698458 -8.46906376,-3.6498127 -4.23246765 -8.48844433,-3.69992757 -4.16810942 -8.46906376,-3.73635292 -4.09448242 -8.43770504,-3.75580478 -4.01527834 -8.39573956,-3.74766231 -4.13365126 -8.43770504,-3.65256596 -4.28499985 -8.48844433,-3.70913363 -4.22623253 -8.46906376,-3.75305533 -4.15681648 -8.43770504,-3.7806797 -4.08007956 -8.39573956,-3.79284406 -4.12220955 -8.39573956,-3.65084934 -4.32650137 -8.48844433,-3.71221328 -4.28499985 -8.46906376,-3.76315045 -4.22055531 -8.43770504,-3.79864478 -4.1471262 -8.39573956,-3.71029305 -4.3314271 -8.46906376,-3.64158368 -4.38948917 -8.48844433,-3.76652789 -4.28499985 -8.43770504,-3.80950308 -4.21568346 -8.39573956,-3.63718748 -4.4083724 -8.48844433,-3.76442218 -4.3359127 -8.43770504,-3.62796855 -4.44030142 -8.48844433,-3.69992757 -4.40189075 -8.46906376,-3.81313586 -4.28499985 -8.39573956,-3.69500971 -4.42301512 -8.46906376,-3.81087089 -4.33976126 -8.39573956,-3.61023641 -4.4868784 -8.48844433,-3.68469667 -4.45873356 -8.46906376,-3.75305533 -4.41318321 -8.43770504,-3.74766231 -4.43634844 -8.43770504,-3.66486001 -4.51083851 -8.46906376,-3.58523488 -4.53628302 -8.48844433,-3.73635292 -4.47551775 -8.43770504,-3.79864478 -4.4228735 -8.39573956,-3.79284406 -4.44779015 -8.39573956,-3.5707314 -4.5598774 -8.48844433,-3.55658436 -4.58040094 -8.48844433,-3.71459985 -4.53265667 -8.43770504,-3.63689113 -4.5661068 -8.46906376,-3.7806797 -4.48992014 -8.39573956,-3.62066627 -4.59250164 -8.46906376,-3.52347922 -4.6212821 -8.48844433,-3.60484028 -4.61546087 -8.46906376,-3.75728202 -4.55137873 -8.39573956,-3.68392897 -4.5932641 -8.43770504,-3.6661365 -4.6222086 -8.43770504,-3.48628211 -4.65847921 -8.48844433,-3.56780601 -4.66119432 -8.46906376,-3.64878154 -4.64738607 -8.43770504,-3.72429252 -4.61656809 -8.39573956,-3.70515513 -4.64770079 -8.39573956,-3.4586823 -4.68159533 -8.48844433,-3.44540071 -4.69158411 -8.48844433,-3.5261941 -4.702806 -8.46906376,-3.60816956 -4.6975379 -8.43770504,-3.68648815 -4.67478132 -8.39573956,-3.49531865 -4.72866535 -8.46906376,-3.40128303 -4.72023487 -8.48844433,-3.48046064 -4.73984003 -8.46906376,-3.56253767 -4.74316978 -8.43770504,-3.64280605 -4.72872448 -8.39573956,-3.52867937 -4.77152729 -8.43770504,-3.35441208 -4.74411678 -8.48844433,-3.43110657 -4.77189112 -8.46906376,-3.51238608 -4.78378153 -8.43770504,-3.59372449 -4.77780581 -8.39573956,-3.55730653 -4.80830717 -8.39573956,-3.31318283 -4.76033545 -8.48844433,-3.37867284 -4.79860735 -8.46906376,-3.45826387 -4.81892872 -8.43770504,-3.53978157 -4.82148838 -8.39573956,-3.33255029 -4.816751 -8.46906376,-3.25448942 -4.77658367 -8.48844433,-3.40076447 -4.84822655 -8.43770504,-3.48156786 -4.85929251 -8.39573956,-3.23271966 -4.78071165 -8.48844433,-3.35018635 -4.86812258 -8.43770504,-3.20253253 -4.78481293 -8.48844433,-3.1500001 -4.78756571 -8.48844433,-3.26689076 -4.83492756 -8.46906376,-3.4197216 -4.89080477 -8.39573956,-3.24253726 -4.83954573 -8.46906376,-3.36531997 -4.91220522 -8.39573956,-3.20876741 -4.84413338 -8.46906376,-3.1500001 -4.84721327 -8.46906376,-3.27818346 -4.88805532 -8.43770504,-3.25147724 -4.89311934 -8.43770504,-3.21444464 -4.89815044 -8.43770504,-3.1500001 -4.90152788 -8.43770504,-3.28787374 -4.93364477 -8.39573956,-3.2591486 -4.93909168 -8.39573956,-3.21931648 -4.94450331 -8.39573956,-3.1500001 -4.94813585 -8.39573956,3.1500001 -3.78243423 -8.48844433,3.1500001 -3.72278666 -8.46906376,3.1500001 -3.66847205 -8.43770504,3.1500001 -3.62186408 -8.39573956,3.1500001 -4.78756571 -8.48844433,3.1500001 -4.84721327 -8.46906376,3.1500001 -4.90152788 -8.43770504,3.1500001 -4.94813585 -8.39573956,3.20253253 -4.78481293 -8.48844433,3.23271966 -4.78071165 -8.48844433,3.25448942 -4.77658367 -8.48844433,3.20876741 -4.84413338 -8.46906376,3.24253726 -4.83954573 -8.46906376,3.30530143 -4.76296854 -8.48844433,3.26689076 -4.83492756 -8.46906376,3.21444464 -4.89815044 -8.43770504,3.25147724 -4.89311934 -8.43770504,3.35441208 -4.74411678 -8.48844433,3.32373357 -4.8196969 -8.46906376,3.27818346 -4.88805532 -8.43770504,3.21931648 -4.94450331 -8.39573956,3.2591486 -4.93909168 -8.39573956,3.38919497 -4.72699356 -8.48844433,3.37867284 -4.79860735 -8.46906376,3.34051752 -4.87135315 -8.43770504,3.28787374 -4.93364477 -8.39573956,3.41758394 -4.77945185 -8.46906376,3.44540071 -4.69158411 -8.48844433,3.40076447 -4.84822655 -8.43770504,3.35492015 -4.91567945 -8.39573956,3.4586823 -4.68159533 -8.48844433,3.44343495 -4.82721996 -8.43770504,3.48628211 -4.65847921 -8.48844433,3.48046064 -4.73984003 -8.46906376,3.4197216 -4.89080477 -8.39573956,3.49531865 -4.72866535 -8.46906376,3.46561766 -4.86821032 -8.39573956,3.51974964 -4.62537861 -8.48844433,3.5261941 -4.702806 -8.46906376,3.51238608 -4.78378153 -8.43770504,3.52867937 -4.77152729 -8.43770504,3.56363392 -4.66577673 -8.46906376,3.55658436 -4.58040094 -8.48844433,3.56253767 -4.74316978 -8.43770504,3.53978157 -4.82148838 -8.39573956,3.55730653 -4.80830717 -8.39573956,3.5707314 -4.5598774 -8.48844433,3.6035943 -4.70256281 -8.43770504,3.58523488 -4.53628302 -8.48844433,3.60484028 -4.61546087 -8.46906376,3.59372449 -4.77780581 -8.39573956,3.62066627 -4.59250164 -8.46906376,3.60911679 -4.48941183 -8.48844433,3.63788486 -4.73412991 -8.39573956,3.63689113 -4.5661068 -8.46906376,3.64878154 -4.64738607 -8.43770504,3.6661365 -4.6222086 -8.43770504,3.62796855 -4.44030142 -8.48844433,3.66360736 -4.51367283 -8.46906376,3.68392897 -4.5932641 -8.43770504,3.68648815 -4.67478132 -8.39573956,3.70515513 -4.64770079 -8.39573956,3.63718748 -4.4083724 -8.48844433,3.64158368 -4.38948917 -8.48844433,3.68469667 -4.45873356 -8.46906376,3.71322632 -4.53576469 -8.43770504,3.72429252 -4.61656809 -8.39573956,3.69500971 -4.42301512 -8.46906376,3.6498127 -4.33753252 -8.48844433,3.69992757 -4.40189075 -8.46906376,3.73635292 -4.47551775 -8.43770504,3.75580478 -4.55472183 -8.39573956,3.74766231 -4.43634844 -8.43770504,3.65256596 -4.28499985 -8.48844433,3.70913363 -4.34376717 -8.46906376,3.75305533 -4.41318321 -8.43770504,3.7806797 -4.48992014 -8.39573956,3.79284406 -4.44779015 -8.39573956,3.65084934 -4.24349833 -8.48844433,3.71221328 -4.28499985 -8.46906376,3.76315045 -4.34944487 -8.43770504,3.79864478 -4.4228735 -8.39573956,3.71029305 -4.2385726 -8.46906376,3.64158368 -4.18051052 -8.48844433,3.76652789 -4.28499985 -8.43770504,3.80950308 -4.35431671 -8.39573956,3.63718748 -4.16162729 -8.48844433,3.76442218 -4.23408747 -8.43770504,3.62796855 -4.12969875 -8.48844433,3.69992757 -4.16810942 -8.46906376,3.81313586 -4.28499985 -8.39573956,3.69500971 -4.14698458 -8.46906376,3.81087089 -4.23023891 -8.39573956,3.61023641 -4.08312178 -8.48844433,3.68469667 -4.11126661 -8.46906376,3.75305533 -4.15681648 -8.43770504,3.74766231 -4.13365126 -8.43770504,3.66486001 -4.05916166 -8.46906376,3.58523488 -4.03371716 -8.48844433,3.73635292 -4.09448242 -8.43770504,3.79864478 -4.1471262 -8.39573956,3.79284406 -4.12220955 -8.39573956,3.5707314 -4.0101223 -8.48844433,3.55658436 -3.98959923 -8.48844433,3.71459985 -4.0373435 -8.43770504,3.63689113 -4.00389338 -8.46906376,3.7806797 -4.08007956 -8.39573956,3.62066627 -3.97749853 -8.46906376,3.52347922 -3.94871783 -8.48844433,3.60484028 -3.9545393 -8.46906376,3.75728202 -4.01862144 -8.39573956,3.68392897 -3.97673607 -8.43770504,3.6661365 -3.9477911 -8.43770504,3.48628211 -3.91152072 -8.48844433,3.56780601 -3.90880585 -8.46906376,3.64878154 -3.92261386 -8.43770504,3.72429252 -3.95343208 -8.39573956,3.70515513 -3.92229915 -8.39573956,3.4586823 -3.88840485 -8.48844433,3.44540071 -3.87841558 -8.48844433,3.5261941 -3.86719394 -8.46906376,3.60816956 -3.87246227 -8.43770504,3.68648815 -3.89521861 -8.39573956,3.49531865 -3.84133458 -8.46906376,3.40128303 -3.84976506 -8.48844433,3.48046064 -3.8301599 -8.46906376,3.56253767 -3.82683039 -8.43770504,3.64280605 -3.84127545 -8.39573956,3.52867937 -3.79847288 -8.43770504,3.35441208 -3.82588315 -8.48844433,3.43110657 -3.79810905 -8.46906376,3.51238608 -3.7862184 -8.43770504,3.59372449 -3.79219413 -8.39573956,3.55730653 -3.76169276 -8.39573956,3.31318283 -3.80966449 -8.48844433,3.37867284 -3.77139258 -8.46906376,3.45826387 -3.75107121 -8.43770504,3.53978157 -3.74851179 -8.39573956,3.33255029 -3.75324893 -8.46906376,3.25448942 -3.7934165 -8.48844433,3.40076447 -3.72177362 -8.43770504,3.48156786 -3.71070743 -8.39573956,3.23271966 -3.78928852 -8.48844433,3.35018635 -3.70187712 -8.43770504,3.20253253 -3.78518724 -8.48844433,3.26689076 -3.73507237 -8.46906376,3.4197216 -3.67919517 -8.39573956,3.24253726 -3.73045444 -8.46906376,3.36531997 -3.65779471 -8.39573956,3.20876741 -3.72586656 -8.46906376,3.27818346 -3.68194461 -8.43770504,3.25147724 -3.6768806 -8.43770504,3.21444464 -3.67184949 -8.43770504,3.28787374 -3.6363554 -8.39573956,3.2591486 -3.63090849 -8.39573956,3.21931648 -3.62549686 -8.39573956,-3.21689129 -3.69132233 -8.05155563,-3.1500001 -3.6875658 -8.05155563,-3.25977826 -3.69773841 -8.05155563,-3.28294158 -3.70254469 -8.05155563,-3.21021295 -3.75059485 -8.0709362,-3.1500001 -3.74721336 -8.0709362,-3.24881792 -3.75637031 -8.0709362,-3.34732008 -3.72109199 -8.05155563,-3.26966882 -3.76069689 -8.0709362,-3.2041316 -3.80456781 -8.10229492,-3.1500001 -3.80152798 -8.10229492,-3.23883772 -3.80976009 -8.10229492,-3.40921688 -3.74673057 -8.05155563,-3.32761955 -3.77739215 -8.0709362,-3.25758266 -3.81364965 -8.10229492,-3.19891334 -3.85088277 -8.14426041,-3.1500001 -3.84813571 -8.14426041,-3.23027349 -3.85557437 -8.14426041,-3.46450853 -3.77705121 -8.05155563,-3.38333678 -3.80047107 -8.0709362,-3.3096807 -3.82865882 -8.10229492,-3.24721146 -3.8590889 -8.14426041,-3.52249408 -3.81790709 -8.05155563,-3.43310809 -3.82776451 -8.0709362,-3.35977077 -3.84940672 -8.10229492,-3.2942872 -3.8726511 -8.14426041,-3.5524888 -3.84349084 -8.05155563,-3.57244968 -3.86255026 -8.05155563,-3.48530459 -3.86454153 -8.0709362,-3.40451527 -3.87394381 -8.10229492,-3.33954835 -3.89139891 -8.14426041,-3.51230454 -3.88757086 -8.0709362,-3.61709285 -3.91250587 -8.05155563,-3.53027248 -3.90472746 -8.0709362,-3.45143986 -3.90700626 -8.10229492,-3.37997937 -3.91357064 -8.14426041,-3.47571301 -3.92770982 -8.10229492,-3.65586185 -3.96714592 -8.05155563,-3.57045841 -3.94969559 -8.0709362,-3.49186635 -3.94313359 -8.10229492,-3.42238045 -3.94344592 -8.14426041,-3.44431353 -3.96215343 -8.14426041,-3.6848011 -4.0187006 -8.05155563,-3.60535693 -3.99888015 -8.0709362,-3.52799368 -3.98356009 -8.10229492,-3.45890951 -3.97609043 -8.14426041,-3.63140678 -4.04528809 -8.0709362,-3.7139082 -4.08767986 -8.05155563,-3.55936742 -4.02777719 -8.10229492,-3.49155426 -4.0126195 -8.14426041,-3.72462749 -4.12150431 -8.05155563,-3.73245525 -4.1520586 -8.05155563,-3.58278632 -4.06949806 -8.10229492,-3.65760779 -4.10738039 -8.0709362,-3.51990342 -4.05257416 -8.14426041,-3.66725707 -4.13782787 -8.0709362,-3.74367762 -4.21810865 -8.05155563,-3.67430329 -4.16533136 -8.0709362,-3.54106474 -4.0902729 -8.14426041,-3.60634112 -4.12531948 -8.10229492,-3.61501575 -4.15269136 -8.10229492,-3.74743414 -4.28499985 -8.05155563,-3.68440509 -4.22478724 -8.0709362,-3.62135029 -4.17741728 -8.10229492,-3.56234884 -4.14071274 -8.14426041,-3.57018709 -4.16544628 -8.14426041,-3.74488568 -4.34012413 -8.05155563,-3.68778658 -4.28499985 -8.0709362,-3.63043213 -4.23086834 -8.10229492,-3.57591105 -4.18778849 -8.14426041,-3.68549252 -4.33462048 -8.0709362,-3.73245525 -4.41794157 -8.05155563,-3.63347197 -4.28499985 -8.10229492,-3.58411717 -4.23608685 -8.14426041,-3.72462749 -4.44849539 -8.05155563,-3.63140965 -4.32960939 -8.10229492,-3.7139082 -4.48231983 -8.05155563,-3.67430329 -4.40466881 -8.0709362,-3.58686423 -4.28499985 -8.14426041,-3.66725707 -4.4321723 -8.0709362,-3.68826962 -4.54421711 -8.05155563,-3.58500051 -4.3253088 -8.14426041,-3.65760779 -4.46261978 -8.0709362,-3.62135029 -4.39258242 -8.10229492,-3.61501575 -4.41730833 -8.10229492,-3.65586185 -4.60285425 -8.05155563,-3.63452911 -4.51833677 -8.0709362,-3.60634112 -4.44468069 -8.10229492,-3.57591105 -4.38221121 -8.14426041,-3.57018709 -4.40455341 -8.14426041,-3.62676263 -4.64503431 -8.05155563,-3.60535693 -4.57111979 -8.0709362,-3.58559322 -4.49477053 -8.10229492,-3.56234884 -4.42928696 -8.14426041,-3.57916307 -4.6090889 -8.0709362,-3.57244968 -4.70744991 -8.05155563,-3.55936742 -4.5422225 -8.10229492,-3.54360104 -4.47454834 -8.14426041,-3.5524888 -4.72650909 -8.05155563,-3.53581905 -4.57635689 -8.10229492,-3.52249408 -4.75209284 -8.05155563,-3.53027248 -4.66527271 -8.0709362,-3.51990342 -4.51742554 -8.14426041,-3.51230454 -4.68242931 -8.0709362,-3.49862504 -4.54826927 -8.14426041,-3.46785402 -4.79086208 -8.05155563,-3.48530459 -4.70545864 -8.0709362,-3.49186635 -4.62686634 -8.10229492,-3.47571301 -4.64229012 -8.10229492,-3.40921688 -4.82326937 -8.05155563,-3.43611979 -4.74035692 -8.0709362,-3.45143986 -4.66299343 -8.10229492,-3.45890951 -4.59390974 -8.14426041,-3.44431353 -4.60784674 -8.14426041,-3.36581802 -4.84209061 -8.05155563,-3.38333678 -4.76952887 -8.0709362,-3.40722275 -4.69436741 -8.10229492,-3.42238045 -4.62655401 -8.14426041,-3.34427094 -4.78647089 -8.0709362,-3.28294158 -4.86745501 -8.05155563,-3.35977077 -4.72059345 -8.10229492,-3.38242579 -4.65490341 -8.14426041,-3.25977826 -4.87226152 -8.05155563,-3.32465029 -4.73582411 -8.10229492,-3.21689129 -4.87867737 -8.05155563,-3.1500001 -4.88243389 -8.05155563,-3.26966882 -4.80930328 -8.0709362,-3.33954835 -4.67860079 -8.14426041,-3.24881792 -4.81362963 -8.0709362,-3.30781364 -4.69236374 -8.14426041,-3.21021295 -4.81940508 -8.0709362,-3.1500001 -4.82278681 -8.0709362,-3.25758266 -4.75635052 -8.10229492,-3.23883772 -4.76024008 -8.10229492,-3.2041316 -4.76543188 -8.10229492,-3.1500001 -4.76847219 -8.10229492,-3.24721146 -4.71091127 -8.14426041,-3.23027349 -4.71442556 -8.14426041,-3.19891334 -4.71911716 -8.14426041,-3.1500001 -4.72186422 -8.14426041,3.1500001 -3.84813571 -8.14426041,3.1500001 -3.80152798 -8.10229492,3.1500001 -3.74721336 -8.0709362,3.1500001 -3.6875658 -8.05155563,3.1500001 -4.72186422 -8.14426041,3.1500001 -4.76847219 -8.10229492,3.1500001 -4.82278681 -8.0709362,3.1500001 -4.88243389 -8.05155563,3.21689129 -4.87867737 -8.05155563,3.25977826 -4.87226152 -8.05155563,3.28294158 -4.86745501 -8.05155563,3.21021295 -4.81940508 -8.0709362,3.24881792 -4.81362963 -8.0709362,3.34732008 -4.84890795 -8.05155563,3.26966882 -4.80930328 -8.0709362,3.2041316 -4.76543188 -8.10229492,3.23883772 -4.76024008 -8.10229492,3.40921688 -4.82326937 -8.05155563,3.32761955 -4.79260778 -8.0709362,3.25758266 -4.75635052 -8.10229492,3.19891334 -4.71911716 -8.14426041,3.23027349 -4.71442556 -8.14426041,3.46450853 -4.79294872 -8.05155563,3.38333678 -4.76952887 -8.0709362,3.3096807 -4.74134111 -8.10229492,3.24721146 -4.71091127 -8.14426041,3.52249408 -4.75209284 -8.05155563,3.43310809 -4.74223518 -8.0709362,3.35977077 -4.72059345 -8.10229492,3.2942872 -4.69734859 -8.14426041,3.5524888 -4.72650909 -8.05155563,3.57244968 -4.70744991 -8.05155563,3.48530459 -4.70545864 -8.0709362,3.40451527 -4.69605637 -8.10229492,3.33954835 -4.67860079 -8.14426041,3.51230454 -4.68242931 -8.0709362,3.61709285 -4.65749407 -8.05155563,3.53027248 -4.66527271 -8.0709362,3.45143986 -4.66299343 -8.10229492,3.37997937 -4.65642929 -8.14426041,3.47571301 -4.64229012 -8.10229492,3.65586185 -4.60285425 -8.05155563,3.57045841 -4.62030458 -8.0709362,3.49186635 -4.62686634 -8.10229492,3.42238045 -4.62655401 -8.14426041,3.44431353 -4.60784674 -8.14426041,3.6848011 -4.5512991 -8.05155563,3.60535693 -4.57111979 -8.0709362,3.52799368 -4.58644009 -8.10229492,3.45890951 -4.59390974 -8.14426041,3.63140678 -4.52471209 -8.0709362,3.7139082 -4.48231983 -8.05155563,3.55936742 -4.5422225 -8.10229492,3.49155426 -4.5573802 -8.14426041,3.72462749 -4.44849539 -8.05155563,3.73245525 -4.41794157 -8.05155563,3.58278632 -4.50050211 -8.10229492,3.65760779 -4.46261978 -8.0709362,3.51990342 -4.51742554 -8.14426041,3.66725707 -4.4321723 -8.0709362,3.74367762 -4.35189152 -8.05155563,3.67430329 -4.40466881 -8.0709362,3.54106474 -4.47972727 -8.14426041,3.60634112 -4.44468069 -8.10229492,3.61501575 -4.41730833 -8.10229492,3.74743414 -4.28499985 -8.05155563,3.68440509 -4.34521294 -8.0709362,3.62135029 -4.39258242 -8.10229492,3.56234884 -4.42928696 -8.14426041,3.57018709 -4.40455341 -8.14426041,3.74488568 -4.22987556 -8.05155563,3.68778658 -4.28499985 -8.0709362,3.63043213 -4.33913183 -8.10229492,3.57591105 -4.38221121 -8.14426041,3.68549252 -4.23537922 -8.0709362,3.73245525 -4.1520586 -8.05155563,3.63347197 -4.28499985 -8.10229492,3.58411717 -4.33391333 -8.14426041,3.72462749 -4.12150431 -8.05155563,3.63140965 -4.24039078 -8.10229492,3.7139082 -4.08767986 -8.05155563,3.67430329 -4.16533136 -8.0709362,3.58686423 -4.28499985 -8.14426041,3.66725707 -4.13782787 -8.0709362,3.68826962 -4.02578306 -8.05155563,3.58500051 -4.24469137 -8.14426041,3.65760779 -4.10738039 -8.0709362,3.62135029 -4.17741728 -8.10229492,3.61501575 -4.15269136 -8.10229492,3.65586185 -3.96714592 -8.05155563,3.63452911 -4.05166292 -8.0709362,3.60634112 -4.12531948 -8.10229492,3.57591105 -4.18778849 -8.14426041,3.57018709 -4.16544628 -8.14426041,3.62676263 -3.92496562 -8.05155563,3.60535693 -3.99888015 -8.0709362,3.58559322 -4.07522917 -8.10229492,3.56234884 -4.14071274 -8.14426041,3.57916307 -3.96091104 -8.0709362,3.57244968 -3.86255026 -8.05155563,3.55936742 -4.02777719 -8.10229492,3.54360104 -4.09545183 -8.14426041,3.5524888 -3.84349084 -8.05155563,3.53581905 -3.99364305 -8.10229492,3.52249408 -3.81790709 -8.05155563,3.53027248 -3.90472746 -8.0709362,3.51990342 -4.05257416 -8.14426041,3.51230454 -3.88757086 -8.0709362,3.49862504 -4.02173042 -8.14426041,3.46785402 -3.77913809 -8.05155563,3.48530459 -3.86454153 -8.0709362,3.49186635 -3.94313359 -8.10229492,3.47571301 -3.92770982 -8.10229492,3.40921688 -3.74673057 -8.05155563,3.43611979 -3.82964301 -8.0709362,3.45143986 -3.90700626 -8.10229492,3.45890951 -3.97609043 -8.14426041,3.44431353 -3.96215343 -8.14426041,3.36581802 -3.72790933 -8.05155563,3.38333678 -3.80047107 -8.0709362,3.40722275 -3.87563252 -8.10229492,3.42238045 -3.94344592 -8.14426041,3.34427094 -3.7835288 -8.0709362,3.28294158 -3.70254469 -8.05155563,3.35977077 -3.84940672 -8.10229492,3.38242579 -3.91509652 -8.14426041,3.25977826 -3.69773841 -8.05155563,3.32465029 -3.83417583 -8.10229492,3.21689129 -3.69132233 -8.05155563,3.26966882 -3.76069689 -8.0709362,3.33954835 -3.89139891 -8.14426041,3.24881792 -3.75637031 -8.0709362,3.30781364 -3.87763619 -8.14426041,3.21021295 -3.75059485 -8.0709362,3.25758266 -3.81364965 -8.10229492,3.23883772 -3.80976009 -8.10229492,3.2041316 -3.80456781 -8.10229492,3.24721146 -3.8590889 -8.14426041,3.23027349 -3.85557437 -8.14426041,3.19891334 -3.85088277 -8.14426041,-3.20253253 3.01981282 -8.48844433,-3.1500001 3.02256584 -8.48844433,-3.23271966 3.01571155 -8.48844433,-3.25448942 3.01158357 -8.48844433,-3.20876741 3.07913351 -8.46906376,-3.1500001 3.0822134 -8.46906376,-3.24253726 3.07454562 -8.46906376,-3.30530143 2.99796867 -8.48844433,-3.26689076 3.06992769 -8.46906376,-3.21444464 3.13315058 -8.43770504,-3.1500001 3.13652802 -8.43770504,-3.25147724 3.12811923 -8.43770504,-3.35441208 2.97911668 -8.48844433,-3.32373357 3.0546968 -8.46906376,-3.27818346 3.12305546 -8.43770504,-3.21931648 3.1795032 -8.39573956,-3.1500001 3.18313575 -8.39573956,-3.2591486 3.17409158 -8.39573956,-3.38919497 2.96199346 -8.48844433,-3.37867284 3.03360748 -8.46906376,-3.34051752 3.10635304 -8.43770504,-3.28787374 3.16864467 -8.39573956,-3.41758394 3.01445198 -8.46906376,-3.44540071 2.92658424 -8.48844433,-3.40076447 3.0832262 -8.43770504,-3.35492015 3.15067959 -8.39573956,-3.4586823 2.91659498 -8.48844433,-3.44343495 3.0622201 -8.43770504,-3.48628211 2.89347935 -8.48844433,-3.48046064 2.97484016 -8.46906376,-3.4197216 3.12580466 -8.39573956,-3.49531865 2.96366525 -8.46906376,-3.46561766 3.10321045 -8.39573956,-3.51974964 2.8603785 -8.48844433,-3.5261941 2.93780589 -8.46906376,-3.51238608 3.01878166 -8.43770504,-3.52867937 3.00652719 -8.43770504,-3.56363392 2.90077686 -8.46906376,-3.55658436 2.81540084 -8.48844433,-3.56253767 2.97816944 -8.43770504,-3.53978157 3.05648804 -8.39573956,-3.55730653 3.0433073 -8.39573956,-3.5707314 2.79487753 -8.48844433,-3.6035943 2.93756294 -8.43770504,-3.58523488 2.77128291 -8.48844433,-3.60484028 2.85046077 -8.46906376,-3.59372449 3.01280594 -8.39573956,-3.62066627 2.82750154 -8.46906376,-3.60911679 2.72441196 -8.48844433,-3.63788486 2.96912956 -8.39573956,-3.63689113 2.80110669 -8.46906376,-3.64878154 2.88238597 -8.43770504,-3.6661365 2.85720873 -8.43770504,-3.62796855 2.67530131 -8.48844433,-3.66360736 2.74867272 -8.46906376,-3.68392897 2.828264 -8.43770504,-3.68648815 2.90978146 -8.39573956,-3.70515513 2.88270092 -8.39573956,-3.63718748 2.64337254 -8.48844433,-3.64158368 2.62448931 -8.48844433,-3.68469667 2.69373345 -8.46906376,-3.71322632 2.77076459 -8.43770504,-3.72429252 2.85156798 -8.39573956,-3.69500971 2.65801525 -8.46906376,-3.6498127 2.57253242 -8.48844433,-3.69992757 2.63689065 -8.46906376,-3.73635292 2.71051764 -8.43770504,-3.75580478 2.78972173 -8.39573956,-3.74766231 2.67134857 -8.43770504,-3.65256596 2.51999998 -8.48844433,-3.70913363 2.5787673 -8.46906376,-3.75305533 2.64818335 -8.43770504,-3.7806797 2.72492027 -8.39573956,-3.79284406 2.68279028 -8.39573956,-3.65084934 2.47849846 -8.48844433,-3.71221328 2.51999998 -8.46906376,-3.76315045 2.58444476 -8.43770504,-3.79864478 2.65787363 -8.39573956,-3.71029305 2.47357273 -8.46906376,-3.64158368 2.41551065 -8.48844433,-3.76652789 2.51999998 -8.43770504,-3.80950308 2.58931661 -8.39573956,-3.63718748 2.39662743 -8.48844433,-3.76442218 2.4690876 -8.43770504,-3.62796855 2.36469865 -8.48844433,-3.69992757 2.40310931 -8.46906376,-3.81313586 2.51999998 -8.39573956,-3.69500971 2.38198471 -8.46906376,-3.81087089 2.46523857 -8.39573956,-3.61023641 2.31812167 -8.48844433,-3.68469667 2.34626651 -8.46906376,-3.75305533 2.39181662 -8.43770504,-3.74766231 2.36865139 -8.43770504,-3.66486001 2.29416156 -8.46906376,-3.58523488 2.26871705 -8.48844433,-3.73635292 2.32948232 -8.43770504,-3.79864478 2.38212633 -8.39573956,-3.79284406 2.35720968 -8.39573956,-3.5707314 2.24512243 -8.48844433,-3.55658436 2.22459912 -8.48844433,-3.71459985 2.27234364 -8.43770504,-3.63689113 2.23889327 -8.46906376,-3.7806797 2.31507969 -8.39573956,-3.62066627 2.21249843 -8.46906376,-3.52347922 2.18371773 -8.48844433,-3.60484028 2.18953919 -8.46906376,-3.75728202 2.25362134 -8.39573956,-3.68392897 2.21173596 -8.43770504,-3.6661365 2.18279123 -8.43770504,-3.48628211 2.14652085 -8.48844433,-3.56780601 2.14380574 -8.46906376,-3.64878154 2.15761399 -8.43770504,-3.72429252 2.18843198 -8.39573956,-3.70515513 2.15729904 -8.39573956,-3.4586823 2.12340498 -8.48844433,-3.44540071 2.11341572 -8.48844433,-3.5261941 2.10219407 -8.46906376,-3.60816956 2.10746217 -8.43770504,-3.68648815 2.13021851 -8.39573956,-3.49531865 2.07633471 -8.46906376,-3.40128303 2.0847652 -8.48844433,-3.48046064 2.0651598 -8.46906376,-3.56253767 2.06183052 -8.43770504,-3.64280605 2.07627559 -8.39573956,-3.52867937 2.03347278 -8.43770504,-3.35441208 2.06088328 -8.48844433,-3.43110657 2.03310895 -8.46906376,-3.51238608 2.0212183 -8.43770504,-3.59372449 2.02719402 -8.39573956,-3.55730653 1.99669266 -8.39573956,-3.31318283 2.04466462 -8.48844433,-3.37867284 2.00639248 -8.46906376,-3.45826387 1.98607111 -8.43770504,-3.53978157 1.98351181 -8.39573956,-3.33255029 1.98824894 -8.46906376,-3.25448942 2.0284164 -8.48844433,-3.40076447 1.95677364 -8.43770504,-3.48156786 1.94570756 -8.39573956,-3.23271966 2.02428842 -8.48844433,-3.35018635 1.93687725 -8.43770504,-3.20253253 2.02018714 -8.48844433,-3.1500001 2.01743412 -8.48844433,-3.26689076 1.97007239 -8.46906376,-3.4197216 1.9141953 -8.39573956,-3.24253726 1.96545446 -8.46906376,-3.36531997 1.89279473 -8.39573956,-3.20876741 1.96086645 -8.46906376,-3.1500001 1.95778668 -8.46906376,-3.1500001 1.90347207 -8.43770504,-3.27818346 1.91694462 -8.43770504,-3.25147724 1.91188073 -8.43770504,-3.21444464 1.9068495 -8.43770504,-3.28787374 1.8713553 -8.39573956,-3.2591486 1.8659085 -8.39573956,-3.21931648 1.86049688 -8.39573956,-3.1500001 1.85686421 -8.39573956,3.1500001 3.02256584 -8.48844433,3.1500001 3.0822134 -8.46906376,3.1500001 3.13652802 -8.43770504,3.1500001 3.18313575 -8.39573956,3.1500001 2.01743412 -8.48844433,3.1500001 1.95778668 -8.46906376,3.1500001 1.90347207 -8.43770504,3.1500001 1.85686421 -8.39573956,3.20253253 2.02018714 -8.48844433,3.23271966 2.02428842 -8.48844433,3.25448942 2.0284164 -8.48844433,3.20876741 1.96086645 -8.46906376,3.24253726 1.96545446 -8.46906376,3.30530143 2.04203153 -8.48844433,3.26689076 1.97007239 -8.46906376,3.21444464 1.9068495 -8.43770504,3.25147724 1.91188073 -8.43770504,3.35441208 2.06088328 -8.48844433,3.32373357 1.98530328 -8.46906376,3.27818346 1.91694462 -8.43770504,3.21931648 1.86049688 -8.39573956,3.2591486 1.8659085 -8.39573956,3.38919497 2.07800651 -8.48844433,3.37867284 2.00639248 -8.46906376,3.34051752 1.93364704 -8.43770504,3.28787374 1.8713553 -8.39573956,3.41758394 2.02554798 -8.46906376,3.44540071 2.11341572 -8.48844433,3.40076447 1.95677364 -8.43770504,3.35492015 1.88932037 -8.39573956,3.4586823 2.12340498 -8.48844433,3.44343495 1.97777987 -8.43770504,3.48628211 2.14652085 -8.48844433,3.48046064 2.0651598 -8.46906376,3.4197216 1.9141953 -8.39573956,3.49531865 2.07633471 -8.46906376,3.46561766 1.93678939 -8.39573956,3.51974964 2.17962146 -8.48844433,3.5261941 2.10219407 -8.46906376,3.51238608 2.0212183 -8.43770504,3.52867937 2.03347278 -8.43770504,3.56363392 2.13922334 -8.46906376,3.55658436 2.22459912 -8.48844433,3.56253767 2.06183052 -8.43770504,3.53978157 1.98351181 -8.39573956,3.55730653 1.99669266 -8.39573956,3.5707314 2.24512243 -8.48844433,3.6035943 2.10243702 -8.43770504,3.58523488 2.26871705 -8.48844433,3.60484028 2.18953919 -8.46906376,3.59372449 2.02719402 -8.39573956,3.62066627 2.21249843 -8.46906376,3.60911679 2.315588 -8.48844433,3.63788486 2.0708704 -8.39573956,3.63689113 2.23889327 -8.46906376,3.64878154 2.15761399 -8.43770504,3.6661365 2.18279123 -8.43770504,3.62796855 2.36469865 -8.48844433,3.66360736 2.29132724 -8.46906376,3.68392897 2.21173596 -8.43770504,3.68648815 2.13021851 -8.39573956,3.70515513 2.15729904 -8.39573956,3.63718748 2.39662743 -8.48844433,3.64158368 2.41551065 -8.48844433,3.68469667 2.34626651 -8.46906376,3.71322632 2.26923537 -8.43770504,3.72429252 2.18843198 -8.39573956,3.69500971 2.38198471 -8.46906376,3.6498127 2.46746755 -8.48844433,3.69992757 2.40310931 -8.46906376,3.73635292 2.32948232 -8.43770504,3.75580478 2.25027847 -8.39573956,3.74766231 2.36865139 -8.43770504,3.65256596 2.51999998 -8.48844433,3.70913363 2.46123266 -8.46906376,3.75305533 2.39181662 -8.43770504,3.7806797 2.31507969 -8.39573956,3.79284406 2.35720968 -8.39573956,3.65084934 2.5615015 -8.48844433,3.71221328 2.51999998 -8.46906376,3.76315045 2.4555552 -8.43770504,3.79864478 2.38212633 -8.39573956,3.71029305 2.56642723 -8.46906376,3.64158368 2.62448931 -8.48844433,3.76652789 2.51999998 -8.43770504,3.80950308 2.45068336 -8.39573956,3.63718748 2.64337254 -8.48844433,3.76442218 2.57091236 -8.43770504,3.62796855 2.67530131 -8.48844433,3.69992757 2.63689065 -8.46906376,3.81313586 2.51999998 -8.39573956,3.69500971 2.65801525 -8.46906376,3.81087089 2.57476139 -8.39573956,3.61023641 2.72187853 -8.48844433,3.68469667 2.69373345 -8.46906376,3.75305533 2.64818335 -8.43770504,3.74766231 2.67134857 -8.43770504,3.66486001 2.74583864 -8.46906376,3.58523488 2.77128291 -8.48844433,3.73635292 2.71051764 -8.43770504,3.79864478 2.65787363 -8.39573956,3.79284406 2.68279028 -8.39573956,3.5707314 2.79487753 -8.48844433,3.55658436 2.81540084 -8.48844433,3.71459985 2.76765656 -8.43770504,3.63689113 2.80110669 -8.46906376,3.7806797 2.72492027 -8.39573956,3.62066627 2.82750154 -8.46906376,3.52347922 2.85628223 -8.48844433,3.60484028 2.85046077 -8.46906376,3.75728202 2.78637862 -8.39573956,3.68392897 2.828264 -8.43770504,3.6661365 2.85720873 -8.43770504,3.48628211 2.89347935 -8.48844433,3.56780601 2.89619422 -8.46906376,3.64878154 2.88238597 -8.43770504,3.72429252 2.85156798 -8.39573956,3.70515513 2.88270092 -8.39573956,3.4586823 2.91659498 -8.48844433,3.44540071 2.92658424 -8.48844433,3.5261941 2.93780589 -8.46906376,3.60816956 2.93253779 -8.43770504,3.68648815 2.90978146 -8.39573956,3.49531865 2.96366525 -8.46906376,3.40128303 2.95523477 -8.48844433,3.48046064 2.97484016 -8.46906376,3.56253767 2.97816944 -8.43770504,3.64280605 2.96372437 -8.39573956,3.52867937 3.00652719 -8.43770504,3.35441208 2.97911668 -8.48844433,3.43110657 3.00689101 -8.46906376,3.51238608 3.01878166 -8.43770504,3.59372449 3.01280594 -8.39573956,3.55730653 3.0433073 -8.39573956,3.31318283 2.99533558 -8.48844433,3.37867284 3.03360748 -8.46906376,3.45826387 3.05392885 -8.43770504,3.53978157 3.05648804 -8.39573956,3.33255029 3.05175114 -8.46906376,3.25448942 3.01158357 -8.48844433,3.40076447 3.0832262 -8.43770504,3.48156786 3.0942924 -8.39573956,3.23271966 3.01571155 -8.48844433,3.35018635 3.10312271 -8.43770504,3.20253253 3.01981282 -8.48844433,3.26689076 3.06992769 -8.46906376,3.4197216 3.12580466 -8.39573956,3.24253726 3.07454562 -8.46906376,3.36531997 3.14720535 -8.39573956,3.20876741 3.07913351 -8.46906376,3.27818346 3.12305546 -8.43770504,3.25147724 3.12811923 -8.43770504,3.21444464 3.13315058 -8.43770504,3.28787374 3.16864467 -8.39573956,3.2591486 3.17409158 -8.39573956,3.21931648 3.1795032 -8.39573956,-3.21689129 3.1136775 -8.05155563,-3.1500001 3.11743402 -8.05155563,-3.25977826 3.10726166 -8.05155563,-3.28294158 3.10245514 -8.05155563,-3.21021295 3.05440521 -8.0709362,-3.1500001 3.0577867 -8.0709362,-3.24881792 3.04862976 -8.0709362,-3.34732008 3.08390808 -8.05155563,-3.26966882 3.04430318 -8.0709362,-3.2041316 3.00043201 -8.10229492,-3.1500001 3.00347209 -8.10229492,-3.23883772 2.99523997 -8.10229492,-3.40921688 3.0582695 -8.05155563,-3.32761955 3.02760792 -8.0709362,-3.25758266 2.99135041 -8.10229492,-3.19891334 2.9541173 -8.14426041,-3.1500001 2.95686412 -8.14426041,-3.23027349 2.9494257 -8.14426041,-3.46450853 3.02794862 -8.05155563,-3.38333678 3.004529 -8.0709362,-3.3096807 2.97634125 -8.10229492,-3.24721146 2.94591117 -8.14426041,-3.52249408 2.98709273 -8.05155563,-3.43310809 2.97723532 -8.0709362,-3.35977077 2.95559335 -8.10229492,-3.2942872 2.93234873 -8.14426041,-3.5524888 2.96150923 -8.05155563,-3.57244968 2.94244981 -8.05155563,-3.48530459 2.94045854 -8.0709362,-3.40451527 2.93105626 -8.10229492,-3.33954835 2.91360092 -8.14426041,-3.51230454 2.91742921 -8.0709362,-3.61709285 2.89249396 -8.05155563,-3.53027248 2.90027261 -8.0709362,-3.45143986 2.89799356 -8.10229492,-3.37997937 2.89142942 -8.14426041,-3.47571301 2.87729025 -8.10229492,-3.65586185 2.83785415 -8.05155563,-3.57045841 2.85530448 -8.0709362,-3.49186635 2.86186647 -8.10229492,-3.42238045 2.86155415 -8.14426041,-3.44431353 2.84284663 -8.14426041,-3.6848011 2.78629923 -8.05155563,-3.60535693 2.80611968 -8.0709362,-3.52799368 2.82143998 -8.10229492,-3.45890951 2.82890964 -8.14426041,-3.63140678 2.75971222 -8.0709362,-3.7139082 2.71731997 -8.05155563,-3.55936742 2.77722263 -8.10229492,-3.49155426 2.79238033 -8.14426041,-3.72462749 2.68349552 -8.05155563,-3.73245525 2.6529417 -8.05155563,-3.58278632 2.735502 -8.10229492,-3.65760779 2.69761968 -8.0709362,-3.51990342 2.75242567 -8.14426041,-3.66725707 2.66717219 -8.0709362,-3.74367762 2.58689141 -8.05155563,-3.67430329 2.6396687 -8.0709362,-3.54106474 2.71472716 -8.14426041,-3.60634112 2.67968059 -8.10229492,-3.61501575 2.65230846 -8.10229492,-3.74743414 2.51999998 -8.05155563,-3.68440509 2.58021307 -8.0709362,-3.62135029 2.62758255 -8.10229492,-3.56234884 2.66428709 -8.14426041,-3.57018709 2.63955355 -8.14426041,-3.74488568 2.4648757 -8.05155563,-3.68778658 2.51999998 -8.0709362,-3.63043213 2.57413173 -8.10229492,-3.57591105 2.61721134 -8.14426041,-3.68549252 2.47037935 -8.0709362,-3.73245525 2.3870585 -8.05155563,-3.63347197 2.51999998 -8.10229492,-3.58411717 2.56891322 -8.14426041,-3.72462749 2.35650444 -8.05155563,-3.63140965 2.47539091 -8.10229492,-3.7139082 2.32268 -8.05155563,-3.67430329 2.40033126 -8.0709362,-3.58686423 2.51999998 -8.14426041,-3.66725707 2.37282777 -8.0709362,-3.68826962 2.26078296 -8.05155563,-3.58500051 2.47969127 -8.14426041,-3.65760779 2.34238029 -8.0709362,-3.62135029 2.41241741 -8.10229492,-3.61501575 2.3876915 -8.10229492,-3.65586185 2.20214581 -8.05155563,-3.63452911 2.28666306 -8.0709362,-3.60634112 2.36031938 -8.10229492,-3.57591105 2.42278862 -8.14426041,-3.57018709 2.40044641 -8.14426041,-3.62676263 2.15996552 -8.05155563,-3.60535693 2.23388028 -8.0709362,-3.58559322 2.3102293 -8.10229492,-3.56234884 2.37571287 -8.14426041,-3.57916307 2.19591117 -8.0709362,-3.57244968 2.09755039 -8.05155563,-3.55936742 2.26277733 -8.10229492,-3.54360104 2.33045173 -8.14426041,-3.5524888 2.07849097 -8.05155563,-3.53581905 2.22864294 -8.10229492,-3.52249408 2.05290723 -8.05155563,-3.53027248 2.13972735 -8.0709362,-3.51990342 2.28757429 -8.14426041,-3.51230454 2.12257099 -8.0709362,-3.49862504 2.25673056 -8.14426041,-3.46785402 2.01413798 -8.05155563,-3.48530459 2.09954143 -8.0709362,-3.49186635 2.17813373 -8.10229492,-3.47571301 2.16270995 -8.10229492,-3.40921688 1.98173046 -8.05155563,-3.43611979 2.06464314 -8.0709362,-3.45143986 2.1420064 -8.10229492,-3.45890951 2.21109033 -8.14426041,-3.44431353 2.19715357 -8.14426041,-3.36581802 1.96290922 -8.05155563,-3.38333678 2.03547096 -8.0709362,-3.40722275 2.11063242 -8.10229492,-3.42238045 2.17844582 -8.14426041,-3.34427094 2.01852894 -8.0709362,-3.28294158 1.93754482 -8.05155563,-3.35977077 2.08440685 -8.10229492,-3.38242579 2.15009642 -8.14426041,-3.25977826 1.9327383 -8.05155563,-3.32465029 2.06917572 -8.10229492,-3.21689129 1.92632246 -8.05155563,-3.1500001 1.92256594 -8.05155563,-3.26966882 1.99569678 -8.0709362,-3.33954835 2.12639904 -8.14426041,-3.24881792 1.9913702 -8.0709362,-3.30781364 2.11263633 -8.14426041,-3.21021295 1.98559487 -8.0709362,-3.1500001 1.98221338 -8.0709362,-3.25758266 2.04864955 -8.10229492,-3.23883772 2.04475999 -8.10229492,-3.2041316 2.03956795 -8.10229492,-3.1500001 2.03652787 -8.10229492,-3.24721146 2.09408903 -8.14426041,-3.23027349 2.09057426 -8.14426041,-3.19891334 2.08588266 -8.14426041,-3.1500001 2.08313584 -8.14426041,3.1500001 2.95686412 -8.14426041,3.1500001 3.00347209 -8.10229492,3.1500001 3.0577867 -8.0709362,3.1500001 3.11743402 -8.05155563,3.1500001 2.08313584 -8.14426041,3.1500001 2.03652787 -8.10229492,3.1500001 1.98221338 -8.0709362,3.1500001 1.92256594 -8.05155563,3.21689129 1.92632246 -8.05155563,3.25977826 1.9327383 -8.05155563,3.28294158 1.93754482 -8.05155563,3.21021295 1.98559487 -8.0709362,3.24881792 1.9913702 -8.0709362,3.34732008 1.95609188 -8.05155563,3.26966882 1.99569678 -8.0709362,3.2041316 2.03956795 -8.10229492,3.23883772 2.04475999 -8.10229492,3.40921688 1.98173046 -8.05155563,3.32761955 2.01239228 -8.0709362,3.25758266 2.04864955 -8.10229492,3.19891334 2.08588266 -8.14426041,3.23027349 2.09057426 -8.14426041,3.46450853 2.01205134 -8.05155563,3.38333678 2.03547096 -8.0709362,3.3096807 2.06365871 -8.10229492,3.24721146 2.09408903 -8.14426041,3.52249408 2.05290723 -8.05155563,3.43310809 2.06276464 -8.0709362,3.35977077 2.08440685 -8.10229492,3.2942872 2.10765123 -8.14426041,3.5524888 2.07849097 -8.05155563,3.57244968 2.09755039 -8.05155563,3.48530459 2.09954143 -8.0709362,3.40451527 2.1089437 -8.10229492,3.33954835 2.12639904 -8.14426041,3.51230454 2.12257099 -8.0709362,3.61709285 2.147506 -8.05155563,3.53027248 2.13972735 -8.0709362,3.45143986 2.1420064 -8.10229492,3.37997937 2.14857054 -8.14426041,3.47571301 2.16270995 -8.10229492,3.65586185 2.20214581 -8.05155563,3.57045841 2.18469548 -8.0709362,3.49186635 2.17813373 -8.10229492,3.42238045 2.17844582 -8.14426041,3.44431353 2.19715357 -8.14426041,3.6848011 2.25370073 -8.05155563,3.60535693 2.23388028 -8.0709362,3.52799368 2.21856022 -8.10229492,3.45890951 2.21109033 -8.14426041,3.63140678 2.28028798 -8.0709362,3.7139082 2.32268 -8.05155563,3.55936742 2.26277733 -8.10229492,3.49155426 2.24761963 -8.14426041,3.72462749 2.35650444 -8.05155563,3.73245525 2.3870585 -8.05155563,3.58278632 2.30449796 -8.10229492,3.65760779 2.34238029 -8.0709362,3.51990342 2.28757429 -8.14426041,3.66725707 2.37282777 -8.0709362,3.74367762 2.45310855 -8.05155563,3.67430329 2.40033126 -8.0709362,3.54106474 2.3252728 -8.14426041,3.60634112 2.36031938 -8.10229492,3.61501575 2.3876915 -8.10229492,3.74743414 2.51999998 -8.05155563,3.68440509 2.45978689 -8.0709362,3.62135029 2.41241741 -8.10229492,3.56234884 2.37571287 -8.14426041,3.57018709 2.40044641 -8.14426041,3.74488568 2.57512426 -8.05155563,3.68778658 2.51999998 -8.0709362,3.63043213 2.46586823 -8.10229492,3.57591105 2.42278862 -8.14426041,3.68549252 2.56962061 -8.0709362,3.73245525 2.6529417 -8.05155563,3.63347197 2.51999998 -8.10229492,3.58411717 2.47108674 -8.14426041,3.72462749 2.68349552 -8.05155563,3.63140965 2.56460929 -8.10229492,3.7139082 2.71731997 -8.05155563,3.67430329 2.6396687 -8.0709362,3.58686423 2.51999998 -8.14426041,3.66725707 2.66717219 -8.0709362,3.68826962 2.779217 -8.05155563,3.58500051 2.56030869 -8.14426041,3.65760779 2.69761968 -8.0709362,3.62135029 2.62758255 -8.10229492,3.61501575 2.65230846 -8.10229492,3.65586185 2.83785415 -8.05155563,3.63452911 2.75333691 -8.0709362,3.60634112 2.67968059 -8.10229492,3.57591105 2.61721134 -8.14426041,3.57018709 2.63955355 -8.14426041,3.62676263 2.88003445 -8.05155563,3.60535693 2.80611968 -8.0709362,3.58559322 2.72977066 -8.10229492,3.56234884 2.66428709 -8.14426041,3.57916307 2.84408879 -8.0709362,3.57244968 2.94244981 -8.05155563,3.55936742 2.77722263 -8.10229492,3.54360104 2.70954823 -8.14426041,3.5524888 2.96150923 -8.05155563,3.53581905 2.81135702 -8.10229492,3.52249408 2.98709273 -8.05155563,3.53027248 2.90027261 -8.0709362,3.51990342 2.75242567 -8.14426041,3.51230454 2.91742921 -8.0709362,3.49862504 2.78326941 -8.14426041,3.46785402 3.02586198 -8.05155563,3.48530459 2.94045854 -8.0709362,3.49186635 2.86186647 -8.10229492,3.47571301 2.87729025 -8.10229492,3.40921688 3.0582695 -8.05155563,3.43611979 2.97535706 -8.0709362,3.45143986 2.89799356 -8.10229492,3.45890951 2.82890964 -8.14426041,3.44431353 2.84284663 -8.14426041,3.36581802 3.07709074 -8.05155563,3.38333678 3.004529 -8.0709362,3.40722275 2.92936754 -8.10229492,3.42238045 2.86155415 -8.14426041,3.34427094 3.02147102 -8.0709362,3.28294158 3.10245514 -8.05155563,3.35977077 2.95559335 -8.10229492,3.38242579 2.88990355 -8.14426041,3.25977826 3.10726166 -8.05155563,3.32465029 2.97082424 -8.10229492,3.21689129 3.1136775 -8.05155563,3.26966882 3.04430318 -8.0709362,3.33954835 2.91360092 -8.14426041,3.24881792 3.04862976 -8.0709362,3.30781364 2.92736363 -8.14426041,3.21021295 3.05440521 -8.0709362,3.25758266 2.99135041 -8.10229492,3.23883772 2.99523997 -8.10229492,3.2041316 3.00043201 -8.10229492,3.24721146 2.94591117 -8.14426041,3.23027349 2.9494257 -8.14426041,3.19891334 2.9541173 -8.14426041,3.20253253 -0.38268721 -7.90155554,3.1500001 -0.3799341 -7.90155554,3.23271966 -0.38678846 -7.90155554,3.25448942 -0.39091638 -7.90155554,3.20876741 -0.32336649 -7.92093658,3.1500001 -0.32028663 -7.92093658,3.24253726 -0.32795447 -7.92093658,3.30530143 -0.40453145 -7.90155554,3.26689076 -0.33257234 -7.92093658,3.21444464 -0.26934946 -7.95229483,3.1500001 -0.26597205 -7.95229483,3.25147724 -0.27438068 -7.95229483,3.35441208 -0.42338321 -7.90155554,3.32373357 -0.34780329 -7.92093658,3.27818346 -0.27944466 -7.95229483,3.21931648 -0.22299691 -7.99426079,3.1500001 -0.21936417 -7.99426079,3.2591486 -0.22840849 -7.99426079,3.38919497 -0.44050649 -7.90155554,3.37867284 -0.36889252 -7.92093658,3.34051752 -0.29614708 -7.95229483,3.28787374 -0.23385528 -7.99426079,3.41758394 -0.38804808 -7.92093658,3.44540071 -0.47591567 -7.90155554,3.40076447 -0.31927368 -7.95229483,3.35492015 -0.25182036 -7.99426079,3.4586823 -0.4859049 -7.90155554,3.44343495 -0.34027985 -7.95229483,3.48628211 -0.50902075 -7.90155554,3.48046064 -0.42765984 -7.92093658,3.4197216 -0.27669528 -7.99426079,3.49531865 -0.43883467 -7.92093658,3.46561766 -0.29928944 -7.99426079,3.51974964 -0.54212141 -7.90155554,3.5261941 -0.46469405 -7.92093658,3.51238608 -0.3837184 -7.95229483,3.52867937 -0.39597282 -7.95229483,3.56363392 -0.50172323 -7.92093658,3.55658436 -0.58709919 -7.90155554,3.56253767 -0.42433044 -7.95229483,3.53978157 -0.34601185 -7.99426079,3.55730653 -0.35919267 -7.99426079,3.5707314 -0.6076225 -7.90155554,3.6035943 -0.46493697 -7.95229483,3.58523488 -0.63121706 -7.90155554,3.60484028 -0.55203927 -7.92093658,3.59372449 -0.38969404 -7.99426079,3.62066627 -0.57499844 -7.92093658,3.60911679 -0.67808801 -7.90155554,3.63788486 -0.43337032 -7.99426079,3.63689113 -0.60139334 -7.92093658,3.64878154 -0.52011395 -7.95229483,3.6661365 -0.54529119 -7.95229483,3.62796855 -0.7271986 -7.90155554,3.66360736 -0.65382725 -7.92093658,3.68392897 -0.57423604 -7.95229483,3.68648815 -0.49271855 -7.99426079,3.70515513 -0.51979905 -7.99426079,3.63718748 -0.75912738 -7.90155554,3.64158368 -0.77801067 -7.90155554,3.68469667 -0.70876652 -7.92093658,3.71322632 -0.6317355 -7.95229483,3.72429252 -0.55093211 -7.99426079,3.69500971 -0.74448478 -7.92093658,3.6498127 -0.82996756 -7.90155554,3.69992757 -0.76560926 -7.92093658,3.73635292 -0.69198239 -7.95229483,3.75580478 -0.61277837 -7.99426079,3.74766231 -0.73115134 -7.95229483,3.65256596 -0.88249999 -7.90155554,3.70913363 -0.82373267 -7.92093658,3.75305533 -0.75431663 -7.95229483,3.7806797 -0.67757976 -7.99426079,3.79284406 -0.71970975 -7.99426079,3.65084934 -0.92400157 -7.90155554,3.71221328 -0.88249999 -7.92093658,3.76315045 -0.81805527 -7.95229483,3.79864478 -0.74462628 -7.99426079,3.71029305 -0.92892718 -7.92093658,3.64158368 -0.98698932 -7.90155554,3.76652789 -0.88249999 -7.95229483,3.80950308 -0.81318343 -7.99426079,3.63718748 -1.00587261 -7.90155554,3.76442218 -0.93341249 -7.95229483,3.62796855 -1.03780138 -7.90155554,3.69992757 -0.99939072 -7.92093658,3.81313586 -0.88249999 -7.99426079,3.69500971 -1.0205152 -7.92093658,3.81087089 -0.93726134 -7.99426079,3.61023641 -1.08437836 -7.90155554,3.68469667 -1.05623353 -7.92093658,3.75305533 -1.01068342 -7.95229483,3.74766231 -1.03384864 -7.95229483,3.66486001 -1.10833859 -7.92093658,3.58523488 -1.13378298 -7.90155554,3.73635292 -1.0730176 -7.95229483,3.79864478 -1.0203737 -7.99426079,3.79284406 -1.04529023 -7.99426079,3.5707314 -1.15737748 -7.90155554,3.55658436 -1.17790079 -7.90155554,3.71459985 -1.13015652 -7.95229483,3.63689113 -1.16360664 -7.92093658,3.7806797 -1.08742023 -7.99426079,3.62066627 -1.19000161 -7.92093658,3.52347922 -1.21878219 -7.90155554,3.60484028 -1.21296072 -7.92093658,3.75728202 -1.14887857 -7.99426079,3.68392897 -1.19076395 -7.95229483,3.6661365 -1.2197088 -7.95229483,3.48628211 -1.25597918 -7.90155554,3.56780601 -1.25869417 -7.92093658,3.64878154 -1.24488604 -7.95229483,3.72429252 -1.21406794 -7.99426079,3.70515513 -1.24520087 -7.99426079,3.4586823 -1.27909505 -7.90155554,3.44540071 -1.28908432 -7.90155554,3.5261941 -1.30030596 -7.92093658,3.60816956 -1.29503775 -7.95229483,3.68648815 -1.27228141 -7.99426079,3.49531865 -1.32616532 -7.92093658,3.40128303 -1.31773484 -7.90155554,3.48046064 -1.33734012 -7.92093658,3.56253767 -1.34066951 -7.95229483,3.64280605 -1.32622445 -7.99426079,3.52867937 -1.36902714 -7.95229483,3.35441208 -1.34161675 -7.90155554,3.43110657 -1.36939108 -7.92093658,3.51238608 -1.38128161 -7.95229483,3.59372449 -1.37530601 -7.99426079,3.55730653 -1.40580738 -7.99426079,3.31318283 -1.35783553 -7.90155554,3.37867284 -1.39610744 -7.92093658,3.45826387 -1.41642892 -7.95229483,3.53978157 -1.41898811 -7.99426079,3.33255029 -1.41425109 -7.92093658,3.25448942 -1.37408364 -7.90155554,3.40076447 -1.44572628 -7.95229483,3.48156786 -1.45679247 -7.99426079,3.23271966 -1.3782115 -7.90155554,3.35018635 -1.46562278 -7.95229483,3.20253253 -1.38231277 -7.90155554,3.1500001 -1.38506591 -7.90155554,3.26689076 -1.43242764 -7.92093658,3.4197216 -1.48830473 -7.99426079,3.24253726 -1.43704545 -7.92093658,3.36531997 -1.50970531 -7.99426079,3.20876741 -1.44163346 -7.92093658,3.1500001 -1.44471335 -7.92093658,3.27818346 -1.48555529 -7.95229483,3.25147724 -1.4906193 -7.95229483,3.21444464 -1.49565053 -7.95229483,3.1500001 -1.49902797 -7.95229483,3.28787374 -1.53114474 -7.99426079,3.2591486 -1.53659153 -7.99426079,3.21931648 -1.54200315 -7.99426079,3.1500001 -1.54563582 -7.99426079,-3.1500001 -0.21936417 -7.99426079,-3.1500001 -0.26597205 -7.95229483,-3.1500001 -0.32028663 -7.92093658,-3.1500001 -0.3799341 -7.90155554,-3.1500001 -1.54563582 -7.99426079,-3.1500001 -1.49902797 -7.95229483,-3.1500001 -1.44471335 -7.92093658,-3.1500001 -1.38506591 -7.90155554,-3.20253253 -1.38231277 -7.90155554,-3.23271966 -1.3782115 -7.90155554,-3.25448942 -1.37408364 -7.90155554,-3.20876741 -1.44163346 -7.92093658,-3.24253726 -1.43704545 -7.92093658,-3.30530143 -1.36046851 -7.90155554,-3.26689076 -1.43242764 -7.92093658,-3.21444464 -1.49565053 -7.95229483,-3.25147724 -1.4906193 -7.95229483,-3.35441208 -1.34161675 -7.90155554,-3.32373357 -1.41719663 -7.92093658,-3.27818346 -1.48555529 -7.95229483,-3.21931648 -1.54200315 -7.99426079,-3.2591486 -1.53659153 -7.99426079,-3.38919497 -1.32449353 -7.90155554,-3.37867284 -1.39610744 -7.92093658,-3.34051752 -1.46885288 -7.95229483,-3.28787374 -1.53114474 -7.99426079,-3.41758394 -1.37695193 -7.92093658,-3.44540071 -1.28908432 -7.90155554,-3.40076447 -1.44572628 -7.95229483,-3.35492015 -1.51317966 -7.99426079,-3.4586823 -1.27909505 -7.90155554,-3.44343495 -1.42472017 -7.95229483,-3.48628211 -1.25597918 -7.90155554,-3.48046064 -1.33734012 -7.92093658,-3.4197216 -1.48830473 -7.99426079,-3.49531865 -1.32616532 -7.92093658,-3.46561766 -1.46571052 -7.99426079,-3.51974964 -1.22287858 -7.90155554,-3.5261941 -1.30030596 -7.92093658,-3.51238608 -1.38128161 -7.95229483,-3.52867937 -1.36902714 -7.95229483,-3.56363392 -1.26327682 -7.92093658,-3.55658436 -1.17790079 -7.90155554,-3.56253767 -1.34066951 -7.95229483,-3.53978157 -1.41898811 -7.99426079,-3.55730653 -1.40580738 -7.99426079,-3.5707314 -1.15737748 -7.90155554,-3.6035943 -1.30006301 -7.95229483,-3.58523488 -1.13378298 -7.90155554,-3.60484028 -1.21296072 -7.92093658,-3.59372449 -1.37530601 -7.99426079,-3.62066627 -1.19000161 -7.92093658,-3.60911679 -1.08691192 -7.90155554,-3.63788486 -1.33162963 -7.99426079,-3.63689113 -1.16360664 -7.92093658,-3.64878154 -1.24488604 -7.95229483,-3.6661365 -1.2197088 -7.95229483,-3.62796855 -1.03780138 -7.90155554,-3.66360736 -1.1111728 -7.92093658,-3.68392897 -1.19076395 -7.95229483,-3.68648815 -1.27228141 -7.99426079,-3.70515513 -1.24520087 -7.99426079,-3.63718748 -1.00587261 -7.90155554,-3.64158368 -0.98698932 -7.90155554,-3.68469667 -1.05623353 -7.92093658,-3.71322632 -1.13326454 -7.95229483,-3.72429252 -1.21406794 -7.99426079,-3.69500971 -1.0205152 -7.92093658,-3.6498127 -0.93503243 -7.90155554,-3.69992757 -0.99939072 -7.92093658,-3.73635292 -1.0730176 -7.95229483,-3.75580478 -1.15222168 -7.99426079,-3.74766231 -1.03384864 -7.95229483,-3.65256596 -0.88249999 -7.90155554,-3.70913363 -0.94126731 -7.92093658,-3.75305533 -1.01068342 -7.95229483,-3.7806797 -1.08742023 -7.99426079,-3.79284406 -1.04529023 -7.99426079,-3.65084934 -0.84099841 -7.90155554,-3.71221328 -0.88249999 -7.92093658,-3.76315045 -0.94694471 -7.95229483,-3.79864478 -1.0203737 -7.99426079,-3.71029305 -0.8360728 -7.92093658,-3.64158368 -0.77801067 -7.90155554,-3.76652789 -0.88249999 -7.95229483,-3.80950308 -0.95181656 -7.99426079,-3.63718748 -0.75912738 -7.90155554,-3.76442218 -0.83158755 -7.95229483,-3.62796855 -0.7271986 -7.90155554,-3.69992757 -0.76560926 -7.92093658,-3.81313586 -0.88249999 -7.99426079,-3.69500971 -0.74448478 -7.92093658,-3.81087089 -0.8277387 -7.99426079,-3.61023641 -0.68062156 -7.90155554,-3.68469667 -0.70876652 -7.92093658,-3.75305533 -0.75431663 -7.95229483,-3.74766231 -0.73115134 -7.95229483,-3.66486001 -0.65666145 -7.92093658,-3.58523488 -0.63121706 -7.90155554,-3.73635292 -0.69198239 -7.95229483,-3.79864478 -0.74462628 -7.99426079,-3.79284406 -0.71970975 -7.99426079,-3.5707314 -0.6076225 -7.90155554,-3.55658436 -0.58709919 -7.90155554,-3.71459985 -0.63484353 -7.95229483,-3.63689113 -0.60139334 -7.92093658,-3.7806797 -0.67757976 -7.99426079,-3.62066627 -0.57499844 -7.92093658,-3.52347922 -0.5462178 -7.90155554,-3.60484028 -0.55203927 -7.92093658,-3.75728202 -0.61612135 -7.99426079,-3.68392897 -0.57423604 -7.95229483,-3.6661365 -0.54529119 -7.95229483,-3.48628211 -0.50902075 -7.90155554,-3.56780601 -0.50630581 -7.92093658,-3.64878154 -0.52011395 -7.95229483,-3.72429252 -0.55093211 -7.99426079,-3.70515513 -0.51979905 -7.99426079,-3.4586823 -0.4859049 -7.90155554,-3.44540071 -0.47591567 -7.90155554,-3.5261941 -0.46469405 -7.92093658,-3.60816956 -0.46996227 -7.95229483,-3.68648815 -0.49271855 -7.99426079,-3.49531865 -0.43883467 -7.92093658,-3.40128303 -0.44726518 -7.90155554,-3.48046064 -0.42765984 -7.92093658,-3.56253767 -0.42433044 -7.95229483,-3.64280605 -0.43877551 -7.99426079,-3.52867937 -0.39597282 -7.95229483,-3.35441208 -0.42338321 -7.90155554,-3.43110657 -0.39560893 -7.92093658,-3.51238608 -0.3837184 -7.95229483,-3.59372449 -0.38969404 -7.99426079,-3.55730653 -0.35919267 -7.99426079,-3.31318283 -0.40716451 -7.90155554,-3.37867284 -0.36889252 -7.92093658,-3.45826387 -0.34857112 -7.95229483,-3.53978157 -0.34601185 -7.99426079,-3.33255029 -0.3507489 -7.92093658,-3.25448942 -0.39091638 -7.90155554,-3.40076447 -0.31927368 -7.95229483,-3.48156786 -0.30820754 -7.99426079,-3.23271966 -0.38678846 -7.90155554,-3.35018635 -0.29937723 -7.95229483,-3.20253253 -0.38268721 -7.90155554,-3.26689076 -0.33257234 -7.92093658,-3.4197216 -0.27669528 -7.99426079,-3.24253726 -0.32795447 -7.92093658,-3.36531997 -0.25529471 -7.99426079,-3.20876741 -0.32336649 -7.92093658,-3.27818346 -0.27944466 -7.95229483,-3.25147724 -0.27438068 -7.95229483,-3.21444464 -0.26934946 -7.95229483,-3.28787374 -0.23385528 -7.99426079,-3.2591486 -0.22840849 -7.99426079,-3.21931648 -0.22299691 -7.99426079,3.19891334 -1.31661725 -8.24573898,3.1500001 -1.31936419 -8.24573898,3.23027349 -1.31192577 -8.24573898,3.24721146 -1.30841112 -8.24573898,3.2041316 -1.36293209 -8.28770542,3.1500001 -1.36597204 -8.28770542,3.23883772 -1.35774004 -8.28770542,3.2942872 -1.2948488 -8.24573898,3.25758266 -1.35385036 -8.28770542,3.21021295 -1.41690516 -8.31906319,3.1500001 -1.42028666 -8.31906319,3.24881792 -1.41112983 -8.31906319,3.33954835 -1.27610099 -8.24573898,3.3096807 -1.3388412 -8.28770542,3.26966882 -1.40680325 -8.31906319,3.21689129 -1.47617757 -8.33844471,3.1500001 -1.4799341 -8.33844471,3.25977826 -1.46976161 -8.33844471,3.37997937 -1.25392938 -8.24573898,3.35977077 -1.3180933 -8.28770542,3.32761955 -1.39010787 -8.31906319,3.28294158 -1.46495521 -8.33844471,3.42238045 -1.22405422 -8.24573898,3.40451527 -1.29355621 -8.28770542,3.38333678 -1.36702895 -8.31906319,3.34732008 -1.44640815 -8.33844471,3.44431353 -1.20534647 -8.24573898,3.45890951 -1.19140959 -8.24573898,3.45143986 -1.26049364 -8.28770542,3.43310809 -1.33973539 -8.31906319,3.40921688 -1.42076957 -8.33844471,3.47571301 -1.2397902 -8.28770542,3.49155426 -1.1548804 -8.24573898,3.49186635 -1.22436631 -8.28770542,3.48530459 -1.30295849 -8.31906319,3.46450853 -1.39044869 -8.33844471,3.51230454 -1.27992916 -8.31906319,3.51990342 -1.11492574 -8.24573898,3.52799368 -1.18393993 -8.28770542,3.53027248 -1.26277256 -8.31906319,3.52249408 -1.3495928 -8.33844471,3.5524888 -1.32400918 -8.33844471,3.54106474 -1.07722712 -8.24573898,3.55936742 -1.13972259 -8.28770542,3.57045841 -1.21780443 -8.31906319,3.57244968 -1.30494976 -8.33844471,3.58278632 -1.09800208 -8.28770542,3.56234884 -1.02678704 -8.24573898,3.60535693 -1.16861975 -8.31906319,3.61709285 -1.25499403 -8.33844471,3.57018709 -1.0020535 -8.24573898,3.57591105 -0.97971141 -8.24573898,3.63140678 -1.12221217 -8.31906319,3.60634112 -1.04218066 -8.28770542,3.65586185 -1.2003541 -8.33844471,3.61501575 -1.01480842 -8.28770542,3.58411717 -0.93141329 -8.24573898,3.62135029 -0.99008262 -8.28770542,3.6848011 -1.1487993 -8.33844471,3.65760779 -1.06011963 -8.31906319,3.66725707 -1.02967227 -8.31906319,3.58686423 -0.88249999 -8.24573898,3.63043213 -0.93663168 -8.28770542,3.67430329 -1.00216877 -8.31906319,3.7139082 -1.07982004 -8.33844471,3.72462749 -1.04599559 -8.33844471,3.58500051 -0.84219128 -8.24573898,3.63347197 -0.88249999 -8.28770542,3.68440509 -0.94271302 -8.31906319,3.73245525 -1.01544166 -8.33844471,3.63140965 -0.8378908 -8.28770542,3.57591105 -0.78528857 -8.24573898,3.68778658 -0.88249999 -8.31906319,3.74367762 -0.94939142 -8.33844471,3.57018709 -0.76294643 -8.24573898,3.68549252 -0.8328793 -8.31906319,3.56234884 -0.73821288 -8.24573898,3.62135029 -0.77491736 -8.28770542,3.74743414 -0.88249999 -8.33844471,3.61501575 -0.75019157 -8.28770542,3.54360104 -0.69295174 -8.24573898,3.74488568 -0.82737571 -8.33844471,3.60634112 -0.72281933 -8.28770542,3.67430329 -0.76283121 -8.31906319,3.66725707 -0.73532772 -8.31906319,3.51990342 -0.65007424 -8.24573898,3.58559322 -0.67272931 -8.28770542,3.65760779 -0.70488036 -8.31906319,3.73245525 -0.74955839 -8.33844471,3.72462749 -0.71900439 -8.33844471,3.49862504 -0.61923051 -8.24573898,3.55936742 -0.62527734 -8.28770542,3.63452911 -0.64916313 -8.31906319,3.7139082 -0.68518001 -8.33844471,3.53581905 -0.59114301 -8.28770542,3.45890951 -0.5735904 -8.24573898,3.60535693 -0.59638023 -8.31906319,3.68826962 -0.62328303 -8.33844471,3.44431353 -0.55965346 -8.24573898,3.57916307 -0.55841112 -8.31906319,3.42238045 -0.54094583 -8.24573898,3.49186635 -0.54063362 -8.28770542,3.65586185 -0.56464589 -8.33844471,3.47571301 -0.52520984 -8.28770542,3.62676263 -0.52246553 -8.33844471,3.38242579 -0.51259655 -8.24573898,3.45143986 -0.50450635 -8.28770542,3.53027248 -0.50222743 -8.31906319,3.51230454 -0.48507088 -8.31906319,3.33954835 -0.48889899 -8.24573898,3.40722275 -0.47313252 -8.28770542,3.48530459 -0.4620415 -8.31906319,3.57244968 -0.46005028 -8.33844471,3.5524888 -0.44099087 -8.33844471,3.30781364 -0.47513628 -8.24573898,3.35977077 -0.44690675 -8.28770542,3.43611979 -0.42714304 -8.31906319,3.52249408 -0.41540721 -8.33844471,3.32465029 -0.43167573 -8.28770542,3.24721146 -0.45658892 -8.24573898,3.38333678 -0.397971 -8.31906319,3.46785402 -0.37663808 -8.33844471,3.23027349 -0.45307428 -8.24573898,3.34427094 -0.38102889 -8.31906319,3.19891334 -0.44838274 -8.24573898,3.1500001 -0.44563583 -8.24573898,3.25758266 -0.41114962 -8.28770542,3.40921688 -0.34423047 -8.33844471,3.23883772 -0.40725997 -8.28770542,3.36581802 -0.32540929 -8.33844471,3.2041316 -0.40206793 -8.28770542,3.1500001 -0.39902794 -8.28770542,3.26966882 -0.35819679 -8.31906319,3.24881792 -0.35387021 -8.31906319,3.21021295 -0.34809485 -8.31906319,3.1500001 -0.34471336 -8.31906319,3.28294158 -0.3000448 -8.33844471,3.25977826 -0.29523835 -8.33844471,3.21689129 -0.28882241 -8.33844471,3.1500001 -0.28506589 -8.33844471,-3.1500001 -0.44563583 -8.24573898,-3.1500001 -0.39902794 -8.28770542,-3.1500001 -0.34471336 -8.31906319,-3.1500001 -0.28506589 -8.33844471,-3.1500001 -1.31936419 -8.24573898,-3.1500001 -1.36597204 -8.28770542,-3.1500001 -1.42028666 -8.31906319,-3.1500001 -1.4799341 -8.33844471,-3.19891334 -0.44838274 -8.24573898,-3.23027349 -0.45307428 -8.24573898,-3.24721146 -0.45658892 -8.24573898,-3.2041316 -0.40206793 -8.28770542,-3.23883772 -0.40725997 -8.28770542,-3.2942872 -0.47015119 -8.24573898,-3.25758266 -0.41114962 -8.28770542,-3.21021295 -0.34809485 -8.31906319,-3.24881792 -0.35387021 -8.31906319,-3.33954835 -0.48889899 -8.24573898,-3.3096807 -0.42615879 -8.28770542,-3.26966882 -0.35819679 -8.31906319,-3.21689129 -0.28882241 -8.33844471,-3.25977826 -0.29523835 -8.33844471,-3.37997937 -0.51107061 -8.24573898,-3.35977077 -0.44690675 -8.28770542,-3.32761955 -0.37489218 -8.31906319,-3.28294158 -0.3000448 -8.33844471,-3.42238045 -0.54094583 -8.24573898,-3.40451527 -0.47144377 -8.28770542,-3.38333678 -0.397971 -8.31906319,-3.34732008 -0.31859189 -8.33844471,-3.44431353 -0.55965346 -8.24573898,-3.45890951 -0.5735904 -8.24573898,-3.45143986 -0.50450635 -8.28770542,-3.43310809 -0.4252646 -8.31906319,-3.40921688 -0.34423047 -8.33844471,-3.47571301 -0.52520984 -8.28770542,-3.49155426 -0.61011964 -8.24573898,-3.49186635 -0.54063362 -8.28770542,-3.48530459 -0.4620415 -8.31906319,-3.46450853 -0.37455127 -8.33844471,-3.51230454 -0.48507088 -8.31906319,-3.51990342 -0.65007424 -8.24573898,-3.52799368 -0.58106011 -8.28770542,-3.53027248 -0.50222743 -8.31906319,-3.52249408 -0.41540721 -8.33844471,-3.5524888 -0.44099087 -8.33844471,-3.54106474 -0.68777287 -8.24573898,-3.55936742 -0.62527734 -8.28770542,-3.57045841 -0.54719549 -8.31906319,-3.57244968 -0.46005028 -8.33844471,-3.58278632 -0.66699797 -8.28770542,-3.56234884 -0.73821288 -8.24573898,-3.60535693 -0.59638023 -8.31906319,-3.61709285 -0.51000595 -8.33844471,-3.57018709 -0.76294643 -8.24573898,-3.57591105 -0.78528857 -8.24573898,-3.63140678 -0.64278787 -8.31906319,-3.60634112 -0.72281933 -8.28770542,-3.65586185 -0.56464589 -8.33844471,-3.61501575 -0.75019157 -8.28770542,-3.58411717 -0.83358675 -8.24573898,-3.62135029 -0.77491736 -8.28770542,-3.6848011 -0.61620069 -8.33844471,-3.65760779 -0.70488036 -8.31906319,-3.66725707 -0.73532772 -8.31906319,-3.58686423 -0.88249999 -8.24573898,-3.63043213 -0.82836831 -8.28770542,-3.67430329 -0.76283121 -8.31906319,-3.7139082 -0.68518001 -8.33844471,-3.72462749 -0.71900439 -8.33844471,-3.58500051 -0.92280877 -8.24573898,-3.63347197 -0.88249999 -8.28770542,-3.68440509 -0.82228702 -8.31906319,-3.73245525 -0.74955839 -8.33844471,-3.63140965 -0.92710918 -8.28770542,-3.57591105 -0.97971141 -8.24573898,-3.68778658 -0.88249999 -8.31906319,-3.74367762 -0.81560862 -8.33844471,-3.57018709 -1.0020535 -8.24573898,-3.68549252 -0.93212068 -8.31906319,-3.56234884 -1.02678704 -8.24573898,-3.62135029 -0.99008262 -8.28770542,-3.74743414 -0.88249999 -8.33844471,-3.61501575 -1.01480842 -8.28770542,-3.54360104 -1.07204831 -8.24573898,-3.74488568 -0.93762428 -8.33844471,-3.60634112 -1.04218066 -8.28770542,-3.67430329 -1.00216877 -8.31906319,-3.66725707 -1.02967227 -8.31906319,-3.51990342 -1.11492574 -8.24573898,-3.58559322 -1.09227061 -8.28770542,-3.65760779 -1.06011963 -8.31906319,-3.73245525 -1.01544166 -8.33844471,-3.72462749 -1.04599559 -8.33844471,-3.49862504 -1.14576948 -8.24573898,-3.55936742 -1.13972259 -8.28770542,-3.63452911 -1.11583686 -8.31906319,-3.7139082 -1.07982004 -8.33844471,-3.53581905 -1.17385697 -8.28770542,-3.45890951 -1.19140959 -8.24573898,-3.60535693 -1.16861975 -8.31906319,-3.68826962 -1.14171696 -8.33844471,-3.44431353 -1.20534647 -8.24573898,-3.57916307 -1.20658886 -8.31906319,-3.42238045 -1.22405422 -8.24573898,-3.49186635 -1.22436631 -8.28770542,-3.65586185 -1.2003541 -8.33844471,-3.47571301 -1.2397902 -8.28770542,-3.62676263 -1.24253452 -8.33844471,-3.38242579 -1.2524035 -8.24573898,-3.45143986 -1.26049364 -8.28770542,-3.53027248 -1.26277256 -8.31906319,-3.51230454 -1.27992916 -8.31906319,-3.33954835 -1.27610099 -8.24573898,-3.40722275 -1.29186749 -8.28770542,-3.48530459 -1.30295849 -8.31906319,-3.57244968 -1.30494976 -8.33844471,-3.5524888 -1.32400918 -8.33844471,-3.30781364 -1.28986371 -8.24573898,-3.35977077 -1.3180933 -8.28770542,-3.43611979 -1.33785701 -8.31906319,-3.52249408 -1.3495928 -8.33844471,-3.32465029 -1.33332431 -8.28770542,-3.24721146 -1.30841112 -8.24573898,-3.38333678 -1.36702895 -8.31906319,-3.46785402 -1.38836193 -8.33844471,-3.23027349 -1.31192577 -8.24573898,-3.34427094 -1.3839711 -8.31906319,-3.19891334 -1.31661725 -8.24573898,-3.25758266 -1.35385036 -8.28770542,-3.40921688 -1.42076957 -8.33844471,-3.23883772 -1.35774004 -8.28770542,-3.36581802 -1.43959069 -8.33844471,-3.2041316 -1.36293209 -8.28770542,-3.26966882 -1.40680325 -8.31906319,-3.24881792 -1.41112983 -8.31906319,-3.21021295 -1.41690516 -8.31906319,-3.28294158 -1.46495521 -8.33844471,-3.25977826 -1.46976161 -8.33844471,-3.21689129 -1.47617757 -8.33844471              ]
            }
            coordIndex [
0,1,2,-1,0,3,1,-1,4,2,5,-1,4,0,2,-1,6,5,7,-1,6,4,5,-1,8,7,9,-1,8,6,7,-1,10,9,11,-1,10,8,9,-1,12,13,14,-1,12,11,13,-1,12,10,11,-1,15,12,14,-1,16,17,18,-1,16,19,17,-1,20,18,21,-1,20,16,18,-1,22,21,23,-1,22,20,21,-1,24,23,25,-1,24,22,23,-1,26,25,27,-1,26,24,25,-1,28,27,29,-1,28,29,30,-1,28,26,27,-1,31,28,30,-1,32,33,34,-1,32,34,35,-1,32,35,36,-1,37,38,39,-1,37,39,33,-1,37,32,40,-1,37,33,32,-1,41,38,37,-1,42,38,41,-1,43,42,41,-1,43,41,44,-1,45,44,46,-1,45,43,44,-1,47,38,42,-1,48,46,49,-1,48,45,46,-1,50,38,47,-1,51,52,53,-1,51,54,52,-1,51,48,49,-1,51,55,54,-1,51,49,55,-1,56,57,58,-1,59,51,53,-1,59,53,57,-1,60,57,56,-1,61,59,57,-1,62,61,57,-1,63,60,64,-1,63,57,60,-1,65,62,57,-1,66,63,67,-1,66,65,57,-1,66,57,63,-1,66,68,65,-1,69,68,66,-1,70,69,66,-1,71,70,66,-1,72,73,74,-1,72,75,73,-1,72,76,75,-1,72,77,76,-1,78,72,74,-1,14,79,80,-1,14,81,79,-1,14,82,81,-1,14,80,71,-1,14,71,66,-1,1,83,82,-1,1,84,83,-1,1,85,84,-1,1,78,85,-1,1,72,78,-1,1,82,14,-1,9,14,13,-1,9,13,11,-1,9,2,1,-1,9,1,14,-1,7,2,9,-1,7,5,2,-1,86,87,77,-1,86,88,87,-1,86,77,72,-1,19,86,72,-1,31,86,19,-1,24,31,19,-1,24,19,16,-1,24,16,20,-1,24,20,22,-1,24,26,28,-1,24,28,31,-1,86,38,89,-1,89,38,50,-1,86,89,90,-1,86,90,88,-1,91,92,93,-1,93,92,94,-1,94,92,95,-1,96,97,98,-1,98,97,91,-1,92,97,99,-1,91,97,92,-1,96,100,97,-1,96,101,100,-1,100,102,103,-1,101,102,100,-1,96,104,101,-1,102,105,103,-1,103,105,106,-1,106,107,108,-1,105,107,106,-1,96,109,104,-1,110,111,112,-1,113,111,110,-1,114,111,113,-1,108,111,114,-1,107,111,108,-1,115,116,117,-1,112,118,115,-1,111,118,112,-1,115,119,116,-1,118,120,115,-1,120,121,115,-1,119,122,123,-1,115,122,119,-1,121,124,115,-1,122,125,126,-1,124,125,115,-1,115,125,122,-1,127,125,124,-1,127,128,125,-1,128,129,125,-1,129,130,125,-1,131,132,133,-1,134,132,131,-1,135,132,134,-1,136,132,135,-1,132,137,133,-1,138,15,139,-1,130,15,125,-1,140,15,138,-1,141,15,140,-1,139,15,130,-1,142,3,141,-1,143,3,142,-1,144,3,143,-1,137,3,144,-1,132,3,137,-1,141,3,15,-1,15,8,12,-1,12,8,10,-1,0,8,3,-1,3,8,15,-1,0,6,8,-1,4,6,0,-1,136,145,132,-1,146,145,136,-1,147,145,146,-1,30,17,145,-1,145,17,132,-1,30,25,17,-1,17,25,18,-1,18,25,21,-1,21,25,23,-1,27,25,29,-1,29,25,30,-1,96,145,148,-1,96,148,109,-1,148,145,149,-1,149,145,147,-1,150,151,152,-1,153,151,150,-1,154,155,153,-1,156,155,154,-1,157,155,156,-1,153,155,151,-1,158,96,38,-1,152,96,158,-1,151,96,152,-1,159,160,157,-1,161,160,159,-1,157,160,155,-1,38,98,39,-1,96,98,38,-1,125,15,66,-1,66,15,14,-1,162,163,164,-1,162,164,165,-1,166,167,168,-1,166,169,167,-1,170,171,172,-1,170,172,173,-1,174,175,176,-1,174,177,175,-1,178,179,180,-1,180,179,181,-1,182,183,184,-1,184,183,185,-1,186,187,188,-1,186,189,187,-1,189,190,191,-1,189,191,187,-1,192,193,194,-1,194,195,196,-1,197,198,199,-1,199,198,193,-1,195,200,201,-1,201,200,202,-1,194,200,195,-1,200,203,204,-1,204,203,205,-1,203,206,207,-1,207,206,208,-1,208,206,209,-1,193,206,194,-1,198,206,193,-1,200,206,203,-1,194,206,200,-1,210,211,212,-1,212,211,213,-1,213,211,214,-1,215,216,217,-1,217,218,211,-1,211,218,214,-1,216,218,217,-1,214,219,198,-1,198,219,206,-1,220,221,218,-1,218,221,214,-1,222,223,224,-1,225,226,221,-1,221,227,214,-1,226,227,221,-1,219,227,222,-1,214,227,219,-1,222,227,223,-1,228,229,230,-1,228,230,231,-1,228,231,232,-1,233,234,235,-1,233,235,236,-1,233,236,237,-1,233,237,238,-1,239,233,240,-1,239,240,241,-1,239,241,242,-1,243,239,244,-1,245,232,246,-1,245,246,234,-1,245,243,247,-1,245,234,233,-1,245,228,232,-1,245,233,239,-1,245,239,243,-1,248,249,250,-1,248,250,251,-1,252,248,251,-1,253,254,252,-1,253,252,251,-1,255,256,253,-1,257,255,253,-1,257,253,251,-1,258,251,228,-1,258,228,245,-1,259,251,258,-1,260,261,262,-1,260,262,263,-1,260,263,257,-1,264,259,265,-1,264,265,266,-1,267,257,251,-1,267,251,259,-1,267,259,264,-1,267,260,257,-1,268,269,270,-1,271,272,273,-1,272,274,275,-1,270,276,277,-1,277,276,278,-1,278,276,279,-1,279,276,280,-1,280,276,281,-1,281,276,282,-1,282,276,283,-1,283,276,284,-1,284,276,285,-1,285,276,271,-1,269,276,270,-1,271,276,272,-1,272,276,274,-1,286,287,288,-1,288,287,289,-1,290,291,287,-1,287,291,289,-1,289,292,293,-1,291,292,289,-1,292,294,293,-1,293,295,269,-1,269,295,276,-1,293,296,295,-1,297,298,294,-1,296,299,300,-1,293,299,296,-1,301,302,303,-1,293,302,299,-1,303,302,298,-1,294,302,293,-1,298,302,294,-1,304,305,306,-1,304,306,307,-1,304,307,308,-1,304,308,309,-1,310,311,312,-1,313,314,315,-1,316,309,317,-1,316,317,318,-1,316,318,319,-1,316,319,320,-1,316,320,321,-1,316,321,322,-1,316,322,311,-1,316,310,314,-1,316,313,323,-1,316,311,310,-1,316,304,309,-1,316,314,313,-1,324,325,326,-1,324,326,327,-1,328,324,327,-1,329,330,328,-1,331,332,333,-1,331,333,329,-1,334,327,304,-1,334,304,316,-1,335,331,329,-1,336,327,334,-1,336,328,327,-1,337,336,338,-1,339,340,341,-1,339,341,335,-1,342,336,337,-1,343,335,329,-1,343,328,336,-1,343,339,335,-1,343,336,342,-1,343,329,328,-1,344,345,346,-1,347,348,349,-1,349,348,350,-1,350,348,351,-1,351,348,352,-1,352,348,353,-1,353,348,354,-1,354,348,355,-1,355,348,356,-1,356,348,357,-1,357,348,358,-1,358,348,359,-1,359,348,344,-1,345,348,360,-1,360,348,361,-1,344,348,345,-1,362,363,364,-1,364,365,366,-1,363,365,364,-1,365,367,366,-1,366,368,347,-1,347,368,348,-1,369,370,371,-1,371,370,372,-1,372,370,367,-1,367,370,366,-1,370,373,366,-1,374,375,376,-1,377,378,373,-1,373,379,366,-1,368,379,374,-1,378,379,373,-1,366,379,368,-1,374,379,375,-1,380,381,382,-1,380,382,383,-1,384,385,386,-1,384,386,387,-1,384,387,388,-1,384,388,389,-1,384,389,390,-1,384,390,391,-1,384,391,392,-1,384,392,393,-1,384,393,394,-1,384,394,395,-1,384,395,396,-1,384,396,397,-1,384,397,398,-1,384,398,381,-1,384,380,399,-1,384,381,380,-1,400,401,402,-1,400,402,403,-1,404,400,403,-1,405,406,404,-1,407,408,409,-1,410,403,385,-1,410,385,384,-1,411,409,405,-1,411,407,409,-1,412,403,410,-1,413,404,403,-1,413,403,412,-1,414,415,416,-1,414,416,411,-1,417,413,418,-1,417,404,413,-1,419,414,411,-1,419,411,405,-1,419,404,417,-1,419,405,404,-1,420,421,422,-1,420,423,421,-1,424,422,425,-1,424,420,422,-1,426,425,427,-1,426,424,425,-1,428,427,429,-1,428,426,427,-1,430,429,431,-1,430,428,429,-1,432,431,433,-1,432,430,431,-1,434,433,435,-1,434,432,433,-1,436,435,437,-1,436,434,435,-1,438,437,439,-1,438,436,437,-1,440,441,442,-1,443,441,444,-1,442,441,443,-1,441,445,444,-1,444,446,447,-1,445,446,444,-1,448,449,450,-1,451,450,452,-1,451,448,450,-1,453,454,455,-1,453,455,456,-1,457,452,458,-1,182,452,457,-1,182,451,452,-1,459,460,461,-1,459,461,454,-1,459,453,179,-1,459,454,453,-1,438,182,457,-1,183,182,438,-1,462,459,179,-1,462,463,459,-1,464,462,179,-1,465,459,463,-1,466,459,465,-1,467,464,179,-1,169,459,466,-1,173,179,178,-1,173,467,179,-1,170,468,469,-1,170,470,468,-1,170,471,470,-1,170,178,471,-1,170,173,178,-1,472,469,473,-1,472,170,469,-1,474,473,475,-1,474,472,473,-1,476,475,183,-1,476,474,475,-1,477,183,438,-1,477,476,183,-1,478,477,438,-1,479,478,438,-1,480,459,169,-1,166,480,169,-1,481,482,480,-1,483,480,166,-1,484,480,483,-1,485,486,481,-1,485,481,480,-1,487,480,484,-1,488,485,480,-1,489,488,480,-1,186,490,491,-1,186,487,490,-1,186,480,487,-1,186,489,480,-1,492,186,491,-1,164,186,492,-1,189,164,163,-1,189,493,494,-1,189,495,493,-1,189,496,495,-1,189,163,496,-1,189,186,164,-1,497,498,499,-1,500,497,499,-1,500,499,501,-1,500,501,502,-1,500,502,190,-1,503,500,190,-1,439,503,190,-1,439,190,189,-1,439,504,505,-1,439,494,504,-1,439,189,494,-1,438,439,177,-1,177,439,505,-1,438,177,174,-1,438,174,479,-1,506,507,508,-1,508,509,510,-1,507,509,508,-1,511,512,513,-1,511,514,512,-1,184,515,509,-1,510,515,516,-1,509,515,510,-1,517,518,514,-1,518,181,514,-1,512,181,519,-1,514,181,512,-1,184,446,515,-1,184,185,446,-1,520,521,518,-1,518,521,181,-1,518,522,520,-1,521,523,181,-1,518,524,522,-1,523,525,181,-1,518,167,524,-1,525,172,181,-1,181,172,180,-1,526,171,527,-1,172,171,180,-1,528,171,526,-1,529,171,528,-1,180,171,529,-1,171,530,527,-1,527,530,531,-1,531,532,533,-1,530,532,531,-1,533,534,185,-1,532,534,533,-1,185,535,446,-1,534,535,185,-1,535,536,446,-1,536,537,446,-1,518,538,167,-1,538,168,167,-1,539,540,538,-1,538,541,168,-1,538,542,541,-1,543,544,540,-1,540,544,538,-1,538,545,542,-1,544,546,538,-1,546,547,538,-1,548,188,549,-1,545,188,548,-1,538,188,545,-1,547,188,538,-1,188,550,549,-1,188,165,550,-1,165,187,162,-1,551,187,552,-1,553,187,551,-1,554,187,553,-1,162,187,554,-1,188,187,165,-1,555,556,557,-1,557,558,559,-1,559,558,560,-1,560,558,191,-1,556,558,557,-1,558,561,191,-1,191,447,187,-1,562,447,563,-1,552,447,562,-1,561,447,191,-1,187,447,552,-1,447,446,175,-1,447,175,563,-1,175,446,176,-1,176,446,537,-1,459,480,518,-1,518,480,538,-1,420,440,423,-1,424,441,420,-1,426,441,424,-1,428,441,426,-1,420,441,440,-1,441,430,445,-1,428,430,441,-1,430,432,445,-1,432,434,445,-1,445,436,446,-1,434,436,445,-1,436,438,446,-1,446,457,515,-1,438,457,446,-1,564,565,566,-1,566,565,567,-1,568,569,570,-1,568,571,569,-1,572,573,574,-1,574,573,575,-1,576,577,578,-1,576,579,577,-1,580,581,582,-1,583,581,580,-1,584,585,586,-1,586,585,587,-1,588,589,590,-1,590,589,591,-1,591,589,584,-1,584,589,585,-1,583,580,592,-1,592,580,588,-1,588,580,589,-1,587,593,594,-1,594,593,595,-1,585,593,587,-1,595,596,597,-1,593,596,595,-1,598,599,600,-1,600,599,601,-1,602,603,604,-1,602,604,605,-1,606,607,608,-1,606,608,609,-1,606,609,603,-1,606,603,602,-1,601,599,610,-1,601,610,607,-1,601,607,606,-1,611,605,612,-1,611,612,613,-1,611,602,605,-1,614,613,615,-1,614,611,613,-1,616,617,618,-1,619,616,620,-1,619,620,621,-1,614,622,623,-1,614,623,624,-1,614,624,617,-1,614,617,616,-1,614,616,619,-1,625,626,619,-1,627,619,626,-1,576,625,619,-1,575,614,619,-1,575,619,627,-1,573,611,614,-1,573,614,575,-1,628,611,573,-1,629,611,628,-1,630,611,629,-1,571,611,630,-1,631,579,576,-1,631,632,579,-1,631,633,632,-1,631,634,633,-1,631,564,634,-1,631,576,619,-1,635,636,637,-1,635,637,638,-1,639,631,636,-1,639,636,635,-1,639,635,640,-1,641,631,639,-1,596,641,642,-1,596,631,641,-1,596,565,564,-1,596,564,631,-1,593,565,596,-1,593,643,565,-1,593,644,643,-1,593,645,644,-1,593,568,645,-1,593,611,571,-1,593,571,568,-1,601,606,580,-1,580,606,589,-1,589,606,585,-1,606,602,585,-1,585,611,593,-1,602,611,585,-1,646,647,648,-1,649,648,647,-1,650,647,646,-1,651,649,647,-1,652,647,650,-1,653,651,647,-1,654,653,647,-1,655,647,652,-1,656,654,647,-1,657,647,655,-1,658,656,647,-1,659,647,657,-1,660,647,659,-1,661,658,647,-1,662,661,647,-1,663,662,647,-1,664,663,647,-1,665,666,667,-1,668,665,667,-1,668,667,669,-1,670,666,665,-1,670,671,666,-1,672,668,669,-1,672,669,673,-1,674,671,670,-1,674,675,671,-1,676,673,677,-1,676,672,673,-1,678,675,674,-1,678,679,675,-1,680,676,677,-1,680,677,664,-1,681,679,678,-1,681,682,679,-1,683,664,647,-1,683,680,664,-1,684,685,682,-1,684,682,681,-1,686,683,647,-1,687,686,647,-1,688,685,684,-1,688,689,685,-1,690,689,688,-1,691,687,647,-1,692,693,694,-1,695,693,692,-1,695,696,693,-1,697,692,694,-1,697,694,698,-1,699,697,698,-1,699,698,700,-1,701,696,695,-1,701,702,696,-1,703,704,702,-1,703,702,701,-1,705,699,700,-1,705,700,706,-1,707,705,706,-1,707,706,708,-1,709,704,703,-1,709,710,704,-1,711,707,708,-1,711,708,712,-1,713,710,709,-1,713,714,710,-1,715,714,713,-1,715,716,714,-1,717,718,716,-1,717,716,715,-1,442,660,719,-1,442,647,660,-1,442,720,721,-1,442,722,720,-1,442,723,722,-1,442,724,723,-1,442,725,724,-1,442,726,725,-1,442,727,726,-1,442,728,727,-1,442,719,728,-1,729,442,721,-1,730,442,729,-1,731,442,730,-1,732,442,731,-1,733,442,732,-1,734,442,733,-1,735,442,734,-1,736,442,735,-1,160,737,711,-1,160,738,737,-1,160,739,738,-1,160,740,739,-1,160,741,740,-1,160,742,741,-1,160,743,742,-1,160,744,743,-1,160,745,744,-1,160,746,745,-1,160,747,746,-1,160,711,712,-1,160,748,691,-1,160,712,748,-1,160,691,647,-1,749,160,750,-1,749,750,751,-1,749,751,752,-1,753,749,754,-1,755,753,756,-1,600,160,749,-1,600,749,753,-1,600,753,755,-1,757,758,689,-1,757,689,690,-1,759,758,757,-1,759,760,758,-1,761,760,759,-1,761,762,760,-1,763,762,761,-1,763,764,762,-1,765,764,763,-1,765,766,764,-1,767,768,766,-1,767,766,765,-1,769,768,767,-1,769,770,768,-1,771,772,770,-1,771,770,769,-1,773,774,772,-1,773,772,771,-1,775,776,774,-1,775,774,773,-1,777,776,775,-1,777,778,776,-1,779,736,778,-1,779,778,777,-1,780,736,779,-1,780,442,736,-1,781,442,780,-1,782,442,781,-1,601,747,160,-1,601,783,747,-1,601,784,783,-1,601,785,784,-1,601,786,785,-1,601,787,786,-1,601,160,600,-1,788,718,717,-1,788,789,790,-1,788,790,718,-1,791,789,788,-1,791,792,789,-1,793,794,792,-1,793,792,791,-1,795,794,793,-1,795,796,794,-1,797,796,795,-1,797,798,796,-1,799,798,797,-1,799,800,798,-1,801,800,799,-1,801,802,800,-1,803,802,801,-1,803,804,802,-1,805,804,803,-1,805,806,804,-1,807,806,805,-1,807,808,806,-1,809,810,808,-1,809,808,807,-1,811,810,809,-1,811,812,810,-1,813,812,811,-1,813,814,812,-1,815,787,601,-1,580,815,601,-1,580,816,815,-1,580,817,816,-1,580,818,817,-1,580,819,818,-1,580,820,819,-1,440,820,580,-1,440,814,813,-1,440,821,820,-1,440,822,821,-1,440,823,822,-1,440,824,823,-1,440,825,824,-1,440,826,825,-1,440,827,826,-1,440,828,827,-1,440,829,828,-1,440,830,829,-1,440,813,830,-1,582,440,580,-1,831,582,832,-1,833,834,440,-1,835,582,831,-1,836,835,837,-1,836,838,833,-1,836,440,582,-1,836,833,440,-1,836,582,835,-1,440,442,839,-1,839,442,782,-1,440,839,840,-1,440,840,814,-1,841,842,843,-1,843,844,841,-1,842,845,843,-1,843,846,844,-1,845,847,843,-1,847,848,843,-1,843,849,846,-1,848,850,843,-1,843,851,849,-1,843,852,851,-1,850,853,843,-1,853,854,843,-1,843,855,852,-1,854,856,843,-1,843,857,855,-1,856,858,843,-1,858,859,843,-1,859,860,843,-1,861,862,863,-1,862,864,863,-1,863,864,865,-1,861,866,862,-1,867,866,861,-1,864,868,865,-1,865,868,869,-1,867,870,866,-1,871,870,867,-1,868,872,869,-1,869,872,873,-1,874,875,871,-1,871,875,870,-1,876,877,874,-1,874,877,875,-1,860,878,843,-1,872,878,873,-1,873,878,860,-1,879,880,876,-1,876,880,877,-1,878,881,843,-1,881,882,843,-1,883,884,879,-1,879,884,880,-1,885,886,883,-1,883,886,884,-1,882,887,843,-1,888,889,890,-1,889,891,890,-1,890,891,892,-1,891,893,892,-1,892,893,894,-1,888,895,889,-1,896,895,888,-1,896,897,895,-1,898,897,896,-1,893,899,894,-1,894,899,900,-1,898,901,897,-1,902,901,898,-1,899,903,900,-1,900,903,904,-1,902,905,901,-1,906,905,902,-1,903,907,904,-1,904,907,908,-1,907,909,908,-1,906,910,905,-1,911,910,906,-1,911,912,910,-1,913,912,911,-1,913,914,912,-1,843,421,857,-1,857,421,915,-1,916,421,917,-1,918,421,916,-1,919,421,918,-1,920,421,919,-1,921,421,920,-1,922,421,921,-1,923,421,922,-1,924,421,923,-1,925,421,924,-1,915,421,925,-1,421,926,917,-1,421,927,926,-1,421,928,927,-1,421,929,928,-1,885,930,886,-1,421,931,929,-1,421,932,931,-1,421,933,932,-1,421,934,933,-1,935,161,909,-1,936,161,935,-1,937,161,936,-1,938,161,937,-1,939,161,938,-1,940,161,939,-1,941,161,940,-1,942,161,941,-1,943,161,942,-1,944,161,943,-1,945,161,944,-1,946,161,945,-1,909,161,908,-1,947,161,887,-1,908,161,947,-1,887,161,843,-1,161,948,949,-1,949,948,950,-1,950,948,951,-1,948,952,953,-1,952,954,955,-1,161,598,948,-1,948,598,952,-1,952,598,954,-1,930,956,886,-1,957,956,930,-1,957,958,956,-1,959,958,957,-1,959,960,958,-1,961,960,959,-1,962,963,961,-1,961,963,960,-1,964,965,962,-1,962,965,963,-1,966,967,964,-1,964,967,965,-1,968,969,966,-1,966,969,967,-1,970,971,968,-1,968,971,969,-1,970,972,971,-1,973,972,970,-1,974,975,973,-1,973,975,972,-1,974,976,975,-1,977,976,974,-1,421,978,934,-1,977,978,976,-1,934,978,977,-1,421,979,978,-1,421,980,979,-1,981,599,946,-1,982,599,981,-1,983,599,982,-1,984,599,983,-1,161,599,598,-1,985,599,984,-1,946,599,161,-1,986,987,913,-1,913,987,914,-1,986,988,987,-1,989,988,986,-1,990,991,989,-1,989,991,988,-1,992,993,990,-1,990,993,991,-1,994,995,992,-1,992,995,993,-1,996,997,994,-1,994,997,995,-1,998,999,996,-1,996,999,997,-1,1000,1001,998,-1,998,1001,999,-1,1002,1003,1000,-1,1000,1003,1001,-1,1002,1004,1003,-1,1005,1004,1002,-1,1006,1007,1005,-1,1005,1007,1004,-1,1008,1009,1006,-1,1006,1009,1007,-1,1010,1011,1008,-1,1008,1011,1009,-1,1010,1012,1011,-1,985,1013,599,-1,1014,583,1013,-1,1015,583,1014,-1,1016,583,1015,-1,1017,583,1016,-1,1018,583,1017,-1,1013,583,599,-1,1010,423,1012,-1,1018,423,583,-1,1019,423,1018,-1,1020,423,1019,-1,1021,423,1020,-1,1022,423,1021,-1,1023,423,1022,-1,1024,423,1023,-1,1025,423,1024,-1,1026,423,1025,-1,1027,423,1026,-1,1028,423,1027,-1,1029,423,1028,-1,1012,423,1029,-1,423,581,583,-1,581,1030,1031,-1,1032,1033,423,-1,581,1034,1030,-1,1033,1035,423,-1,1036,1035,1033,-1,423,1037,581,-1,581,1037,1034,-1,1035,1037,423,-1,421,423,1038,-1,421,1038,980,-1,1038,423,1039,-1,1039,423,1010,-1,610,599,583,-1,610,583,592,-1,607,592,588,-1,607,610,592,-1,608,588,590,-1,608,590,591,-1,608,607,588,-1,609,591,584,-1,609,608,591,-1,603,609,584,-1,604,584,586,-1,604,603,584,-1,605,586,587,-1,605,587,594,-1,605,604,586,-1,612,605,594,-1,613,594,595,-1,613,612,594,-1,1040,1041,1042,-1,1041,1043,1044,-1,1044,1043,1045,-1,1046,615,1047,-1,1047,615,1048,-1,1048,615,1040,-1,1040,615,1041,-1,1041,615,1043,-1,1049,1050,1043,-1,1043,1051,1049,-1,1050,578,1043,-1,615,574,1043,-1,1043,574,1051,-1,578,577,1043,-1,613,572,615,-1,615,572,574,-1,613,1052,572,-1,613,1053,1052,-1,613,1054,1053,-1,613,569,1054,-1,1055,1056,577,-1,1057,1056,1055,-1,1058,1056,1057,-1,566,1056,1058,-1,577,1056,1043,-1,1059,1060,1061,-1,1061,1060,1062,-1,1056,1063,1059,-1,1060,1063,1064,-1,1059,1063,1060,-1,1056,1065,1063,-1,566,597,1056,-1,1065,597,1066,-1,567,597,566,-1,1056,597,1065,-1,567,595,597,-1,1067,595,567,-1,1068,595,1067,-1,1069,595,1068,-1,570,595,1069,-1,613,595,569,-1,569,595,570,-1,631,619,1043,-1,631,1043,1056,-1,1070,1071,1072,-1,1073,1071,1070,-1,1074,1075,1076,-1,1077,1075,1074,-1,1072,1075,1077,-1,1071,1075,1072,-1,1078,145,1073,-1,86,145,1078,-1,1073,145,1071,-1,1079,647,843,-1,1076,647,1079,-1,1075,647,1076,-1,31,30,86,-1,86,30,145,-1,843,442,421,-1,421,442,422,-1,647,442,843,-1,427,443,429,-1,425,443,427,-1,422,443,425,-1,442,443,422,-1,444,431,443,-1,443,431,429,-1,444,433,431,-1,447,435,444,-1,444,435,433,-1,447,437,435,-1,447,439,437,-1,561,503,447,-1,447,503,439,-1,750,161,949,-1,750,160,161,-1,751,949,950,-1,751,750,949,-1,752,950,951,-1,752,751,950,-1,749,951,948,-1,749,752,951,-1,754,948,953,-1,754,749,948,-1,753,953,952,-1,753,754,953,-1,756,952,955,-1,756,753,952,-1,755,955,954,-1,755,954,598,-1,755,756,955,-1,600,755,598,-1,622,614,615,-1,622,615,1046,-1,623,1046,1047,-1,623,622,1046,-1,624,1047,1048,-1,624,623,1047,-1,617,1048,1040,-1,617,624,1048,-1,618,1040,1042,-1,618,617,1040,-1,616,1042,1041,-1,616,618,1042,-1,620,1041,1044,-1,620,616,1041,-1,621,1044,1045,-1,621,620,1044,-1,619,1045,1043,-1,619,621,1045,-1,832,581,1031,-1,832,582,581,-1,831,1031,1030,-1,831,832,1031,-1,835,1030,1034,-1,835,831,1030,-1,837,1034,1037,-1,837,835,1034,-1,836,1037,1035,-1,836,837,1037,-1,838,1035,1036,-1,838,836,1035,-1,833,1036,1033,-1,833,838,1036,-1,834,1033,1032,-1,834,833,1033,-1,440,1032,423,-1,440,834,1032,-1,1066,596,642,-1,1066,597,596,-1,1065,642,641,-1,1065,1066,642,-1,1063,641,639,-1,1063,1065,641,-1,1064,639,640,-1,1064,1063,639,-1,1060,640,635,-1,1060,1064,640,-1,1062,635,638,-1,1062,1060,635,-1,1061,638,637,-1,1061,1062,638,-1,1059,636,631,-1,1059,637,636,-1,1059,1061,637,-1,1056,1059,631,-1,578,1050,576,-1,576,1050,625,-1,625,1049,626,-1,1050,1049,625,-1,626,1051,627,-1,1049,1051,626,-1,627,574,575,-1,1051,574,627,-1,566,1058,564,-1,564,1058,634,-1,634,1057,633,-1,1058,1057,634,-1,633,1055,632,-1,1057,1055,633,-1,632,577,579,-1,1055,577,632,-1,570,1069,568,-1,568,1069,645,-1,645,1068,644,-1,1069,1068,645,-1,644,1067,643,-1,1068,1067,644,-1,643,567,565,-1,1067,567,643,-1,572,1052,573,-1,573,1052,628,-1,628,1053,629,-1,1052,1053,628,-1,629,1054,630,-1,1053,1054,629,-1,630,569,571,-1,1054,569,630,-1,1080,1081,403,-1,1080,403,402,-1,1082,1080,402,-1,1083,402,401,-1,1083,1082,402,-1,1084,1085,1081,-1,1084,1081,1080,-1,1086,1084,1080,-1,1086,1080,1082,-1,1087,1083,401,-1,1088,1082,1083,-1,1088,1086,1082,-1,1089,1090,1085,-1,1089,1085,1084,-1,1091,1084,1086,-1,1091,1089,1084,-1,1092,1087,401,-1,1092,401,400,-1,1093,1083,1087,-1,1093,1088,1083,-1,1094,1091,1086,-1,1094,1086,1088,-1,1095,957,930,-1,1095,930,1096,-1,1095,1096,1090,-1,1095,1090,1089,-1,1097,959,957,-1,1097,1095,1089,-1,1097,1089,1091,-1,1097,957,1095,-1,1098,1092,400,-1,1099,1087,1092,-1,1099,1093,1087,-1,1100,1088,1093,-1,1100,1094,1088,-1,1101,1091,1094,-1,1101,959,1097,-1,1101,1097,1091,-1,1102,1099,1092,-1,1102,1092,1098,-1,1103,1098,400,-1,1103,400,404,-1,1104,1100,1093,-1,1104,1093,1099,-1,1105,961,959,-1,1105,1101,1094,-1,1105,1094,1100,-1,1105,959,1101,-1,1106,1103,404,-1,1107,1099,1102,-1,1107,1104,1099,-1,1108,404,406,-1,1108,1106,404,-1,1109,1102,1098,-1,1109,1098,1103,-1,1110,962,961,-1,1110,961,1105,-1,1110,1100,1104,-1,1110,1105,1100,-1,1111,1103,1106,-1,1111,1109,1103,-1,1112,1104,1107,-1,1112,964,962,-1,1112,1110,1104,-1,1112,962,1110,-1,1113,1108,406,-1,1114,1106,1108,-1,1114,1111,1106,-1,1115,1102,1109,-1,1115,1107,1102,-1,1116,1115,1109,-1,1116,1109,1111,-1,1117,1108,1113,-1,1117,1114,1108,-1,1118,1113,406,-1,1118,406,405,-1,1119,1111,1114,-1,1119,1116,1111,-1,1120,1112,1107,-1,1120,1107,1115,-1,1120,966,964,-1,1120,964,1112,-1,1121,1120,1115,-1,1121,1115,1116,-1,1121,968,966,-1,1121,966,1120,-1,1122,1118,405,-1,1123,1119,1114,-1,1123,1114,1117,-1,1124,1122,405,-1,1124,405,409,-1,1125,1117,1113,-1,1125,1113,1118,-1,1126,1116,1119,-1,1126,968,1121,-1,1126,1121,1116,-1,1127,1125,1118,-1,1127,1118,1122,-1,1128,1124,409,-1,1129,970,968,-1,1129,968,1126,-1,1129,1126,1119,-1,1129,1119,1123,-1,1130,1122,1124,-1,1130,1127,1122,-1,1131,1123,1117,-1,1131,1117,1125,-1,1132,1131,1125,-1,1132,1125,1127,-1,1133,1128,409,-1,1133,409,408,-1,1134,1130,1124,-1,1134,1124,1128,-1,1135,1127,1130,-1,1135,1132,1127,-1,1136,973,970,-1,1136,970,1129,-1,1136,1123,1131,-1,1136,1129,1123,-1,1137,1131,1132,-1,1137,974,973,-1,1137,973,1136,-1,1137,1136,1131,-1,1138,1133,408,-1,1139,408,407,-1,1139,1138,408,-1,1140,1128,1133,-1,1140,1134,1128,-1,1141,1130,1134,-1,1141,1135,1130,-1,1142,1137,1132,-1,1142,974,1137,-1,1142,1132,1135,-1,1142,1135,1141,-1,1143,1140,1133,-1,1143,1133,1138,-1,1144,1139,407,-1,1145,1138,1139,-1,1145,1143,1138,-1,1146,1140,1143,-1,1146,1141,1134,-1,1146,1134,1140,-1,1147,977,974,-1,1147,974,1142,-1,1147,1142,1141,-1,1148,1146,1143,-1,1149,407,411,-1,1149,1144,407,-1,1150,1139,1144,-1,1150,1145,1139,-1,1151,1148,1143,-1,1151,1143,1145,-1,1152,1147,1141,-1,1152,934,977,-1,1152,977,1147,-1,1152,1141,1146,-1,1153,1146,1148,-1,1153,934,1152,-1,1153,933,934,-1,1153,1152,1146,-1,1154,1149,411,-1,1155,1144,1149,-1,1155,1150,1144,-1,1156,1145,1150,-1,1156,1151,1145,-1,1157,1153,1148,-1,1157,933,1153,-1,1157,1148,1151,-1,1158,1155,1149,-1,1158,1149,1154,-1,1159,1154,411,-1,1159,411,416,-1,1160,1156,1150,-1,1160,1150,1155,-1,1161,1151,1156,-1,1161,932,933,-1,1161,933,1157,-1,1161,1156,1160,-1,1161,1157,1151,-1,1162,1159,416,-1,1163,1155,1158,-1,1163,1160,1155,-1,1164,416,415,-1,1164,1162,416,-1,1165,1158,1154,-1,1165,1154,1159,-1,1165,1159,1162,-1,1166,932,1161,-1,1166,931,932,-1,1166,1161,1160,-1,1167,1165,1162,-1,1168,929,931,-1,1168,1160,1163,-1,1168,931,1166,-1,1168,1166,1160,-1,1169,1164,415,-1,1170,1162,1164,-1,1170,1167,1162,-1,1171,1158,1165,-1,1171,1163,1158,-1,1171,1168,1163,-1,1172,1171,1165,-1,1172,1165,1167,-1,1173,1164,1169,-1,1173,1170,1164,-1,1174,415,414,-1,1174,1169,415,-1,1175,1167,1170,-1,1175,1172,1167,-1,1176,928,929,-1,1176,1168,1171,-1,1176,929,1168,-1,1176,1171,1172,-1,1177,927,928,-1,1177,928,1176,-1,1177,1176,1172,-1,1178,1174,414,-1,1179,414,419,-1,1179,1178,414,-1,1180,1170,1173,-1,1180,1175,1170,-1,1181,1173,1169,-1,1181,1169,1174,-1,1182,1172,1175,-1,1182,927,1177,-1,1182,1177,1172,-1,1183,1181,1174,-1,1183,1174,1178,-1,1184,1179,419,-1,1185,1183,1178,-1,1185,1178,1179,-1,1186,1182,1175,-1,1186,1175,1180,-1,1186,927,1182,-1,1186,926,927,-1,1187,1173,1181,-1,1187,1180,1173,-1,1188,1181,1183,-1,1188,1187,1181,-1,1188,1183,1185,-1,1189,1184,419,-1,1189,419,417,-1,1190,1185,1179,-1,1190,1179,1184,-1,1191,1188,1185,-1,1192,926,1186,-1,1192,1180,1187,-1,1192,917,926,-1,1192,1186,1180,-1,1193,1188,1191,-1,1193,1187,1188,-1,1193,916,917,-1,1193,1192,1187,-1,1193,917,1192,-1,1194,1189,417,-1,1195,417,418,-1,1195,1194,417,-1,1196,1184,1189,-1,1196,1190,1184,-1,1197,1185,1190,-1,1197,1191,1185,-1,1198,1193,1191,-1,1198,916,1193,-1,1198,1191,1197,-1,1199,1189,1194,-1,1199,1196,1189,-1,1200,1195,418,-1,1201,1199,1194,-1,1201,1194,1195,-1,1202,1197,1190,-1,1202,1190,1196,-1,1203,918,916,-1,1203,1197,1202,-1,1203,916,1198,-1,1203,1198,1197,-1,1204,1202,1196,-1,1204,1196,1199,-1,1205,418,413,-1,1205,1200,418,-1,1206,1195,1200,-1,1206,1201,1195,-1,1207,1199,1201,-1,1207,1204,1199,-1,1208,919,918,-1,1208,918,1203,-1,1208,1203,1202,-1,1209,920,919,-1,1209,919,1208,-1,1209,1202,1204,-1,1209,1208,1202,-1,1210,1205,413,-1,1211,1200,1205,-1,1211,1206,1200,-1,1212,1207,1201,-1,1212,1201,1206,-1,1212,1206,1211,-1,1213,1204,1207,-1,1213,920,1209,-1,1213,1209,1204,-1,1214,1205,1210,-1,1214,1211,1205,-1,1215,413,412,-1,1215,1210,413,-1,1216,1212,1211,-1,1217,921,920,-1,1217,1207,1212,-1,1217,920,1213,-1,1217,1213,1207,-1,1218,1215,412,-1,1219,1211,1214,-1,1219,1216,1211,-1,1220,410,1221,-1,1220,1218,412,-1,1220,412,410,-1,1222,1214,1210,-1,1222,1210,1215,-1,1223,1212,1216,-1,1223,922,921,-1,1223,921,1217,-1,1223,1217,1212,-1,1224,1215,1218,-1,1224,1218,1220,-1,1224,1222,1215,-1,1225,1216,1219,-1,1225,923,922,-1,1225,922,1223,-1,1225,1223,1216,-1,1226,1221,1227,-1,1226,1224,1220,-1,1226,1220,1221,-1,1228,1219,1214,-1,1228,1214,1222,-1,1228,1222,1224,-1,1229,1228,1224,-1,1230,1227,1231,-1,1230,1226,1227,-1,1230,1224,1226,-1,1230,1229,1224,-1,1232,1225,1219,-1,1232,923,1225,-1,1232,924,923,-1,1232,1228,1229,-1,1232,1219,1228,-1,1233,924,1232,-1,1233,925,924,-1,1233,1232,1229,-1,1234,1231,1235,-1,1234,1235,915,-1,1234,925,1233,-1,1234,1230,1231,-1,1234,915,925,-1,1234,1229,1230,-1,1234,1233,1229,-1,385,403,1081,-1,1236,1081,1085,-1,1236,385,1081,-1,1237,1085,1090,-1,1237,1236,1085,-1,1238,1237,1090,-1,1239,1090,1096,-1,1239,1238,1090,-1,885,1096,930,-1,885,1239,1096,-1,1221,384,1240,-1,1221,410,384,-1,1227,1240,1241,-1,1227,1221,1240,-1,1231,1241,1242,-1,1231,1227,1241,-1,1235,1242,1243,-1,1235,1231,1242,-1,915,1243,857,-1,915,1235,1243,-1,1244,1240,384,-1,1244,384,399,-1,1245,1244,399,-1,1246,399,380,-1,1246,1245,399,-1,1247,1241,1240,-1,1247,1240,1244,-1,1248,1247,1244,-1,1248,1244,1245,-1,1249,1246,380,-1,1250,1245,1246,-1,1250,1248,1245,-1,1251,1242,1241,-1,1251,1241,1247,-1,1252,1247,1248,-1,1252,1251,1247,-1,1253,1249,380,-1,1253,380,383,-1,1254,1246,1249,-1,1254,1250,1246,-1,1255,1248,1250,-1,1255,1252,1248,-1,1256,855,857,-1,1256,1243,1242,-1,1256,857,1243,-1,1256,1242,1251,-1,1257,852,855,-1,1257,1256,1251,-1,1257,1251,1252,-1,1257,855,1256,-1,1258,1253,383,-1,1259,1254,1249,-1,1259,1249,1253,-1,1260,1250,1254,-1,1260,1255,1250,-1,1261,852,1257,-1,1261,1252,1255,-1,1261,1257,1252,-1,1262,1259,1253,-1,1262,1253,1258,-1,1263,1258,383,-1,1263,383,382,-1,1264,1254,1259,-1,1264,1260,1254,-1,1265,851,852,-1,1265,1255,1260,-1,1265,852,1261,-1,1265,1261,1255,-1,1266,1263,382,-1,1267,1259,1262,-1,1267,1264,1259,-1,1268,382,381,-1,1268,1266,382,-1,1269,1262,1258,-1,1269,1258,1263,-1,1270,849,851,-1,1270,851,1265,-1,1270,1260,1264,-1,1270,1265,1260,-1,1271,1263,1266,-1,1271,1269,1263,-1,1272,1264,1267,-1,1272,846,849,-1,1272,849,1270,-1,1272,1270,1264,-1,1273,1268,381,-1,1274,1266,1268,-1,1274,1271,1266,-1,1275,1262,1269,-1,1275,1267,1262,-1,1276,1275,1269,-1,1276,1269,1271,-1,1277,1268,1273,-1,1277,1274,1268,-1,1278,1273,381,-1,1278,381,398,-1,1279,1271,1274,-1,1279,1276,1271,-1,1280,1272,1267,-1,1280,1267,1275,-1,1280,844,846,-1,1280,846,1272,-1,1281,1280,1275,-1,1281,1275,1276,-1,1281,841,844,-1,1281,844,1280,-1,1282,1278,398,-1,1283,1279,1274,-1,1283,1274,1277,-1,1284,1282,398,-1,1284,398,397,-1,1285,1277,1273,-1,1285,1283,1277,-1,1285,1273,1278,-1,1286,1276,1279,-1,1286,841,1281,-1,1286,1281,1276,-1,1287,1285,1278,-1,1287,1278,1282,-1,1288,1284,397,-1,1289,842,841,-1,1289,841,1286,-1,1289,1286,1279,-1,1289,1279,1283,-1,1290,1282,1284,-1,1290,1287,1282,-1,1291,1283,1285,-1,1292,1285,1287,-1,1292,1291,1285,-1,1293,1288,397,-1,1293,397,396,-1,1294,1290,1284,-1,1294,1284,1288,-1,1295,1287,1290,-1,1295,1292,1287,-1,1296,845,842,-1,1296,842,1289,-1,1296,1283,1291,-1,1296,1289,1283,-1,1296,1291,1292,-1,1297,847,845,-1,1297,845,1296,-1,1297,1296,1292,-1,1298,1293,396,-1,1299,396,395,-1,1299,1298,396,-1,1300,1288,1293,-1,1300,1294,1288,-1,1300,1293,1298,-1,1301,1290,1294,-1,1301,1295,1290,-1,1302,1292,1295,-1,1302,847,1297,-1,1302,1297,1292,-1,1303,1300,1298,-1,1304,1299,395,-1,1305,1298,1299,-1,1305,1303,1298,-1,1306,1294,1300,-1,1306,1301,1294,-1,1307,848,847,-1,1307,847,1302,-1,1307,1295,1301,-1,1307,1302,1295,-1,1308,1306,1300,-1,1308,1300,1303,-1,1309,395,394,-1,1309,1304,395,-1,1310,1299,1304,-1,1310,1305,1299,-1,1311,1303,1305,-1,1311,1308,1303,-1,1312,1301,1306,-1,1312,850,848,-1,1312,1307,1301,-1,1312,848,1307,-1,1313,1312,1306,-1,1313,853,850,-1,1313,1306,1308,-1,1313,850,1312,-1,1314,1309,394,-1,1315,1304,1309,-1,1315,1310,1304,-1,1316,1311,1305,-1,1316,1305,1310,-1,1317,853,1313,-1,1317,1313,1308,-1,1317,1308,1311,-1,1318,1309,1314,-1,1318,1315,1309,-1,1319,1314,394,-1,1319,394,393,-1,1320,1316,1310,-1,1320,1310,1315,-1,1320,1315,1318,-1,1321,854,853,-1,1321,1317,1311,-1,1321,853,1317,-1,1321,1311,1316,-1,1322,1319,393,-1,1323,1320,1318,-1,1324,393,392,-1,1324,1322,393,-1,1325,1318,1314,-1,1325,1314,1319,-1,1326,856,854,-1,1326,854,1321,-1,1326,1316,1320,-1,1326,1321,1316,-1,1327,1325,1319,-1,1327,1319,1322,-1,1328,856,1326,-1,1328,858,856,-1,1328,1320,1323,-1,1328,1326,1320,-1,1329,1324,392,-1,1330,1322,1324,-1,1330,1327,1322,-1,1331,1318,1325,-1,1331,1325,1327,-1,1331,1323,1318,-1,1332,1331,1327,-1,1333,1324,1329,-1,1333,1330,1324,-1,1334,392,391,-1,1334,1329,392,-1,1335,1327,1330,-1,1335,1332,1327,-1,1336,859,858,-1,1336,858,1328,-1,1336,1328,1323,-1,1336,1323,1331,-1,1337,860,859,-1,1337,859,1336,-1,1337,1331,1332,-1,1337,1336,1331,-1,1338,1334,391,-1,1339,391,390,-1,1339,1338,391,-1,1340,1330,1333,-1,1340,1335,1330,-1,1341,1333,1329,-1,1341,1329,1334,-1,1342,860,1337,-1,1342,1332,1335,-1,1342,1337,1332,-1,1343,1341,1334,-1,1343,1334,1338,-1,1344,1339,390,-1,1345,1343,1338,-1,1345,1338,1339,-1,1346,1335,1340,-1,1346,860,1342,-1,1346,873,860,-1,1346,1342,1335,-1,1347,1340,1333,-1,1347,1333,1341,-1,1347,1346,1340,-1,1348,1341,1343,-1,1348,1347,1341,-1,1349,1344,390,-1,1349,390,389,-1,1350,1345,1339,-1,1350,1339,1344,-1,1351,1348,1343,-1,1351,1343,1345,-1,1352,873,1346,-1,1352,1346,1347,-1,1352,869,873,-1,1353,1348,1351,-1,1353,1347,1348,-1,1353,865,869,-1,1353,1352,1347,-1,1353,869,1352,-1,1354,1349,389,-1,1355,389,388,-1,1355,1354,389,-1,1356,1344,1349,-1,1356,1350,1344,-1,1357,1345,1350,-1,1357,1351,1345,-1,1358,1353,1351,-1,1358,1351,1357,-1,1358,865,1353,-1,1359,1349,1354,-1,1359,1356,1349,-1,1360,1355,388,-1,1361,1359,1354,-1,1361,1354,1355,-1,1362,1357,1350,-1,1362,1350,1356,-1,1363,863,865,-1,1363,1357,1362,-1,1363,865,1358,-1,1363,1358,1357,-1,1364,1356,1359,-1,1364,1362,1356,-1,1365,388,387,-1,1365,1360,388,-1,1366,1355,1360,-1,1366,1361,1355,-1,1367,1359,1361,-1,1367,1364,1359,-1,1367,1361,1366,-1,1368,861,863,-1,1368,863,1363,-1,1368,1363,1362,-1,1368,1362,1364,-1,1369,867,861,-1,1369,861,1368,-1,1369,1368,1364,-1,1370,1365,387,-1,1371,1360,1365,-1,1371,1366,1360,-1,1372,1367,1366,-1,1372,1366,1371,-1,1373,1364,1367,-1,1373,867,1369,-1,1373,1369,1364,-1,1374,1365,1370,-1,1374,1371,1365,-1,1375,387,386,-1,1375,1370,387,-1,1376,1372,1371,-1,1377,871,867,-1,1377,874,871,-1,1377,867,1373,-1,1377,1367,1372,-1,1377,1373,1367,-1,1378,1375,386,-1,1379,1371,1374,-1,1379,1376,1371,-1,1380,1236,1237,-1,1380,385,1236,-1,1380,1378,386,-1,1380,386,385,-1,1381,1374,1370,-1,1381,1375,1378,-1,1381,1370,1375,-1,1382,1372,1376,-1,1382,1377,1372,-1,1382,874,1377,-1,1383,1381,1378,-1,1384,1382,1376,-1,1384,874,1382,-1,1384,876,874,-1,1384,1376,1379,-1,1385,1383,1378,-1,1385,1378,1380,-1,1385,1380,1237,-1,1386,1374,1381,-1,1386,1379,1374,-1,1387,1386,1381,-1,1387,1381,1383,-1,1387,1383,1385,-1,1388,1237,1238,-1,1388,1385,1237,-1,1388,1387,1385,-1,1389,876,1384,-1,1389,879,876,-1,1389,1384,1379,-1,1389,1379,1386,-1,1390,879,1389,-1,1390,1386,1387,-1,1390,883,879,-1,1390,1389,1386,-1,1390,1387,1388,-1,1391,1239,885,-1,1391,1238,1239,-1,1391,885,883,-1,1391,1388,1238,-1,1391,883,1390,-1,1391,1390,1388,-1,1392,1393,758,-1,1392,758,760,-1,1394,760,762,-1,1394,1392,760,-1,1395,1394,762,-1,1396,1397,1393,-1,1396,1393,1392,-1,1398,1396,1392,-1,1398,1392,1394,-1,1399,762,764,-1,1399,1395,762,-1,1400,1398,1394,-1,1400,1394,1395,-1,1401,1402,1397,-1,1401,1397,1396,-1,1403,1396,1398,-1,1403,1401,1396,-1,1404,764,766,-1,1404,1399,764,-1,1405,1395,1399,-1,1405,1400,1395,-1,1406,1398,1400,-1,1406,1403,1398,-1,1407,364,366,-1,1407,366,1408,-1,1407,1408,1402,-1,1407,1402,1401,-1,1409,1407,1401,-1,1409,364,1407,-1,1409,1401,1403,-1,1410,766,768,-1,1410,1404,766,-1,1411,1399,1404,-1,1411,1405,1399,-1,1412,1406,1400,-1,1412,1400,1405,-1,1413,362,364,-1,1413,1403,1406,-1,1413,1409,1403,-1,1413,364,1409,-1,1414,768,770,-1,1414,1410,768,-1,1415,1404,1410,-1,1415,1411,1404,-1,1416,1405,1411,-1,1416,1412,1405,-1,1417,1406,1412,-1,1417,362,1413,-1,1417,1413,1406,-1,1418,770,772,-1,1418,1414,770,-1,1419,1418,772,-1,1420,1410,1414,-1,1420,1415,1410,-1,1421,1416,1411,-1,1421,1411,1415,-1,1422,1412,1416,-1,1422,363,362,-1,1422,1417,1412,-1,1422,362,1417,-1,1423,1414,1418,-1,1423,1420,1414,-1,1424,772,774,-1,1424,1419,772,-1,1425,1418,1419,-1,1425,1423,1418,-1,1426,1415,1420,-1,1426,1421,1415,-1,1427,363,1422,-1,1427,1422,1416,-1,1427,1416,1421,-1,1428,1426,1420,-1,1428,1420,1423,-1,1429,774,776,-1,1429,1424,774,-1,1430,1419,1424,-1,1430,1425,1419,-1,1431,1428,1423,-1,1431,1423,1425,-1,1432,1427,1421,-1,1432,365,363,-1,1432,363,1427,-1,1432,1421,1426,-1,1433,365,1432,-1,1433,1432,1426,-1,1433,1426,1428,-1,1434,1429,776,-1,1434,776,778,-1,1435,1424,1429,-1,1435,1430,1424,-1,1436,1431,1425,-1,1436,1425,1430,-1,1437,1428,1431,-1,1437,365,1433,-1,1437,367,365,-1,1437,1433,1428,-1,1438,1429,1434,-1,1438,1435,1429,-1,1439,1434,778,-1,1439,778,736,-1,1440,1430,1435,-1,1440,1436,1430,-1,1441,1431,1436,-1,1441,1437,1431,-1,1441,1436,1440,-1,1441,367,1437,-1,1442,1439,736,-1,1442,736,735,-1,1443,1442,735,-1,1444,1435,1438,-1,1444,1440,1435,-1,1445,1434,1439,-1,1445,1438,1434,-1,1446,372,367,-1,1446,367,1441,-1,1446,1441,1440,-1,1447,1439,1442,-1,1447,1445,1439,-1,1448,735,734,-1,1448,734,733,-1,1448,1443,735,-1,1449,1442,1443,-1,1449,1447,1442,-1,1450,372,1446,-1,1450,1440,1444,-1,1450,1446,1440,-1,1451,1438,1445,-1,1451,1444,1438,-1,1452,1445,1447,-1,1452,1451,1445,-1,1452,1447,1449,-1,1453,1448,733,-1,1454,1443,1448,-1,1454,1449,1443,-1,1455,1452,1449,-1,1456,371,372,-1,1456,372,1450,-1,1456,1444,1451,-1,1456,1450,1444,-1,1457,371,1456,-1,1457,1451,1452,-1,1457,1456,1451,-1,1458,1453,733,-1,1458,733,732,-1,1459,1448,1453,-1,1459,1454,1448,-1,1460,1449,1454,-1,1460,1455,1449,-1,1461,369,371,-1,1461,1452,1455,-1,1461,371,1457,-1,1461,1457,1452,-1,1462,1459,1453,-1,1462,1453,1458,-1,1463,732,731,-1,1463,1458,732,-1,1464,1454,1459,-1,1464,1460,1454,-1,1465,1461,1455,-1,1465,1455,1460,-1,1465,369,1461,-1,1466,1463,731,-1,1466,731,730,-1,1467,1459,1462,-1,1467,1464,1459,-1,1468,1466,730,-1,1469,1462,1458,-1,1469,1458,1463,-1,1470,1460,1464,-1,1470,369,1465,-1,1470,370,369,-1,1470,1465,1460,-1,1471,1469,1463,-1,1471,1463,1466,-1,1471,1466,1468,-1,1472,1468,730,-1,1472,730,729,-1,1473,370,1470,-1,1473,1464,1467,-1,1473,1470,1464,-1,1474,1471,1468,-1,1475,1467,1462,-1,1475,1462,1469,-1,1476,1469,1471,-1,1476,1475,1469,-1,1477,1472,729,-1,1477,729,721,-1,1478,1468,1472,-1,1478,1472,1477,-1,1478,1474,1468,-1,1479,1471,1474,-1,1479,1476,1471,-1,1480,370,1473,-1,1480,373,370,-1,1480,1473,1467,-1,1480,1467,1475,-1,1481,373,1480,-1,1481,1475,1476,-1,1481,1476,1479,-1,1481,1480,1475,-1,1482,721,720,-1,1482,1477,721,-1,1483,1478,1477,-1,1484,1474,1478,-1,1484,1479,1474,-1,1485,377,373,-1,1485,373,1481,-1,1485,1481,1479,-1,1486,1477,1482,-1,1486,1483,1477,-1,1487,720,722,-1,1487,1482,720,-1,1487,1486,1482,-1,1488,1478,1483,-1,1488,1484,1478,-1,1488,1483,1486,-1,1489,1479,1484,-1,1489,377,1485,-1,1489,1485,1479,-1,1490,722,723,-1,1490,1487,722,-1,1491,1488,1486,-1,1492,1490,723,-1,1493,1486,1487,-1,1493,1487,1490,-1,1494,378,377,-1,1494,1484,1488,-1,1494,377,1489,-1,1494,1489,1484,-1,1495,1493,1490,-1,1496,378,1494,-1,1496,1488,1491,-1,1496,1494,1488,-1,1497,1492,723,-1,1497,723,724,-1,1498,1495,1490,-1,1498,1490,1492,-1,1499,1491,1486,-1,1499,1486,1493,-1,1500,1493,1495,-1,1500,1499,1493,-1,1501,724,725,-1,1501,1497,724,-1,1502,1498,1492,-1,1502,1497,1501,-1,1502,1492,1497,-1,1503,1495,1498,-1,1503,1500,1495,-1,1503,1498,1502,-1,1504,378,1496,-1,1504,379,378,-1,1504,1491,1499,-1,1504,1499,1500,-1,1504,1496,1491,-1,1505,379,1504,-1,1505,1504,1500,-1,1506,1501,725,-1,1506,725,726,-1,1507,1502,1501,-1,1508,1503,1502,-1,1508,1502,1507,-1,1509,375,379,-1,1509,379,1505,-1,1509,1500,1503,-1,1509,1505,1500,-1,1510,1501,1506,-1,1510,1507,1501,-1,1511,1506,726,-1,1511,726,727,-1,1512,1508,1507,-1,1513,1503,1508,-1,1513,375,1509,-1,1513,1509,1503,-1,1514,1511,727,-1,1514,727,728,-1,1515,1507,1510,-1,1515,1512,1507,-1,1516,719,1517,-1,1516,728,719,-1,1516,1514,728,-1,1518,1511,1514,-1,1518,1506,1511,-1,1518,1510,1506,-1,1519,376,375,-1,1519,375,1513,-1,1519,1508,1512,-1,1519,1513,1508,-1,1520,1518,1514,-1,1521,376,1519,-1,1521,1519,1512,-1,1521,1512,1515,-1,1522,1517,1523,-1,1522,1516,1517,-1,1522,1520,1514,-1,1522,1514,1516,-1,1524,1515,1510,-1,1524,1510,1518,-1,1524,1521,1515,-1,1525,1518,1520,-1,1525,1524,1518,-1,1526,1523,1527,-1,1526,1522,1523,-1,1526,1525,1520,-1,1526,1520,1522,-1,1528,374,376,-1,1528,376,1521,-1,1528,1521,1524,-1,1529,374,1528,-1,1529,1524,1525,-1,1529,1525,1526,-1,1529,1528,1524,-1,1530,1527,1531,-1,1530,1531,368,-1,1530,368,374,-1,1530,1529,1526,-1,1530,1526,1527,-1,1530,374,1529,-1,1408,347,1532,-1,1408,366,347,-1,1402,1532,1533,-1,1402,1533,1534,-1,1402,1408,1532,-1,1397,1534,1535,-1,1397,1402,1534,-1,1393,1397,1535,-1,758,1535,689,-1,758,1393,1535,-1,1536,348,368,-1,1536,368,1531,-1,1537,1527,1523,-1,1537,1531,1527,-1,1537,1536,1531,-1,1538,1523,1517,-1,1538,1537,1523,-1,1539,1538,1517,-1,660,1517,719,-1,660,1539,1517,-1,1540,1539,660,-1,1540,660,659,-1,1541,659,657,-1,1541,1540,659,-1,1542,1541,657,-1,1543,1538,1539,-1,1543,1539,1540,-1,1544,1543,1540,-1,1544,1540,1541,-1,1545,657,655,-1,1545,1542,657,-1,1546,1544,1541,-1,1546,1541,1542,-1,1547,1537,1538,-1,1547,1538,1543,-1,1548,1543,1544,-1,1548,1547,1543,-1,1549,655,652,-1,1549,1545,655,-1,1550,1542,1545,-1,1550,1546,1542,-1,1551,1544,1546,-1,1551,1548,1544,-1,1552,361,348,-1,1552,1536,1537,-1,1552,348,1536,-1,1552,1537,1547,-1,1553,1552,1547,-1,1553,361,1552,-1,1553,1547,1548,-1,1554,652,650,-1,1554,1549,652,-1,1555,1545,1549,-1,1555,1550,1545,-1,1556,1551,1546,-1,1556,1546,1550,-1,1557,360,361,-1,1557,1548,1551,-1,1557,1553,1548,-1,1557,361,1553,-1,1558,650,646,-1,1558,1554,650,-1,1559,1549,1554,-1,1559,1555,1549,-1,1560,1550,1555,-1,1560,1556,1550,-1,1561,1551,1556,-1,1561,360,1557,-1,1561,1557,1551,-1,1562,646,648,-1,1562,1558,646,-1,1563,1562,648,-1,1564,1554,1558,-1,1564,1559,1554,-1,1565,1560,1555,-1,1565,1555,1559,-1,1566,1561,1556,-1,1566,345,360,-1,1566,1556,1560,-1,1566,360,1561,-1,1567,1558,1562,-1,1567,1564,1558,-1,1568,648,649,-1,1568,1563,648,-1,1569,1562,1563,-1,1569,1567,1562,-1,1570,1559,1564,-1,1570,1565,1559,-1,1571,345,1566,-1,1571,1560,1565,-1,1571,1566,1560,-1,1572,1570,1564,-1,1572,1564,1567,-1,1573,649,651,-1,1573,1568,649,-1,1574,1563,1568,-1,1574,1569,1563,-1,1575,1572,1567,-1,1575,1567,1569,-1,1576,1571,1565,-1,1576,346,345,-1,1576,345,1571,-1,1576,1565,1570,-1,1577,1572,1575,-1,1577,346,1576,-1,1577,1576,1570,-1,1577,1570,1572,-1,1578,1573,651,-1,1578,651,653,-1,1579,1568,1573,-1,1579,1574,1568,-1,1580,1575,1569,-1,1580,1569,1574,-1,1581,1577,1575,-1,1581,346,1577,-1,1581,344,346,-1,1582,1573,1578,-1,1582,1579,1573,-1,1583,1578,653,-1,1583,653,654,-1,1584,1574,1579,-1,1584,1580,1574,-1,1585,1575,1580,-1,1585,1581,1575,-1,1585,1580,1584,-1,1585,344,1581,-1,1586,1583,654,-1,1586,654,656,-1,1587,1586,656,-1,1588,1579,1582,-1,1588,1584,1579,-1,1589,1578,1583,-1,1589,1582,1578,-1,1590,359,344,-1,1590,344,1585,-1,1590,1585,1584,-1,1591,1583,1586,-1,1591,1589,1583,-1,1592,656,658,-1,1592,658,661,-1,1592,1587,656,-1,1593,1586,1587,-1,1593,1591,1586,-1,1594,359,1590,-1,1594,1584,1588,-1,1594,1590,1584,-1,1595,1582,1589,-1,1595,1588,1582,-1,1596,1589,1591,-1,1596,1595,1589,-1,1597,1592,661,-1,1598,1587,1592,-1,1598,1593,1587,-1,1599,1591,1593,-1,1599,1596,1591,-1,1600,358,359,-1,1600,359,1594,-1,1600,1588,1595,-1,1600,1594,1588,-1,1601,358,1600,-1,1601,1595,1596,-1,1601,1600,1595,-1,1602,1597,661,-1,1602,661,662,-1,1603,1592,1597,-1,1603,1598,1592,-1,1604,1593,1598,-1,1604,1599,1593,-1,1605,357,358,-1,1605,1596,1599,-1,1605,358,1601,-1,1605,1601,1596,-1,1605,1599,1604,-1,1606,1603,1597,-1,1606,1597,1602,-1,1607,662,663,-1,1607,1602,662,-1,1608,1598,1603,-1,1608,1604,1598,-1,1609,1605,1604,-1,1609,357,1605,-1,1610,1607,663,-1,1610,663,664,-1,1611,1603,1606,-1,1611,1608,1603,-1,1612,1610,664,-1,1613,1606,1602,-1,1613,1602,1607,-1,1614,1604,1608,-1,1614,357,1609,-1,1614,356,357,-1,1614,1609,1604,-1,1615,1613,1607,-1,1615,1607,1610,-1,1616,1612,664,-1,1616,664,677,-1,1617,356,1614,-1,1617,1608,1611,-1,1617,1614,1608,-1,1618,1610,1612,-1,1618,1615,1610,-1,1619,1611,1606,-1,1619,1613,1615,-1,1619,1606,1613,-1,1620,1619,1615,-1,1621,1616,677,-1,1621,677,673,-1,1622,1612,1616,-1,1622,1616,1621,-1,1622,1618,1612,-1,1623,1615,1618,-1,1623,1620,1615,-1,1624,355,356,-1,1624,1617,1611,-1,1624,1611,1619,-1,1624,1619,1620,-1,1624,356,1617,-1,1625,355,1624,-1,1625,1624,1620,-1,1626,673,669,-1,1626,1621,673,-1,1627,1622,1621,-1,1628,1618,1622,-1,1628,1623,1618,-1,1629,354,355,-1,1629,1620,1623,-1,1629,355,1625,-1,1629,1625,1620,-1,1630,1621,1626,-1,1630,1627,1621,-1,1631,669,667,-1,1631,1626,669,-1,1631,1630,1626,-1,1632,1622,1627,-1,1632,1628,1622,-1,1632,1627,1630,-1,1633,1623,1628,-1,1633,354,1629,-1,1633,1629,1623,-1,1634,667,666,-1,1634,1631,667,-1,1635,1632,1630,-1,1636,1634,666,-1,1637,1630,1631,-1,1637,1631,1634,-1,1638,353,354,-1,1638,354,1633,-1,1638,1628,1632,-1,1638,1633,1628,-1,1639,1637,1634,-1,1640,1638,1632,-1,1640,353,1638,-1,1640,1632,1635,-1,1641,1636,666,-1,1641,666,671,-1,1642,1639,1634,-1,1642,1634,1636,-1,1643,1637,1639,-1,1643,1635,1630,-1,1643,1630,1637,-1,1644,1643,1639,-1,1645,671,675,-1,1645,1641,671,-1,1646,1642,1636,-1,1646,1641,1645,-1,1646,1636,1641,-1,1647,1639,1642,-1,1647,1644,1639,-1,1647,1642,1646,-1,1648,353,1640,-1,1648,352,353,-1,1648,1635,1643,-1,1648,1640,1635,-1,1648,1643,1644,-1,1649,352,1648,-1,1649,1648,1644,-1,1650,1645,675,-1,1650,675,679,-1,1651,1646,1645,-1,1652,1647,1646,-1,1653,351,352,-1,1653,1644,1647,-1,1653,352,1649,-1,1653,1649,1644,-1,1654,1645,1650,-1,1654,1651,1645,-1,1655,1650,679,-1,1655,679,682,-1,1656,1646,1651,-1,1656,1652,1646,-1,1657,1647,1652,-1,1657,351,1653,-1,1657,1653,1647,-1,1658,1655,682,-1,1658,682,685,-1,1659,1651,1654,-1,1659,1656,1651,-1,1660,689,1535,-1,1660,685,689,-1,1660,1658,685,-1,1661,1650,1655,-1,1661,1654,1650,-1,1662,350,351,-1,1662,351,1657,-1,1662,1652,1656,-1,1662,1657,1652,-1,1663,1655,1658,-1,1663,1661,1655,-1,1664,350,1662,-1,1664,1656,1659,-1,1664,1662,1656,-1,1665,1535,1534,-1,1665,1660,1535,-1,1665,1663,1658,-1,1665,1658,1660,-1,1666,1659,1654,-1,1666,1654,1661,-1,1666,1664,1659,-1,1667,1661,1663,-1,1667,1666,1661,-1,1668,1534,1533,-1,1668,1665,1534,-1,1668,1663,1665,-1,1668,1667,1663,-1,1669,349,350,-1,1669,350,1664,-1,1669,1664,1666,-1,1670,349,1669,-1,1670,1666,1667,-1,1670,1667,1668,-1,1670,1669,1666,-1,1671,1532,347,-1,1671,1533,1532,-1,1671,347,349,-1,1671,1670,1668,-1,1671,1668,1533,-1,1671,349,1670,-1,1672,1673,327,-1,1672,327,326,-1,1674,1672,326,-1,1675,326,325,-1,1675,1674,326,-1,1676,1677,1673,-1,1676,1673,1672,-1,1678,1676,1672,-1,1678,1672,1674,-1,1679,1675,325,-1,1680,1674,1675,-1,1680,1678,1674,-1,1681,1682,1677,-1,1681,1677,1676,-1,1683,1676,1678,-1,1683,1681,1676,-1,1684,1679,325,-1,1684,325,324,-1,1685,1675,1679,-1,1685,1680,1675,-1,1686,1683,1678,-1,1686,1678,1680,-1,1687,1014,1013,-1,1687,1013,1688,-1,1687,1688,1682,-1,1687,1682,1681,-1,1689,1015,1014,-1,1689,1687,1681,-1,1689,1681,1683,-1,1689,1014,1687,-1,1690,1684,324,-1,1691,1679,1684,-1,1691,1685,1679,-1,1692,1680,1685,-1,1692,1686,1680,-1,1693,1683,1686,-1,1693,1015,1689,-1,1693,1689,1683,-1,1694,1691,1684,-1,1694,1684,1690,-1,1695,1690,324,-1,1695,324,328,-1,1696,1692,1685,-1,1696,1685,1691,-1,1697,1016,1015,-1,1697,1693,1686,-1,1697,1686,1692,-1,1697,1015,1693,-1,1698,1695,328,-1,1699,1691,1694,-1,1699,1696,1691,-1,1700,328,330,-1,1700,1698,328,-1,1701,1694,1690,-1,1701,1690,1695,-1,1702,1017,1016,-1,1702,1016,1697,-1,1702,1692,1696,-1,1702,1697,1692,-1,1703,1695,1698,-1,1703,1701,1695,-1,1704,1696,1699,-1,1704,1018,1017,-1,1704,1702,1696,-1,1704,1017,1702,-1,1705,1700,330,-1,1706,1698,1700,-1,1706,1703,1698,-1,1707,1694,1701,-1,1707,1699,1694,-1,1708,1707,1701,-1,1708,1701,1703,-1,1709,1700,1705,-1,1709,1706,1700,-1,1710,1705,330,-1,1710,330,329,-1,1711,1703,1706,-1,1711,1708,1703,-1,1712,1704,1699,-1,1712,1699,1707,-1,1712,1019,1018,-1,1712,1018,1704,-1,1713,1712,1707,-1,1713,1707,1708,-1,1713,1020,1019,-1,1713,1019,1712,-1,1714,1710,329,-1,1715,1711,1706,-1,1715,1706,1709,-1,1716,1714,329,-1,1716,329,333,-1,1717,1709,1705,-1,1717,1705,1710,-1,1718,1708,1711,-1,1718,1020,1713,-1,1718,1713,1708,-1,1719,1717,1710,-1,1719,1710,1714,-1,1720,1716,333,-1,1721,1021,1020,-1,1721,1020,1718,-1,1721,1718,1711,-1,1721,1711,1715,-1,1722,1714,1716,-1,1722,1719,1714,-1,1723,1715,1709,-1,1723,1709,1717,-1,1724,1723,1717,-1,1724,1717,1719,-1,1725,1720,333,-1,1725,333,332,-1,1726,1722,1716,-1,1726,1716,1720,-1,1727,1719,1722,-1,1727,1724,1719,-1,1728,1022,1021,-1,1728,1021,1721,-1,1728,1715,1723,-1,1728,1721,1715,-1,1729,1723,1724,-1,1729,1023,1022,-1,1729,1022,1728,-1,1729,1728,1723,-1,1730,1725,332,-1,1731,332,331,-1,1731,1730,332,-1,1732,1720,1725,-1,1732,1726,1720,-1,1733,1722,1726,-1,1733,1727,1722,-1,1733,1726,1732,-1,1734,1729,1724,-1,1734,1023,1729,-1,1734,1724,1727,-1,1735,1732,1725,-1,1735,1725,1730,-1,1736,1731,331,-1,1737,1730,1731,-1,1737,1735,1730,-1,1738,1733,1732,-1,1739,1024,1023,-1,1739,1023,1734,-1,1739,1727,1733,-1,1739,1734,1727,-1,1740,1732,1735,-1,1740,1738,1732,-1,1741,331,335,-1,1741,1736,331,-1,1742,1731,1736,-1,1742,1737,1731,-1,1743,1740,1735,-1,1743,1735,1737,-1,1744,1733,1738,-1,1744,1025,1024,-1,1744,1739,1733,-1,1744,1024,1739,-1,1745,1744,1738,-1,1745,1738,1740,-1,1745,1025,1744,-1,1745,1026,1025,-1,1745,1740,1743,-1,1746,1741,335,-1,1747,1736,1741,-1,1747,1741,1746,-1,1747,1742,1736,-1,1748,1743,1737,-1,1748,1737,1742,-1,1749,1745,1743,-1,1749,1026,1745,-1,1750,1747,1746,-1,1751,1746,335,-1,1751,335,341,-1,1752,1742,1747,-1,1752,1748,1742,-1,1753,1743,1748,-1,1753,1027,1026,-1,1753,1749,1743,-1,1753,1028,1027,-1,1753,1026,1749,-1,1754,1751,341,-1,1755,1747,1750,-1,1755,1752,1747,-1,1756,341,340,-1,1756,1754,341,-1,1757,1750,1746,-1,1757,1746,1751,-1,1758,1028,1753,-1,1758,1753,1748,-1,1758,1748,1752,-1,1759,1751,1754,-1,1759,1757,1751,-1,1760,1752,1755,-1,1760,1029,1028,-1,1760,1758,1752,-1,1760,1028,1758,-1,1761,1756,340,-1,1762,1754,1756,-1,1762,1759,1754,-1,1763,1750,1757,-1,1763,1755,1750,-1,1763,1757,1759,-1,1764,1763,1759,-1,1765,1756,1761,-1,1765,1762,1756,-1,1766,340,339,-1,1766,1761,340,-1,1767,1759,1762,-1,1767,1764,1759,-1,1768,1760,1755,-1,1768,1012,1029,-1,1768,1755,1763,-1,1768,1029,1760,-1,1769,1011,1012,-1,1769,1012,1768,-1,1769,1763,1764,-1,1769,1768,1763,-1,1770,1766,339,-1,1771,339,343,-1,1771,1770,339,-1,1772,1762,1765,-1,1772,1767,1762,-1,1773,1765,1761,-1,1773,1761,1766,-1,1774,1764,1767,-1,1774,1011,1769,-1,1774,1769,1764,-1,1775,1773,1766,-1,1775,1766,1770,-1,1776,1771,343,-1,1777,1775,1770,-1,1777,1770,1771,-1,1778,1774,1767,-1,1778,1767,1772,-1,1778,1011,1774,-1,1778,1009,1011,-1,1779,1772,1765,-1,1779,1765,1773,-1,1780,1773,1775,-1,1780,1779,1773,-1,1780,1775,1777,-1,1781,1776,343,-1,1781,343,342,-1,1782,1777,1771,-1,1782,1771,1776,-1,1783,1780,1777,-1,1784,1009,1778,-1,1784,1772,1779,-1,1784,1779,1780,-1,1784,1007,1009,-1,1784,1778,1772,-1,1785,1784,1780,-1,1785,1004,1007,-1,1785,1007,1784,-1,1786,1781,342,-1,1787,342,337,-1,1787,1786,342,-1,1788,1776,1781,-1,1788,1782,1776,-1,1789,1777,1782,-1,1789,1783,1777,-1,1790,1780,1783,-1,1790,1785,1780,-1,1790,1004,1785,-1,1791,1781,1786,-1,1791,1788,1781,-1,1792,1787,337,-1,1793,1791,1786,-1,1793,1786,1787,-1,1794,1789,1782,-1,1794,1782,1788,-1,1795,1003,1004,-1,1795,1001,1003,-1,1795,1789,1794,-1,1795,1783,1789,-1,1795,1790,1783,-1,1795,1004,1790,-1,1796,1791,1793,-1,1796,1794,1788,-1,1796,1788,1791,-1,1797,337,338,-1,1797,1792,337,-1,1798,1787,1792,-1,1798,1793,1787,-1,1799,1796,1793,-1,1800,1001,1795,-1,1800,1795,1794,-1,1800,1794,1796,-1,1801,999,1001,-1,1801,1001,1800,-1,1801,1800,1796,-1,1802,1797,338,-1,1803,1792,1797,-1,1803,1798,1792,-1,1803,1797,1802,-1,1804,1793,1798,-1,1804,1799,1793,-1,1805,1796,1799,-1,1805,999,1801,-1,1805,1801,1796,-1,1806,1803,1802,-1,1807,338,336,-1,1807,1802,338,-1,1808,1803,1806,-1,1808,1798,1803,-1,1808,1804,1798,-1,1809,997,999,-1,1809,999,1805,-1,1809,1799,1804,-1,1809,1805,1799,-1,1810,1807,336,-1,1811,1808,1806,-1,1812,334,1813,-1,1812,1810,336,-1,1812,336,334,-1,1814,1806,1802,-1,1814,1802,1807,-1,1815,1804,1808,-1,1815,995,997,-1,1815,997,1809,-1,1815,1809,1804,-1,1816,1814,1807,-1,1816,1807,1810,-1,1817,1815,1808,-1,1817,995,1815,-1,1817,993,995,-1,1817,1808,1811,-1,1818,1813,1819,-1,1818,1819,1820,-1,1818,1810,1812,-1,1818,1816,1810,-1,1818,1812,1813,-1,1821,1814,1816,-1,1821,1806,1814,-1,1821,1811,1806,-1,1822,1816,1818,-1,1822,1821,1816,-1,1823,1822,1818,-1,1823,1818,1820,-1,1824,993,1817,-1,1824,991,993,-1,1824,1817,1811,-1,1824,1811,1821,-1,1825,991,1824,-1,1825,988,991,-1,1825,1821,1822,-1,1825,1824,1821,-1,1826,1820,1827,-1,1826,1827,987,-1,1826,1823,1820,-1,1826,987,988,-1,1826,1822,1823,-1,1826,988,1825,-1,1826,1825,1822,-1,304,327,1673,-1,1828,1673,1677,-1,1828,304,1673,-1,1829,1677,1682,-1,1829,1828,1677,-1,1830,1829,1682,-1,1831,1682,1688,-1,1831,1830,1682,-1,985,1688,1013,-1,985,1831,1688,-1,1813,316,1832,-1,1813,334,316,-1,1819,1832,1833,-1,1819,1813,1832,-1,1820,1833,1834,-1,1820,1819,1833,-1,1827,1834,1835,-1,1827,1820,1834,-1,987,1835,914,-1,987,1827,1835,-1,1836,1832,316,-1,1836,316,323,-1,1837,1836,323,-1,1838,323,313,-1,1838,1837,323,-1,1839,1833,1832,-1,1839,1832,1836,-1,1840,1839,1836,-1,1840,1836,1837,-1,1841,1838,313,-1,1842,1837,1838,-1,1842,1840,1837,-1,1843,1834,1833,-1,1843,1833,1839,-1,1844,1839,1840,-1,1844,1843,1839,-1,1845,1841,313,-1,1845,313,315,-1,1846,1838,1841,-1,1846,1842,1838,-1,1847,1840,1842,-1,1847,1844,1840,-1,1848,912,914,-1,1848,1835,1834,-1,1848,914,1835,-1,1848,1834,1843,-1,1849,910,912,-1,1849,1848,1843,-1,1849,1843,1844,-1,1849,912,1848,-1,1850,1845,315,-1,1851,1846,1841,-1,1851,1841,1845,-1,1852,1842,1846,-1,1852,1847,1842,-1,1853,910,1849,-1,1853,1844,1847,-1,1853,1849,1844,-1,1854,1851,1845,-1,1854,1845,1850,-1,1855,1850,315,-1,1855,315,314,-1,1856,1846,1851,-1,1856,1852,1846,-1,1857,905,910,-1,1857,1847,1852,-1,1857,910,1853,-1,1857,1853,1847,-1,1858,1855,314,-1,1859,1851,1854,-1,1859,1856,1851,-1,1860,314,310,-1,1860,1858,314,-1,1861,1854,1850,-1,1861,1850,1855,-1,1862,901,905,-1,1862,905,1857,-1,1862,1852,1856,-1,1862,1857,1852,-1,1863,1855,1858,-1,1863,1861,1855,-1,1864,1856,1859,-1,1864,897,901,-1,1864,901,1862,-1,1864,1862,1856,-1,1865,1860,310,-1,1866,1858,1860,-1,1866,1863,1858,-1,1867,1854,1861,-1,1867,1859,1854,-1,1868,1867,1861,-1,1868,1861,1863,-1,1869,1860,1865,-1,1869,1866,1860,-1,1870,1865,310,-1,1870,310,312,-1,1871,1863,1866,-1,1871,1868,1863,-1,1872,1864,1859,-1,1872,1859,1867,-1,1872,895,897,-1,1872,897,1864,-1,1873,1872,1867,-1,1873,1867,1868,-1,1873,889,895,-1,1873,895,1872,-1,1874,1870,312,-1,1875,1871,1866,-1,1875,1866,1869,-1,1876,1874,312,-1,1876,312,311,-1,1877,1869,1865,-1,1877,1865,1870,-1,1878,1868,1871,-1,1878,889,1873,-1,1878,1873,1868,-1,1879,1877,1870,-1,1879,1870,1874,-1,1880,1876,311,-1,1881,891,889,-1,1881,889,1878,-1,1881,1878,1871,-1,1881,1871,1875,-1,1882,1874,1876,-1,1882,1879,1874,-1,1883,1875,1869,-1,1883,1869,1877,-1,1884,1883,1877,-1,1884,1877,1879,-1,1885,1880,311,-1,1885,311,322,-1,1886,1882,1876,-1,1886,1876,1880,-1,1887,1879,1882,-1,1887,1884,1879,-1,1888,893,891,-1,1888,891,1881,-1,1888,1875,1883,-1,1888,1881,1875,-1,1889,1883,1884,-1,1889,899,893,-1,1889,893,1888,-1,1889,1888,1883,-1,1890,1885,322,-1,1891,322,321,-1,1891,1890,322,-1,1892,1880,1885,-1,1892,1886,1880,-1,1893,1882,1886,-1,1893,1887,1882,-1,1894,1889,1884,-1,1894,899,1889,-1,1894,1884,1887,-1,1895,1892,1885,-1,1895,1885,1890,-1,1896,1891,321,-1,1897,1890,1891,-1,1897,1895,1890,-1,1898,1893,1886,-1,1898,1886,1892,-1,1899,903,899,-1,1899,899,1894,-1,1899,1887,1893,-1,1899,1894,1887,-1,1900,1892,1895,-1,1900,1898,1892,-1,1901,321,320,-1,1901,1896,321,-1,1902,1891,1896,-1,1902,1897,1891,-1,1903,1900,1895,-1,1903,1895,1897,-1,1904,1899,1893,-1,1904,907,903,-1,1904,903,1899,-1,1904,1893,1898,-1,1905,1898,1900,-1,1905,907,1904,-1,1905,909,907,-1,1905,1900,1903,-1,1905,1904,1898,-1,1906,1901,320,-1,1907,1896,1901,-1,1907,1902,1896,-1,1908,1903,1897,-1,1908,1897,1902,-1,1909,1905,1903,-1,1909,909,1905,-1,1910,1901,1906,-1,1910,1907,1901,-1,1911,1906,320,-1,1911,320,319,-1,1912,1907,1910,-1,1912,1902,1907,-1,1912,1908,1902,-1,1913,1909,1903,-1,1913,1903,1908,-1,1913,935,909,-1,1913,909,1909,-1,1914,1911,319,-1,1915,1912,1910,-1,1916,319,318,-1,1916,1914,319,-1,1917,1910,1906,-1,1917,1906,1911,-1,1917,1911,1914,-1,1918,936,935,-1,1918,935,1913,-1,1918,1913,1908,-1,1918,1908,1912,-1,1919,1917,1914,-1,1920,937,936,-1,1920,936,1918,-1,1920,1912,1915,-1,1920,1918,1912,-1,1921,1916,318,-1,1922,1914,1916,-1,1922,1919,1914,-1,1923,1915,1910,-1,1923,1910,1917,-1,1924,1917,1919,-1,1924,1923,1917,-1,1925,1916,1921,-1,1925,1922,1916,-1,1926,318,317,-1,1926,1921,318,-1,1927,1919,1922,-1,1927,1924,1919,-1,1928,937,1920,-1,1928,938,937,-1,1928,1915,1923,-1,1928,1923,1924,-1,1928,1920,1915,-1,1929,939,938,-1,1929,938,1928,-1,1929,1928,1924,-1,1930,1926,317,-1,1931,317,309,-1,1931,1930,317,-1,1932,1922,1925,-1,1932,1927,1922,-1,1933,1925,1921,-1,1933,1921,1926,-1,1934,1924,1927,-1,1934,939,1929,-1,1934,1929,1924,-1,1935,1933,1926,-1,1935,1926,1930,-1,1935,1930,1931,-1,1936,1931,309,-1,1937,1935,1931,-1,1938,1934,1927,-1,1938,1927,1932,-1,1938,939,1934,-1,1938,940,939,-1,1939,1932,1925,-1,1939,1925,1933,-1,1939,1938,1932,-1,1940,1933,1935,-1,1940,1939,1933,-1,1941,1936,309,-1,1941,309,308,-1,1942,1936,1941,-1,1942,1937,1931,-1,1942,1931,1936,-1,1943,1940,1935,-1,1943,1935,1937,-1,1944,1939,1940,-1,1944,940,1938,-1,1944,941,940,-1,1944,1938,1939,-1,1945,1944,1940,-1,1945,1940,1943,-1,1945,942,941,-1,1945,941,1944,-1,1946,1941,308,-1,1947,1946,308,-1,1947,308,307,-1,1948,1942,1941,-1,1949,1943,1937,-1,1949,1937,1942,-1,1950,1945,1943,-1,1950,942,1945,-1,1951,1941,1946,-1,1951,1948,1941,-1,1952,1947,307,-1,1953,1951,1946,-1,1953,1946,1947,-1,1953,1947,1952,-1,1954,1942,1948,-1,1954,1949,1942,-1,1955,943,942,-1,1955,1950,1943,-1,1955,942,1950,-1,1955,1943,1949,-1,1955,1949,1954,-1,1956,1948,1951,-1,1956,1954,1948,-1,1957,307,306,-1,1957,1952,307,-1,1958,1953,1952,-1,1959,1951,1953,-1,1959,1956,1951,-1,1960,944,943,-1,1960,943,1955,-1,1960,1955,1954,-1,1960,1954,1956,-1,1961,945,944,-1,1961,944,1960,-1,1961,1960,1956,-1,1962,1957,306,-1,1963,1952,1957,-1,1963,1958,1952,-1,1963,1957,1962,-1,1964,1953,1958,-1,1964,1959,1953,-1,1965,1956,1959,-1,1965,945,1961,-1,1965,1961,1956,-1,1966,1963,1962,-1,1967,306,305,-1,1967,1962,306,-1,1968,1963,1966,-1,1968,1958,1963,-1,1968,1964,1958,-1,1969,946,945,-1,1969,945,1965,-1,1969,1959,1964,-1,1969,1965,1959,-1,1970,1967,305,-1,1971,1968,1966,-1,1972,304,1828,-1,1972,1970,305,-1,1972,305,304,-1,1973,1966,1962,-1,1973,1962,1967,-1,1974,1964,1968,-1,1974,981,946,-1,1974,946,1969,-1,1974,1969,1964,-1,1975,1967,1970,-1,1975,1973,1967,-1,1976,1968,1971,-1,1976,982,981,-1,1976,981,1974,-1,1976,1974,1968,-1,1977,1828,1829,-1,1977,1972,1828,-1,1977,1970,1972,-1,1977,1975,1970,-1,1978,1971,1966,-1,1978,1966,1973,-1,1979,1973,1975,-1,1979,1978,1973,-1,1980,1829,1830,-1,1980,1977,1829,-1,1980,1975,1977,-1,1980,1979,1975,-1,1981,1976,1971,-1,1981,1971,1978,-1,1981,982,1976,-1,1981,983,982,-1,1982,984,983,-1,1982,1978,1979,-1,1982,1981,1978,-1,1982,983,1981,-1,1983,1831,985,-1,1983,1830,1831,-1,1983,985,984,-1,1983,1979,1980,-1,1983,984,1982,-1,1983,1982,1979,-1,1983,1980,1830,-1,1984,1985,815,-1,1984,815,816,-1,1986,816,817,-1,1986,1984,816,-1,1987,1986,817,-1,1988,1989,1985,-1,1988,1985,1984,-1,1990,1988,1984,-1,1990,1984,1986,-1,1991,817,818,-1,1991,1987,817,-1,1992,1990,1986,-1,1992,1986,1987,-1,1993,1994,1989,-1,1993,1989,1988,-1,1995,1988,1990,-1,1995,1993,1988,-1,1996,818,819,-1,1996,1991,818,-1,1997,1987,1991,-1,1997,1992,1987,-1,1998,1990,1992,-1,1998,1995,1990,-1,1999,289,293,-1,1999,293,2000,-1,1999,2000,1994,-1,1999,1994,1993,-1,2001,1999,1993,-1,2001,289,1999,-1,2001,1993,1995,-1,2002,819,820,-1,2002,1996,819,-1,2003,1991,1996,-1,2003,1997,1991,-1,2004,1998,1992,-1,2004,1992,1997,-1,2005,288,289,-1,2005,1995,1998,-1,2005,2001,1995,-1,2005,289,2001,-1,2006,820,821,-1,2006,2002,820,-1,2007,1996,2002,-1,2007,2003,1996,-1,2008,1997,2003,-1,2008,2004,1997,-1,2009,1998,2004,-1,2009,288,2005,-1,2009,2005,1998,-1,2010,821,822,-1,2010,2006,821,-1,2011,2010,822,-1,2012,2002,2006,-1,2012,2007,2002,-1,2013,2008,2003,-1,2013,2003,2007,-1,2014,2004,2008,-1,2014,286,288,-1,2014,288,2009,-1,2014,2009,2004,-1,2015,2006,2010,-1,2015,2012,2006,-1,2016,822,823,-1,2016,2011,822,-1,2017,2010,2011,-1,2017,2015,2010,-1,2018,2007,2012,-1,2018,2013,2007,-1,2019,286,2014,-1,2019,2014,2008,-1,2019,2008,2013,-1,2020,2018,2012,-1,2020,2012,2015,-1,2021,823,824,-1,2021,2016,823,-1,2022,2011,2016,-1,2022,2017,2011,-1,2023,2020,2015,-1,2023,2015,2017,-1,2024,2019,2013,-1,2024,287,286,-1,2024,286,2019,-1,2024,2013,2018,-1,2025,287,2024,-1,2025,2024,2018,-1,2025,2018,2020,-1,2026,2021,824,-1,2026,824,825,-1,2027,2016,2021,-1,2027,2022,2016,-1,2028,2023,2017,-1,2028,2017,2022,-1,2029,2020,2023,-1,2029,287,2025,-1,2029,290,287,-1,2029,2025,2020,-1,2030,2021,2026,-1,2030,2027,2021,-1,2031,2026,825,-1,2031,825,826,-1,2032,2022,2027,-1,2032,2028,2022,-1,2033,2023,2028,-1,2033,2029,2023,-1,2033,290,2029,-1,2034,2031,826,-1,2034,826,827,-1,2035,2034,827,-1,2036,2027,2030,-1,2036,2032,2027,-1,2037,2026,2031,-1,2037,2030,2026,-1,2038,291,290,-1,2038,2033,2028,-1,2038,2028,2032,-1,2038,290,2033,-1,2039,2031,2034,-1,2039,2037,2031,-1,2039,2034,2035,-1,2040,827,828,-1,2040,2035,827,-1,2041,2039,2035,-1,2042,291,2038,-1,2042,2032,2036,-1,2042,2038,2032,-1,2043,2030,2037,-1,2043,2036,2030,-1,2044,2037,2039,-1,2044,2043,2037,-1,2045,828,829,-1,2045,2040,828,-1,2046,2035,2040,-1,2046,2041,2035,-1,2047,2039,2041,-1,2047,2044,2039,-1,2048,292,291,-1,2048,291,2042,-1,2048,2036,2043,-1,2048,2042,2036,-1,2049,292,2048,-1,2049,2043,2044,-1,2049,2048,2043,-1,2050,2045,829,-1,2050,829,830,-1,2051,2040,2045,-1,2051,2046,2040,-1,2052,2041,2046,-1,2052,2047,2041,-1,2053,294,292,-1,2053,2044,2047,-1,2053,292,2049,-1,2053,2049,2044,-1,2054,2045,2050,-1,2054,2051,2045,-1,2055,830,813,-1,2055,2050,830,-1,2056,2046,2051,-1,2056,2052,2046,-1,2057,2053,2047,-1,2057,2047,2052,-1,2057,294,2053,-1,2058,2055,813,-1,2058,813,811,-1,2059,2051,2054,-1,2059,2056,2051,-1,2060,2058,811,-1,2061,2054,2050,-1,2061,2050,2055,-1,2062,2052,2056,-1,2062,294,2057,-1,2062,297,294,-1,2062,2057,2052,-1,2063,2061,2055,-1,2063,2055,2058,-1,2064,2060,811,-1,2064,811,809,-1,2065,2062,2056,-1,2065,297,2062,-1,2065,2056,2059,-1,2066,2063,2058,-1,2066,2058,2060,-1,2067,2054,2061,-1,2067,2061,2063,-1,2067,2059,2054,-1,2068,2063,2066,-1,2068,2067,2063,-1,2069,2064,809,-1,2069,809,807,-1,2070,2060,2064,-1,2070,2066,2060,-1,2071,2068,2066,-1,2072,298,297,-1,2072,297,2065,-1,2072,2065,2059,-1,2072,2059,2067,-1,2072,2067,2068,-1,2073,298,2072,-1,2073,2068,2071,-1,2073,2072,2068,-1,2074,807,805,-1,2074,2069,807,-1,2075,2064,2069,-1,2075,2070,2064,-1,2076,2066,2070,-1,2076,2071,2066,-1,2077,303,298,-1,2077,298,2073,-1,2077,2073,2071,-1,2078,2069,2074,-1,2078,2075,2069,-1,2079,805,803,-1,2079,2074,805,-1,2080,2070,2075,-1,2080,2076,2070,-1,2081,303,2077,-1,2081,2071,2076,-1,2081,2077,2071,-1,2082,803,801,-1,2082,2079,803,-1,2083,2075,2078,-1,2083,2080,2075,-1,2084,2082,801,-1,2085,2078,2074,-1,2085,2074,2079,-1,2086,301,303,-1,2086,303,2081,-1,2086,2076,2080,-1,2086,2081,2076,-1,2086,2080,2083,-1,2087,2079,2082,-1,2087,2085,2079,-1,2088,301,2086,-1,2088,2086,2083,-1,2089,2084,801,-1,2089,801,799,-1,2090,2087,2082,-1,2090,2082,2084,-1,2091,2078,2085,-1,2091,2083,2078,-1,2092,2085,2087,-1,2092,2091,2085,-1,2093,2089,799,-1,2093,799,797,-1,2094,2090,2084,-1,2094,2084,2089,-1,2095,2092,2087,-1,2095,2087,2090,-1,2095,2090,2094,-1,2096,2088,2083,-1,2096,302,301,-1,2096,301,2088,-1,2096,2091,2092,-1,2096,2083,2091,-1,2097,302,2096,-1,2097,2096,2092,-1,2098,2093,797,-1,2098,797,795,-1,2099,2094,2089,-1,2099,2089,2093,-1,2100,2094,2099,-1,2100,2095,2094,-1,2101,299,302,-1,2101,2092,2095,-1,2101,302,2097,-1,2101,2097,2092,-1,2102,2099,2093,-1,2102,2093,2098,-1,2103,2102,2098,-1,2103,2098,795,-1,2103,795,793,-1,2104,2100,2099,-1,2105,2095,2100,-1,2105,299,2101,-1,2105,2101,2095,-1,2106,2103,793,-1,2106,793,791,-1,2107,2099,2102,-1,2107,2104,2099,-1,2108,788,2109,-1,2108,791,788,-1,2108,2106,791,-1,2110,2102,2103,-1,2110,2103,2106,-1,2111,300,299,-1,2111,299,2105,-1,2111,2100,2104,-1,2111,2105,2100,-1,2112,2110,2106,-1,2113,300,2111,-1,2113,2104,2107,-1,2113,2111,2104,-1,2114,2109,2115,-1,2114,2108,2109,-1,2114,2106,2108,-1,2114,2112,2106,-1,2116,2102,2110,-1,2116,2107,2102,-1,2117,2116,2110,-1,2117,2110,2112,-1,2118,2115,2119,-1,2118,2114,2115,-1,2118,2112,2114,-1,2118,2117,2112,-1,2120,296,300,-1,2120,300,2113,-1,2120,2113,2107,-1,2120,2107,2116,-1,2121,296,2120,-1,2121,2116,2117,-1,2121,2120,2116,-1,2122,2119,2123,-1,2122,2123,295,-1,2122,295,296,-1,2122,296,2121,-1,2122,2118,2119,-1,2122,2117,2118,-1,2122,2121,2117,-1,2000,269,2124,-1,2000,293,269,-1,1994,2124,2125,-1,1994,2125,2126,-1,1994,2000,2124,-1,1989,2126,2127,-1,1989,1994,2126,-1,1985,1989,2127,-1,815,2127,787,-1,815,1985,2127,-1,2128,276,295,-1,2128,295,2123,-1,2129,2119,2115,-1,2129,2123,2119,-1,2129,2128,2123,-1,2130,2115,2109,-1,2130,2129,2115,-1,2131,2130,2109,-1,717,2109,788,-1,717,2131,2109,-1,2132,2131,717,-1,2132,717,715,-1,2133,715,713,-1,2133,2132,715,-1,2134,2133,713,-1,2135,2130,2131,-1,2135,2131,2132,-1,2136,2135,2132,-1,2136,2132,2133,-1,2137,713,709,-1,2137,2134,713,-1,2138,2136,2133,-1,2138,2133,2134,-1,2139,2129,2130,-1,2139,2130,2135,-1,2140,2135,2136,-1,2140,2139,2135,-1,2141,709,703,-1,2141,2137,709,-1,2142,2134,2137,-1,2142,2138,2134,-1,2143,2136,2138,-1,2143,2140,2136,-1,2144,274,276,-1,2144,2128,2129,-1,2144,276,2128,-1,2144,2129,2139,-1,2145,2144,2139,-1,2145,274,2144,-1,2145,2139,2140,-1,2146,2141,703,-1,2146,703,701,-1,2147,2142,2137,-1,2147,2137,2141,-1,2148,2143,2138,-1,2148,2138,2142,-1,2149,275,274,-1,2149,2140,2143,-1,2149,2145,2140,-1,2149,274,2145,-1,2150,2146,701,-1,2150,701,695,-1,2151,2141,2146,-1,2151,2147,2141,-1,2152,2142,2147,-1,2152,2148,2142,-1,2153,275,2149,-1,2153,2143,2148,-1,2153,2149,2143,-1,2154,695,692,-1,2154,2150,695,-1,2155,2154,692,-1,2156,2151,2146,-1,2156,2146,2150,-1,2157,2152,2147,-1,2157,2147,2151,-1,2158,272,275,-1,2158,275,2153,-1,2158,2148,2152,-1,2158,2153,2148,-1,2159,2150,2154,-1,2159,2156,2150,-1,2160,692,697,-1,2160,2155,692,-1,2161,2154,2155,-1,2161,2159,2154,-1,2162,2151,2156,-1,2162,2157,2151,-1,2163,2152,2157,-1,2163,2158,2152,-1,2163,272,2158,-1,2164,2156,2159,-1,2164,2159,2161,-1,2164,2162,2156,-1,2165,697,699,-1,2165,2160,697,-1,2166,2155,2160,-1,2166,2161,2155,-1,2167,2164,2161,-1,2168,273,272,-1,2168,272,2163,-1,2168,2157,2162,-1,2168,2163,2157,-1,2169,2162,2164,-1,2169,273,2168,-1,2169,2168,2162,-1,2170,2165,699,-1,2170,699,705,-1,2171,2160,2165,-1,2171,2166,2160,-1,2172,2161,2166,-1,2172,2167,2161,-1,2173,2164,2167,-1,2173,273,2169,-1,2173,271,273,-1,2173,2169,2164,-1,2174,2165,2170,-1,2174,2171,2165,-1,2175,2170,705,-1,2175,705,707,-1,2176,2166,2171,-1,2176,2172,2166,-1,2177,2167,2172,-1,2177,2173,2167,-1,2177,271,2173,-1,2177,2172,2176,-1,2178,2175,707,-1,2178,707,711,-1,2179,2178,711,-1,2180,2171,2174,-1,2180,2176,2171,-1,2181,2174,2170,-1,2181,2170,2175,-1,2182,285,271,-1,2182,2177,2176,-1,2182,271,2177,-1,2183,2175,2178,-1,2183,2181,2175,-1,2184,711,737,-1,2184,2179,711,-1,2185,2178,2179,-1,2185,2183,2178,-1,2186,285,2182,-1,2186,2176,2180,-1,2186,2182,2176,-1,2187,2174,2181,-1,2187,2180,2174,-1,2188,2181,2183,-1,2188,2187,2181,-1,2189,737,738,-1,2189,2184,737,-1,2190,2179,2184,-1,2190,2185,2179,-1,2191,2183,2185,-1,2191,2188,2183,-1,2192,284,285,-1,2192,285,2186,-1,2192,2186,2180,-1,2192,2180,2187,-1,2193,284,2192,-1,2193,2187,2188,-1,2193,2192,2187,-1,2194,2189,738,-1,2194,738,739,-1,2195,2184,2189,-1,2195,2190,2184,-1,2196,2185,2190,-1,2196,2191,2185,-1,2196,2190,2195,-1,2197,283,284,-1,2197,2188,2191,-1,2197,284,2193,-1,2197,2193,2188,-1,2198,2189,2194,-1,2198,2195,2189,-1,2199,739,740,-1,2199,2194,739,-1,2200,2196,2195,-1,2201,2197,2191,-1,2201,2196,2200,-1,2201,2191,2196,-1,2201,283,2197,-1,2202,2199,740,-1,2202,740,741,-1,2203,2195,2198,-1,2203,2200,2195,-1,2204,2202,741,-1,2205,2198,2194,-1,2205,2194,2199,-1,2206,283,2201,-1,2206,282,283,-1,2206,2201,2200,-1,2207,2205,2199,-1,2207,2199,2202,-1,2208,2204,741,-1,2208,741,742,-1,2209,282,2206,-1,2209,2206,2200,-1,2209,2200,2203,-1,2210,2207,2202,-1,2210,2202,2204,-1,2211,2198,2205,-1,2211,2203,2198,-1,2212,2205,2207,-1,2212,2207,2210,-1,2212,2211,2205,-1,2213,2208,742,-1,2213,742,743,-1,2214,2204,2208,-1,2214,2210,2204,-1,2215,2212,2210,-1,2216,281,282,-1,2216,2203,2211,-1,2216,282,2209,-1,2216,2209,2203,-1,2216,2211,2212,-1,2217,281,2216,-1,2217,2212,2215,-1,2217,2216,2212,-1,2218,743,744,-1,2218,2213,743,-1,2219,2208,2213,-1,2219,2214,2208,-1,2220,2210,2214,-1,2220,2215,2210,-1,2221,280,281,-1,2221,281,2217,-1,2221,2217,2215,-1,2222,2213,2218,-1,2222,2219,2213,-1,2223,744,745,-1,2223,2218,744,-1,2224,2214,2219,-1,2224,2220,2214,-1,2225,2215,2220,-1,2225,280,2221,-1,2225,2221,2215,-1,2226,745,746,-1,2226,2223,745,-1,2227,2219,2222,-1,2227,2224,2219,-1,2228,746,747,-1,2228,2226,746,-1,2229,2222,2218,-1,2229,2218,2223,-1,2230,279,280,-1,2230,280,2225,-1,2230,2220,2224,-1,2230,2225,2220,-1,2230,2224,2227,-1,2231,2223,2226,-1,2231,2229,2223,-1,2232,279,2230,-1,2232,2230,2227,-1,2233,2228,747,-1,2234,2231,2226,-1,2234,2226,2228,-1,2235,2229,2231,-1,2235,2222,2229,-1,2235,2227,2222,-1,2236,2235,2231,-1,2237,2233,747,-1,2237,747,783,-1,2238,2234,2228,-1,2238,2228,2233,-1,2239,2234,2238,-1,2239,2236,2231,-1,2239,2231,2234,-1,2240,2232,2227,-1,2240,278,279,-1,2240,279,2232,-1,2240,2235,2236,-1,2240,2227,2235,-1,2241,278,2240,-1,2241,2240,2236,-1,2242,2237,783,-1,2242,783,784,-1,2243,2238,2233,-1,2243,2233,2237,-1,2244,2239,2238,-1,2245,277,278,-1,2245,2236,2239,-1,2245,278,2241,-1,2245,2241,2236,-1,2246,2243,2237,-1,2246,2237,2242,-1,2247,2242,784,-1,2247,784,785,-1,2248,2238,2243,-1,2248,2244,2238,-1,2249,277,2245,-1,2249,2239,2244,-1,2249,2245,2239,-1,2250,2247,785,-1,2250,785,786,-1,2251,2243,2246,-1,2251,2248,2243,-1,2252,787,2127,-1,2252,786,787,-1,2252,2250,786,-1,2253,2246,2242,-1,2253,2242,2247,-1,2253,2247,2250,-1,2254,270,277,-1,2254,2244,2248,-1,2254,277,2249,-1,2254,2249,2244,-1,2255,2253,2250,-1,2256,270,2254,-1,2256,2248,2251,-1,2256,2254,2248,-1,2257,2127,2126,-1,2257,2252,2127,-1,2257,2250,2252,-1,2257,2255,2250,-1,2258,2246,2253,-1,2258,2251,2246,-1,2259,2258,2253,-1,2259,2253,2255,-1,2260,2126,2125,-1,2260,2257,2126,-1,2260,2255,2257,-1,2260,2259,2255,-1,2261,268,270,-1,2261,270,2256,-1,2261,2256,2251,-1,2261,2251,2258,-1,2262,268,2261,-1,2262,2258,2259,-1,2262,2261,2258,-1,2263,2124,269,-1,2263,2125,2124,-1,2263,269,268,-1,2263,268,2262,-1,2263,2260,2125,-1,2263,2259,2260,-1,2263,2262,2259,-1,2264,2265,245,-1,2264,245,247,-1,2266,2264,247,-1,2267,2266,247,-1,2267,247,243,-1,2268,2269,2265,-1,2268,2265,2264,-1,2270,2268,2264,-1,2270,2264,2266,-1,2271,2267,243,-1,2272,2266,2267,-1,2272,2270,2266,-1,2273,2274,2269,-1,2273,2269,2268,-1,2275,2273,2268,-1,2275,2268,2270,-1,2276,2271,243,-1,2276,243,244,-1,2277,2267,2271,-1,2277,2272,2267,-1,2278,2270,2272,-1,2278,2275,2270,-1,2279,716,718,-1,2279,718,2280,-1,2279,2280,2274,-1,2279,2274,2273,-1,2281,716,2279,-1,2281,714,716,-1,2281,2279,2273,-1,2281,2273,2275,-1,2282,2276,244,-1,2283,2277,2271,-1,2283,2271,2276,-1,2284,2272,2277,-1,2284,2278,2272,-1,2285,2281,2275,-1,2285,2275,2278,-1,2285,714,2281,-1,2286,2283,2276,-1,2286,2276,2282,-1,2287,244,239,-1,2287,2282,244,-1,2288,2284,2277,-1,2288,2277,2283,-1,2289,710,714,-1,2289,714,2285,-1,2289,2278,2284,-1,2289,2285,2278,-1,2290,2287,239,-1,2291,2288,2283,-1,2291,2283,2286,-1,2292,239,242,-1,2292,2290,239,-1,2293,2282,2287,-1,2293,2286,2282,-1,2294,704,710,-1,2294,710,2289,-1,2294,2284,2288,-1,2294,2289,2284,-1,2295,2293,2287,-1,2295,2287,2290,-1,2296,702,704,-1,2296,2288,2291,-1,2296,2294,2288,-1,2296,704,2294,-1,2297,2292,242,-1,2298,2290,2292,-1,2298,2295,2290,-1,2299,2291,2286,-1,2299,2286,2293,-1,2300,2299,2293,-1,2300,2293,2295,-1,2301,2298,2292,-1,2301,2292,2297,-1,2302,242,241,-1,2302,2297,242,-1,2303,2295,2298,-1,2303,2300,2295,-1,2304,696,702,-1,2304,2291,2299,-1,2304,702,2296,-1,2304,2296,2291,-1,2305,2304,2299,-1,2305,693,696,-1,2305,696,2304,-1,2305,2299,2300,-1,2306,2302,241,-1,2307,2303,2298,-1,2307,2298,2301,-1,2308,2306,241,-1,2308,241,240,-1,2309,2301,2297,-1,2309,2297,2302,-1,2310,693,2305,-1,2310,2305,2300,-1,2310,2300,2303,-1,2311,2309,2302,-1,2311,2302,2306,-1,2312,2308,240,-1,2313,2303,2307,-1,2313,693,2310,-1,2313,694,693,-1,2313,2310,2303,-1,2314,2306,2308,-1,2314,2311,2306,-1,2315,2301,2309,-1,2315,2307,2301,-1,2316,2309,2311,-1,2316,2315,2309,-1,2317,2312,240,-1,2317,240,233,-1,2318,2314,2308,-1,2318,2308,2312,-1,2319,2311,2314,-1,2319,2316,2311,-1,2320,2313,2307,-1,2320,698,694,-1,2320,2307,2315,-1,2320,694,2313,-1,2321,700,698,-1,2321,698,2320,-1,2321,2315,2316,-1,2321,2320,2315,-1,2322,2317,233,-1,2323,233,238,-1,2323,2322,233,-1,2324,2312,2317,-1,2324,2318,2312,-1,2325,2314,2318,-1,2325,2319,2314,-1,2326,2316,2319,-1,2326,700,2321,-1,2326,2321,2316,-1,2327,2324,2317,-1,2327,2317,2322,-1,2328,2323,238,-1,2329,2322,2323,-1,2329,2327,2322,-1,2330,2318,2324,-1,2330,2325,2318,-1,2331,706,700,-1,2331,700,2326,-1,2331,2319,2325,-1,2331,2326,2319,-1,2332,2324,2327,-1,2332,2330,2324,-1,2332,2327,2329,-1,2333,238,237,-1,2333,2328,238,-1,2334,2323,2328,-1,2334,2329,2323,-1,2335,2332,2329,-1,2336,2325,2330,-1,2336,2331,2325,-1,2336,708,706,-1,2336,706,2331,-1,2337,2336,2330,-1,2337,2332,2335,-1,2337,708,2336,-1,2337,712,708,-1,2337,2330,2332,-1,2338,2333,237,-1,2339,2328,2333,-1,2339,2333,2338,-1,2339,2334,2328,-1,2340,2329,2334,-1,2340,2335,2329,-1,2341,2337,2335,-1,2341,712,2337,-1,2342,2339,2338,-1,2343,2338,237,-1,2343,237,236,-1,2344,2334,2339,-1,2344,2340,2334,-1,2345,2335,2340,-1,2345,2341,2335,-1,2345,748,712,-1,2345,712,2341,-1,2346,2343,236,-1,2347,2344,2339,-1,2347,2339,2342,-1,2348,236,235,-1,2348,2346,236,-1,2349,2338,2343,-1,2349,2342,2338,-1,2350,2345,2340,-1,2350,691,748,-1,2350,2340,2344,-1,2350,748,2345,-1,2351,2349,2343,-1,2351,2343,2346,-1,2352,687,691,-1,2352,2344,2347,-1,2352,691,2350,-1,2352,2350,2344,-1,2353,2348,235,-1,2354,2346,2348,-1,2354,2351,2346,-1,2355,2342,2349,-1,2355,2347,2342,-1,2356,2349,2351,-1,2356,2351,2354,-1,2356,2355,2349,-1,2357,2348,2353,-1,2357,2354,2348,-1,2358,235,234,-1,2358,2353,235,-1,2359,2356,2354,-1,2360,686,687,-1,2360,687,2352,-1,2360,2352,2347,-1,2360,2347,2355,-1,2361,683,686,-1,2361,2355,2356,-1,2361,686,2360,-1,2361,2356,2359,-1,2361,2360,2355,-1,2362,2358,234,-1,2363,234,246,-1,2363,2362,234,-1,2364,2354,2357,-1,2364,2359,2354,-1,2365,2357,2353,-1,2365,2353,2358,-1,2366,2361,2359,-1,2366,683,2361,-1,2367,2365,2358,-1,2367,2358,2362,-1,2368,2363,246,-1,2369,2367,2362,-1,2369,2362,2363,-1,2370,2366,2359,-1,2370,680,683,-1,2370,2359,2364,-1,2370,683,2366,-1,2371,2364,2357,-1,2371,2357,2365,-1,2372,2365,2367,-1,2372,2371,2365,-1,2373,2368,246,-1,2373,246,232,-1,2374,2369,2363,-1,2374,2363,2368,-1,2375,2367,2369,-1,2375,2372,2367,-1,2376,676,680,-1,2376,680,2370,-1,2376,2371,2372,-1,2376,2364,2371,-1,2376,2370,2364,-1,2377,672,676,-1,2377,676,2376,-1,2377,2376,2372,-1,2378,2373,232,-1,2379,2378,232,-1,2379,232,231,-1,2380,2374,2368,-1,2380,2368,2373,-1,2381,2375,2369,-1,2381,2369,2374,-1,2382,672,2377,-1,2382,2372,2375,-1,2382,2377,2372,-1,2383,2380,2373,-1,2383,2373,2378,-1,2384,2379,231,-1,2385,2378,2379,-1,2385,2383,2378,-1,2386,2374,2380,-1,2386,2381,2374,-1,2387,668,672,-1,2387,672,2382,-1,2387,2382,2375,-1,2387,2375,2381,-1,2388,2380,2383,-1,2388,2386,2380,-1,2389,231,230,-1,2389,2384,231,-1,2390,2379,2384,-1,2390,2385,2379,-1,2391,2383,2385,-1,2391,2388,2383,-1,2391,2385,2390,-1,2392,665,668,-1,2392,668,2387,-1,2392,2381,2386,-1,2392,2387,2381,-1,2393,670,665,-1,2393,2386,2388,-1,2393,665,2392,-1,2393,2392,2386,-1,2393,2388,2391,-1,2394,2389,230,-1,2395,2390,2384,-1,2395,2384,2389,-1,2395,2389,2394,-1,2396,2391,2390,-1,2397,674,670,-1,2397,670,2393,-1,2397,2393,2391,-1,2397,2391,2396,-1,2398,2395,2394,-1,2399,230,229,-1,2399,2394,230,-1,2400,2390,2395,-1,2400,2396,2390,-1,2401,674,2397,-1,2401,2397,2396,-1,2402,2399,229,-1,2403,2400,2395,-1,2403,2395,2398,-1,2404,228,2405,-1,2404,2402,229,-1,2404,229,228,-1,2406,2398,2394,-1,2406,2394,2399,-1,2406,2403,2398,-1,2407,2401,2396,-1,2407,2396,2400,-1,2407,678,674,-1,2407,674,2401,-1,2408,2399,2402,-1,2408,2406,2399,-1,2409,681,678,-1,2409,2407,2400,-1,2409,678,2407,-1,2409,2400,2403,-1,2410,2405,2411,-1,2410,2402,2404,-1,2410,2408,2402,-1,2410,2404,2405,-1,2412,2403,2406,-1,2412,2406,2408,-1,2412,2409,2403,-1,2413,2412,2408,-1,2414,2411,2415,-1,2414,2410,2411,-1,2414,2408,2410,-1,2414,2413,2408,-1,2416,684,681,-1,2416,2409,2412,-1,2416,2412,2413,-1,2416,681,2409,-1,2417,688,684,-1,2417,684,2416,-1,2417,2416,2413,-1,2418,2415,2419,-1,2418,2419,690,-1,2418,690,688,-1,2418,688,2417,-1,2418,2413,2414,-1,2418,2417,2413,-1,2418,2414,2415,-1,718,790,2420,-1,2280,718,2420,-1,2274,2420,2421,-1,2274,2280,2420,-1,2269,2421,2422,-1,2269,2422,2423,-1,2269,2274,2421,-1,2265,2269,2423,-1,245,2423,258,-1,245,2265,2423,-1,757,690,2419,-1,2424,757,2419,-1,2425,2415,2411,-1,2425,2419,2415,-1,2425,2424,2419,-1,2426,2411,2405,-1,2426,2425,2411,-1,2427,2426,2405,-1,251,2405,228,-1,251,2427,2405,-1,790,789,2420,-1,2428,2427,251,-1,2428,251,250,-1,2429,2428,250,-1,2430,2429,250,-1,2430,250,249,-1,2431,2426,2427,-1,2431,2427,2428,-1,2432,2431,2428,-1,2432,2428,2429,-1,2433,2430,249,-1,2434,2429,2430,-1,2434,2432,2429,-1,2435,2425,2426,-1,2435,2426,2431,-1,2436,2435,2431,-1,2436,2431,2432,-1,2437,2433,249,-1,2437,249,248,-1,2438,2430,2433,-1,2438,2434,2430,-1,2439,2432,2434,-1,2439,2436,2432,-1,2440,759,757,-1,2440,2424,2425,-1,2440,757,2424,-1,2440,2425,2435,-1,2441,759,2440,-1,2441,761,759,-1,2441,2440,2435,-1,2441,2435,2436,-1,2442,2437,248,-1,2443,2438,2433,-1,2443,2433,2437,-1,2444,2434,2438,-1,2444,2439,2434,-1,2445,2441,2436,-1,2445,2436,2439,-1,2445,761,2441,-1,2446,2443,2437,-1,2446,2437,2442,-1,2447,248,252,-1,2447,2442,248,-1,2448,2444,2438,-1,2448,2438,2443,-1,2449,763,761,-1,2449,761,2445,-1,2449,2439,2444,-1,2449,2445,2439,-1,2450,2447,252,-1,2451,2448,2443,-1,2451,2443,2446,-1,2452,252,254,-1,2452,2450,252,-1,2453,2442,2447,-1,2453,2446,2442,-1,2454,765,763,-1,2454,763,2449,-1,2454,2444,2448,-1,2454,2449,2444,-1,2455,2453,2447,-1,2455,2447,2450,-1,2456,767,765,-1,2456,2448,2451,-1,2456,2454,2448,-1,2456,765,2454,-1,2457,2452,254,-1,2458,2450,2452,-1,2458,2455,2450,-1,2459,2451,2446,-1,2459,2446,2453,-1,2460,2459,2453,-1,2460,2453,2455,-1,2461,2458,2452,-1,2461,2452,2457,-1,2462,254,253,-1,2462,2457,254,-1,2463,2455,2458,-1,2463,2460,2455,-1,2464,769,767,-1,2464,2451,2459,-1,2464,767,2456,-1,2464,2456,2451,-1,2465,2464,2459,-1,2465,771,769,-1,2465,769,2464,-1,2465,2459,2460,-1,2466,2462,253,-1,2467,2463,2458,-1,2467,2458,2461,-1,2468,2466,253,-1,2468,253,256,-1,2469,2461,2457,-1,2469,2457,2462,-1,2470,771,2465,-1,2470,2465,2460,-1,2470,2460,2463,-1,2471,2469,2462,-1,2471,2462,2466,-1,2472,2468,256,-1,2473,2463,2467,-1,2473,771,2470,-1,2473,773,771,-1,2473,2470,2463,-1,2474,2466,2468,-1,2474,2471,2466,-1,2475,2461,2469,-1,2475,2467,2461,-1,2476,2469,2471,-1,2476,2475,2469,-1,2477,2472,256,-1,2477,256,255,-1,2478,2474,2468,-1,2478,2468,2472,-1,2479,2471,2474,-1,2479,2476,2471,-1,2480,2473,2467,-1,2480,775,773,-1,2480,2467,2475,-1,2480,773,2473,-1,2481,777,775,-1,2481,775,2480,-1,2481,2475,2476,-1,2481,2480,2475,-1,2482,2477,255,-1,2483,255,257,-1,2483,2482,255,-1,2484,2472,2477,-1,2484,2478,2472,-1,2484,2477,2482,-1,2485,2474,2478,-1,2485,2479,2474,-1,2486,2476,2479,-1,2486,777,2481,-1,2486,2481,2476,-1,2487,2484,2482,-1,2488,2483,257,-1,2489,2482,2483,-1,2489,2487,2482,-1,2489,2483,2488,-1,2490,2478,2484,-1,2490,2485,2478,-1,2491,779,777,-1,2491,777,2486,-1,2491,2479,2485,-1,2491,2486,2479,-1,2491,2485,2490,-1,2492,2490,2484,-1,2492,2484,2487,-1,2493,257,263,-1,2493,2488,257,-1,2494,2489,2488,-1,2495,2492,2487,-1,2495,2487,2489,-1,2496,780,779,-1,2496,779,2491,-1,2496,2491,2490,-1,2497,2490,2492,-1,2497,780,2496,-1,2497,781,780,-1,2497,2496,2490,-1,2498,2493,263,-1,2499,2488,2493,-1,2499,2493,2498,-1,2499,2494,2488,-1,2500,2495,2489,-1,2500,2489,2494,-1,2501,2492,2495,-1,2501,781,2497,-1,2501,2497,2492,-1,2502,2499,2498,-1,2503,2498,263,-1,2503,263,262,-1,2504,2500,2494,-1,2504,2499,2502,-1,2504,2494,2499,-1,2505,2501,2495,-1,2505,781,2501,-1,2505,782,781,-1,2505,2495,2500,-1,2506,2503,262,-1,2507,2504,2502,-1,2508,262,261,-1,2508,2506,262,-1,2509,2502,2498,-1,2509,2498,2503,-1,2510,839,782,-1,2510,2500,2504,-1,2510,782,2505,-1,2510,2505,2500,-1,2511,2509,2503,-1,2511,2503,2506,-1,2512,840,839,-1,2512,839,2510,-1,2512,2504,2507,-1,2512,2510,2504,-1,2513,2508,261,-1,2514,2506,2508,-1,2514,2511,2506,-1,2515,2502,2509,-1,2515,2507,2502,-1,2516,2509,2511,-1,2516,2511,2514,-1,2516,2515,2509,-1,2517,2508,2513,-1,2517,2514,2508,-1,2518,261,260,-1,2518,2513,261,-1,2519,2516,2514,-1,2520,814,840,-1,2520,840,2512,-1,2520,2512,2507,-1,2520,2507,2515,-1,2521,812,814,-1,2521,2520,2515,-1,2521,2515,2516,-1,2521,814,2520,-1,2522,2518,260,-1,2523,260,267,-1,2523,2522,260,-1,2524,2514,2517,-1,2524,2519,2514,-1,2525,2517,2513,-1,2525,2513,2518,-1,2526,2516,2519,-1,2526,812,2521,-1,2526,2521,2516,-1,2527,2525,2518,-1,2527,2518,2522,-1,2528,2523,267,-1,2529,2527,2522,-1,2529,2522,2523,-1,2530,2519,2524,-1,2530,2526,2519,-1,2530,812,2526,-1,2530,810,812,-1,2531,2517,2525,-1,2531,2524,2517,-1,2532,2531,2525,-1,2532,2525,2527,-1,2533,2528,267,-1,2533,267,264,-1,2534,2523,2528,-1,2534,2529,2523,-1,2535,2527,2529,-1,2535,2532,2527,-1,2536,808,810,-1,2536,810,2530,-1,2536,2524,2531,-1,2536,2531,2532,-1,2536,2530,2524,-1,2537,806,808,-1,2537,808,2536,-1,2537,2536,2532,-1,2538,2533,264,-1,2539,2538,264,-1,2539,264,266,-1,2540,2528,2533,-1,2540,2534,2528,-1,2541,2535,2529,-1,2541,2534,2540,-1,2541,2529,2534,-1,2542,806,2537,-1,2542,2532,2535,-1,2542,2537,2532,-1,2543,2540,2533,-1,2543,2533,2538,-1,2543,2538,2539,-1,2544,2539,266,-1,2545,2543,2539,-1,2546,2541,2540,-1,2546,2540,2543,-1,2547,2535,2541,-1,2547,804,806,-1,2547,2542,2535,-1,2547,806,2542,-1,2548,2546,2543,-1,2549,266,265,-1,2549,2544,266,-1,2550,2539,2544,-1,2550,2545,2539,-1,2551,2543,2545,-1,2551,2548,2543,-1,2552,802,804,-1,2552,2547,2541,-1,2552,804,2547,-1,2552,2541,2546,-1,2553,800,802,-1,2553,2548,2551,-1,2553,802,2552,-1,2553,2546,2548,-1,2553,2552,2546,-1,2554,2549,265,-1,2555,2544,2549,-1,2555,2550,2544,-1,2556,2545,2550,-1,2556,2551,2545,-1,2556,2550,2555,-1,2557,798,800,-1,2557,800,2553,-1,2557,2553,2551,-1,2558,2549,2554,-1,2558,2555,2549,-1,2559,265,259,-1,2559,2554,265,-1,2560,2556,2555,-1,2561,2557,2551,-1,2561,2551,2556,-1,2561,798,2557,-1,2562,2559,259,-1,2563,2560,2555,-1,2563,2555,2558,-1,2564,258,2423,-1,2564,2562,259,-1,2564,259,258,-1,2565,2558,2554,-1,2565,2554,2559,-1,2566,2556,2560,-1,2566,796,798,-1,2566,798,2561,-1,2566,2561,2556,-1,2567,2565,2559,-1,2567,2559,2562,-1,2568,794,796,-1,2568,796,2566,-1,2568,2560,2563,-1,2568,2566,2560,-1,2569,2422,2421,-1,2569,2423,2422,-1,2569,2564,2423,-1,2569,2562,2564,-1,2569,2567,2562,-1,2570,2563,2558,-1,2570,2568,2563,-1,2570,2558,2565,-1,2571,2565,2567,-1,2571,2567,2569,-1,2571,2570,2565,-1,2572,2571,2569,-1,2572,2569,2421,-1,2573,792,794,-1,2573,794,2568,-1,2573,2568,2570,-1,2574,789,792,-1,2574,792,2573,-1,2574,2573,2570,-1,2574,2570,2571,-1,2574,2571,2572,-1,2575,2421,2420,-1,2575,2572,2421,-1,2575,789,2574,-1,2575,2574,2572,-1,2575,2420,789,-1,2576,2577,198,-1,2576,198,197,-1,2578,2576,197,-1,2579,197,199,-1,2579,2578,197,-1,2580,2581,2577,-1,2580,2577,2576,-1,2582,2576,2578,-1,2582,2580,2576,-1,2583,2579,199,-1,2584,2582,2578,-1,2584,2578,2579,-1,2585,2586,2581,-1,2585,2581,2580,-1,2587,2580,2582,-1,2587,2585,2580,-1,2588,199,193,-1,2588,2583,199,-1,2589,2579,2583,-1,2589,2584,2579,-1,2590,2582,2584,-1,2590,2587,2582,-1,2591,886,2592,-1,2591,2592,2586,-1,2591,884,886,-1,2591,2586,2585,-1,2593,2585,2587,-1,2593,880,884,-1,2593,2591,2585,-1,2593,884,2591,-1,2594,2588,193,-1,2595,2589,2583,-1,2595,2583,2588,-1,2596,2584,2589,-1,2596,2590,2584,-1,2597,2587,2590,-1,2597,880,2593,-1,2597,2593,2587,-1,2598,193,192,-1,2598,2594,193,-1,2599,2588,2594,-1,2599,2595,2588,-1,2600,2589,2595,-1,2600,2596,2589,-1,2601,2597,2590,-1,2601,877,880,-1,2601,2590,2596,-1,2601,880,2597,-1,2602,2598,192,-1,2603,192,194,-1,2603,2602,192,-1,2604,2599,2594,-1,2604,2594,2598,-1,2605,2600,2595,-1,2605,2595,2599,-1,2606,875,877,-1,2606,877,2601,-1,2606,2601,2596,-1,2606,2596,2600,-1,2607,2598,2602,-1,2607,2604,2598,-1,2608,2603,194,-1,2609,2602,2603,-1,2609,2607,2602,-1,2610,2599,2604,-1,2610,2605,2599,-1,2611,2600,2605,-1,2611,870,875,-1,2611,875,2606,-1,2611,2606,2600,-1,2612,2610,2604,-1,2612,2604,2607,-1,2613,194,196,-1,2613,2608,194,-1,2614,2603,2608,-1,2614,2609,2603,-1,2615,2612,2607,-1,2615,2607,2609,-1,2616,866,870,-1,2616,2611,2605,-1,2616,870,2611,-1,2616,2605,2610,-1,2617,2610,2612,-1,2617,862,866,-1,2617,2616,2610,-1,2617,866,2616,-1,2618,2613,196,-1,2619,2608,2613,-1,2619,2614,2608,-1,2619,2613,2618,-1,2620,2609,2614,-1,2620,2615,2609,-1,2621,2612,2615,-1,2621,862,2617,-1,2621,2617,2612,-1,2622,2619,2618,-1,2623,2618,196,-1,2623,196,195,-1,2624,2614,2619,-1,2624,2620,2614,-1,2625,2621,2615,-1,2625,2615,2620,-1,2625,862,2621,-1,2625,864,862,-1,2626,2623,195,-1,2627,2626,195,-1,2627,195,201,-1,2628,2619,2622,-1,2628,2624,2619,-1,2629,2618,2623,-1,2629,2622,2618,-1,2629,2623,2626,-1,2630,2620,2624,-1,2630,2625,2620,-1,2630,2624,2628,-1,2630,868,864,-1,2630,864,2625,-1,2631,2626,2627,-1,2631,2629,2626,-1,2632,2627,201,-1,2633,2631,2627,-1,2634,872,868,-1,2634,868,2630,-1,2634,2630,2628,-1,2635,2628,2622,-1,2635,2622,2629,-1,2636,2629,2631,-1,2636,2635,2629,-1,2637,201,202,-1,2637,2632,201,-1,2638,2627,2632,-1,2638,2633,2627,-1,2639,2636,2631,-1,2639,2631,2633,-1,2640,878,872,-1,2640,872,2634,-1,2640,2634,2628,-1,2640,2628,2635,-1,2641,881,878,-1,2641,2635,2636,-1,2641,878,2640,-1,2641,2640,2635,-1,2642,2637,202,-1,2643,2632,2637,-1,2643,2638,2632,-1,2644,2633,2638,-1,2644,2639,2633,-1,2645,881,2641,-1,2645,2636,2639,-1,2645,2641,2636,-1,2645,2639,2644,-1,2646,2637,2642,-1,2646,2643,2637,-1,2647,202,200,-1,2647,2642,202,-1,2648,2638,2643,-1,2648,2644,2638,-1,2649,2645,2644,-1,2649,882,881,-1,2649,881,2645,-1,2650,2647,200,-1,2651,2648,2643,-1,2651,2643,2646,-1,2652,200,204,-1,2652,2650,200,-1,2653,2642,2647,-1,2653,2646,2642,-1,2654,2644,2648,-1,2654,882,2649,-1,2654,887,882,-1,2654,2648,2651,-1,2654,2649,2644,-1,2655,2653,2647,-1,2655,2647,2650,-1,2656,2652,204,-1,2657,2654,2651,-1,2657,887,2654,-1,2657,947,887,-1,2658,2650,2652,-1,2658,2655,2650,-1,2659,2651,2646,-1,2659,2646,2653,-1,2660,2655,2658,-1,2660,2653,2655,-1,2660,2659,2653,-1,2661,204,205,-1,2661,2656,204,-1,2662,2658,2652,-1,2662,2652,2656,-1,2663,2660,2658,-1,2664,2657,2651,-1,2664,2651,2659,-1,2664,947,2657,-1,2664,908,947,-1,2664,2659,2660,-1,2665,2660,2663,-1,2665,2664,2660,-1,2665,904,908,-1,2665,908,2664,-1,2666,2661,205,-1,2667,2662,2656,-1,2667,2656,2661,-1,2668,2663,2658,-1,2668,2658,2662,-1,2668,2662,2667,-1,2669,2665,2663,-1,2669,904,2665,-1,2670,2661,2666,-1,2670,2667,2661,-1,2671,205,203,-1,2671,2666,205,-1,2672,2668,2667,-1,2673,900,904,-1,2673,2669,2663,-1,2673,2663,2668,-1,2673,904,2669,-1,2674,2671,203,-1,2675,2667,2670,-1,2675,2672,2667,-1,2676,203,207,-1,2676,2674,203,-1,2677,2670,2666,-1,2677,2666,2671,-1,2678,894,900,-1,2678,2668,2672,-1,2678,900,2673,-1,2678,2673,2668,-1,2678,2672,2675,-1,2679,2671,2674,-1,2679,2677,2671,-1,2680,2678,2675,-1,2680,892,894,-1,2680,894,2678,-1,2681,2676,207,-1,2682,2679,2674,-1,2682,2674,2676,-1,2683,2675,2670,-1,2683,2670,2677,-1,2684,2679,2682,-1,2684,2683,2677,-1,2684,2677,2679,-1,2685,207,208,-1,2685,2681,207,-1,2686,2682,2676,-1,2686,2676,2681,-1,2687,2682,2686,-1,2687,2684,2682,-1,2688,2675,2683,-1,2688,892,2680,-1,2688,890,892,-1,2688,2680,2675,-1,2689,2683,2684,-1,2689,890,2688,-1,2689,2688,2683,-1,2689,888,890,-1,2690,2685,208,-1,2691,2681,2685,-1,2691,2686,2681,-1,2692,2687,2686,-1,2692,2686,2691,-1,2693,2684,2687,-1,2693,888,2689,-1,2693,2689,2684,-1,2694,2691,2685,-1,2694,2685,2690,-1,2695,208,209,-1,2695,2690,208,-1,2696,2692,2691,-1,2697,2687,2692,-1,2697,2693,2687,-1,2697,888,2693,-1,2697,896,888,-1,2698,2695,209,-1,2699,2691,2694,-1,2699,2696,2691,-1,2700,209,206,-1,2700,206,2701,-1,2700,2698,209,-1,2702,2694,2690,-1,2702,2690,2695,-1,2703,2697,2692,-1,2703,2692,2696,-1,2703,898,896,-1,2703,896,2697,-1,2704,2702,2695,-1,2704,2695,2698,-1,2705,2696,2699,-1,2705,902,898,-1,2705,2703,2696,-1,2705,898,2703,-1,2706,2701,2707,-1,2706,2700,2701,-1,2706,2698,2700,-1,2706,2704,2698,-1,2708,2694,2702,-1,2708,2699,2694,-1,2709,2702,2704,-1,2709,2708,2702,-1,2709,2704,2706,-1,2710,2707,2711,-1,2710,2706,2707,-1,2710,2709,2706,-1,2712,906,902,-1,2712,2705,2699,-1,2712,902,2705,-1,2712,2699,2708,-1,2713,911,906,-1,2713,906,2712,-1,2713,2708,2709,-1,2713,2709,2710,-1,2713,2712,2708,-1,2714,2710,2711,-1,2714,2711,2715,-1,2714,2715,913,-1,2714,913,911,-1,2714,911,2713,-1,2714,2713,2710,-1,2701,219,2716,-1,2701,206,219,-1,2707,2716,2717,-1,2707,2701,2716,-1,2711,2717,2718,-1,2711,2707,2717,-1,2715,2718,2719,-1,2715,2719,986,-1,2715,2711,2718,-1,913,2715,986,-1,2720,214,198,-1,2720,198,2577,-1,2721,2577,2581,-1,2721,2720,2577,-1,2722,2581,2586,-1,2722,2721,2581,-1,2723,2592,886,-1,2723,2586,2592,-1,2723,2722,2586,-1,956,2723,886,-1,2724,2716,219,-1,2724,219,222,-1,2725,2724,222,-1,2726,222,224,-1,2726,2725,222,-1,2727,2717,2716,-1,2727,2716,2724,-1,2728,2724,2725,-1,2728,2727,2724,-1,2729,2726,224,-1,2730,2728,2725,-1,2730,2725,2726,-1,2731,2718,2717,-1,2731,2717,2727,-1,2732,2727,2728,-1,2732,2731,2727,-1,2733,224,223,-1,2733,2729,224,-1,2734,2726,2729,-1,2734,2730,2726,-1,2735,2728,2730,-1,2735,2732,2728,-1,2736,2719,2718,-1,2736,986,2719,-1,2736,989,986,-1,2736,2718,2731,-1,2737,2731,2732,-1,2737,990,989,-1,2737,2736,2731,-1,2737,989,2736,-1,2738,2733,223,-1,2739,2729,2733,-1,2739,2734,2729,-1,2740,2730,2734,-1,2740,2735,2730,-1,2741,2732,2735,-1,2741,990,2737,-1,2741,2737,2732,-1,2742,223,227,-1,2742,2738,223,-1,2743,2739,2733,-1,2743,2733,2738,-1,2744,2734,2739,-1,2744,2740,2734,-1,2745,2741,2735,-1,2745,992,990,-1,2745,2735,2740,-1,2745,990,2741,-1,2746,2742,227,-1,2747,227,226,-1,2747,2746,227,-1,2748,2738,2742,-1,2748,2743,2738,-1,2749,2739,2743,-1,2749,2744,2739,-1,2750,994,992,-1,2750,2740,2744,-1,2750,992,2745,-1,2750,2745,2740,-1,2751,2742,2746,-1,2751,2748,2742,-1,2752,2747,226,-1,2753,2746,2747,-1,2753,2751,2746,-1,2754,2743,2748,-1,2754,2749,2743,-1,2755,996,994,-1,2755,2744,2749,-1,2755,2750,2744,-1,2755,994,2750,-1,2756,2754,2748,-1,2756,2748,2751,-1,2756,2751,2753,-1,2757,226,225,-1,2757,2752,226,-1,2758,2747,2752,-1,2758,2753,2747,-1,2759,2756,2753,-1,2760,998,996,-1,2760,996,2755,-1,2760,2749,2754,-1,2760,2755,2749,-1,2761,2754,2756,-1,2761,1000,998,-1,2761,998,2760,-1,2761,2760,2754,-1,2762,2757,225,-1,2763,2752,2757,-1,2763,2758,2752,-1,2763,2757,2762,-1,2764,2759,2753,-1,2764,2753,2758,-1,2765,1000,2761,-1,2765,2756,2759,-1,2765,2761,2756,-1,2766,2763,2762,-1,2767,2762,225,-1,2767,225,221,-1,2768,2764,2758,-1,2768,2758,2763,-1,2769,2765,2759,-1,2769,1002,1000,-1,2769,1000,2765,-1,2769,2759,2764,-1,2770,2767,221,-1,2771,2770,221,-1,2771,221,220,-1,2772,2763,2766,-1,2772,2768,2763,-1,2773,2762,2767,-1,2773,2766,2762,-1,2773,2767,2770,-1,2774,2769,2764,-1,2774,2764,2768,-1,2774,2768,2772,-1,2774,1005,1002,-1,2774,1002,2769,-1,2775,2773,2770,-1,2776,2771,220,-1,2777,2770,2771,-1,2777,2775,2770,-1,2778,2774,2772,-1,2778,1006,1005,-1,2778,1005,2774,-1,2779,2772,2766,-1,2779,2766,2773,-1,2780,2779,2773,-1,2780,2773,2775,-1,2781,220,218,-1,2781,2776,220,-1,2782,2771,2776,-1,2782,2777,2771,-1,2783,2775,2777,-1,2783,2780,2775,-1,2784,1008,1006,-1,2784,2778,2772,-1,2784,2772,2779,-1,2784,1006,2778,-1,2785,1010,1008,-1,2785,1008,2784,-1,2785,2779,2780,-1,2785,2784,2779,-1,2786,2781,218,-1,2787,2776,2781,-1,2787,2782,2776,-1,2788,2777,2782,-1,2788,2783,2777,-1,2789,1039,1010,-1,2789,2780,2783,-1,2789,1010,2785,-1,2789,2785,2780,-1,2789,2783,2788,-1,2790,2781,2786,-1,2790,2787,2781,-1,2791,218,216,-1,2791,2786,218,-1,2792,2782,2787,-1,2792,2788,2782,-1,2793,2789,2788,-1,2793,1039,2789,-1,2794,2791,216,-1,2795,2792,2787,-1,2795,2787,2790,-1,2796,216,215,-1,2796,2794,216,-1,2797,2786,2791,-1,2797,2790,2786,-1,2798,2788,2792,-1,2798,1039,2793,-1,2798,1038,1039,-1,2798,2792,2795,-1,2798,2793,2788,-1,2799,2797,2791,-1,2799,2791,2794,-1,2800,2796,215,-1,2801,2798,2795,-1,2801,1038,2798,-1,2801,980,1038,-1,2802,2794,2796,-1,2802,2799,2794,-1,2803,2795,2790,-1,2803,2790,2797,-1,2804,2797,2799,-1,2804,2803,2797,-1,2805,215,217,-1,2805,2800,215,-1,2806,2802,2796,-1,2806,2796,2800,-1,2807,2799,2802,-1,2807,2804,2799,-1,2808,2801,2795,-1,2808,2795,2803,-1,2808,980,2801,-1,2808,979,980,-1,2808,2803,2804,-1,2809,979,2808,-1,2809,978,979,-1,2809,2808,2804,-1,2810,2805,217,-1,2811,2806,2800,-1,2811,2800,2805,-1,2812,2807,2802,-1,2812,2802,2806,-1,2812,2806,2811,-1,2813,2804,2807,-1,2813,978,2809,-1,2813,2809,2804,-1,2814,2805,2810,-1,2814,2811,2805,-1,2815,217,211,-1,2815,2810,217,-1,2816,2812,2811,-1,2817,976,978,-1,2817,978,2813,-1,2817,2807,2812,-1,2817,2813,2807,-1,2818,2815,211,-1,2819,2811,2814,-1,2819,2816,2811,-1,2820,211,210,-1,2820,2818,211,-1,2821,2814,2810,-1,2821,2810,2815,-1,2822,976,2817,-1,2822,975,976,-1,2822,2812,2816,-1,2822,2817,2812,-1,2822,2816,2819,-1,2823,2815,2818,-1,2823,2821,2815,-1,2824,2822,2819,-1,2824,972,975,-1,2824,975,2822,-1,2825,2820,210,-1,2826,2823,2818,-1,2826,2818,2820,-1,2827,2819,2814,-1,2827,2814,2821,-1,2827,2824,2819,-1,2828,2821,2823,-1,2828,2827,2821,-1,2829,210,212,-1,2829,2825,210,-1,2830,2826,2820,-1,2830,2820,2825,-1,2831,2826,2830,-1,2831,2823,2826,-1,2831,2828,2823,-1,2832,972,2824,-1,2832,971,972,-1,2832,2824,2827,-1,2833,2832,2827,-1,2833,2827,2828,-1,2833,971,2832,-1,2833,969,971,-1,2834,2829,212,-1,2835,2825,2829,-1,2835,2830,2825,-1,2836,2831,2830,-1,2836,2830,2835,-1,2837,2833,2828,-1,2837,2828,2831,-1,2837,969,2833,-1,2838,2835,2829,-1,2838,2829,2834,-1,2839,212,213,-1,2839,2834,212,-1,2840,2836,2835,-1,2841,2831,2836,-1,2841,969,2837,-1,2841,967,969,-1,2841,2837,2831,-1,2842,2839,213,-1,2843,2835,2838,-1,2843,2840,2835,-1,2844,213,214,-1,2844,214,2720,-1,2844,2842,213,-1,2845,2838,2834,-1,2845,2834,2839,-1,2846,2841,2836,-1,2846,2840,2843,-1,2846,2836,2840,-1,2846,965,967,-1,2846,967,2841,-1,2847,2845,2839,-1,2847,2839,2842,-1,2848,963,965,-1,2848,2846,2843,-1,2848,965,2846,-1,2849,2720,2721,-1,2849,2844,2720,-1,2849,2842,2844,-1,2849,2847,2842,-1,2850,2838,2845,-1,2850,2843,2838,-1,2851,2845,2847,-1,2851,2850,2845,-1,2852,2721,2722,-1,2852,2849,2721,-1,2852,2847,2849,-1,2852,2851,2847,-1,2853,960,963,-1,2853,963,2848,-1,2853,2848,2843,-1,2853,2843,2850,-1,2854,960,2853,-1,2854,958,960,-1,2854,2850,2851,-1,2854,2853,2850,-1,2855,2723,956,-1,2855,2722,2723,-1,2855,956,958,-1,2855,2852,2722,-1,2855,2851,2852,-1,2855,958,2854,-1,2855,2854,2851,-1,451,182,184,-1,451,184,509,-1,448,509,507,-1,448,451,509,-1,449,507,506,-1,449,448,507,-1,450,506,508,-1,450,449,506,-1,452,508,510,-1,452,450,508,-1,458,510,516,-1,458,516,515,-1,458,452,510,-1,457,458,515,-1,183,475,185,-1,185,475,533,-1,533,473,531,-1,475,473,533,-1,531,469,527,-1,473,469,531,-1,527,468,526,-1,469,468,527,-1,526,470,528,-1,468,470,526,-1,528,471,529,-1,529,471,180,-1,470,471,528,-1,471,178,180,-1,170,472,171,-1,171,472,530,-1,530,474,532,-1,472,474,530,-1,532,476,534,-1,474,476,532,-1,534,477,535,-1,476,477,534,-1,535,478,536,-1,477,478,535,-1,536,479,537,-1,537,479,176,-1,478,479,536,-1,479,174,176,-1,177,505,175,-1,175,505,563,-1,563,504,562,-1,505,504,563,-1,562,494,552,-1,504,494,562,-1,552,493,551,-1,494,493,552,-1,551,495,553,-1,493,495,551,-1,553,496,554,-1,554,496,162,-1,495,496,553,-1,496,163,162,-1,164,492,165,-1,165,492,550,-1,550,491,549,-1,492,491,550,-1,549,490,548,-1,491,490,549,-1,548,487,545,-1,490,487,548,-1,545,484,542,-1,487,484,545,-1,542,483,541,-1,541,483,168,-1,484,483,542,-1,483,166,168,-1,169,466,167,-1,167,466,524,-1,524,465,522,-1,466,465,524,-1,522,463,520,-1,465,463,522,-1,520,462,521,-1,463,462,520,-1,521,464,523,-1,462,464,521,-1,523,467,525,-1,525,467,172,-1,464,467,523,-1,467,173,172,-1,519,181,179,-1,519,179,453,-1,512,453,456,-1,512,519,453,-1,513,456,455,-1,513,512,456,-1,511,455,454,-1,511,513,455,-1,514,454,461,-1,514,511,454,-1,517,461,460,-1,517,514,461,-1,518,460,459,-1,518,517,460,-1,500,561,558,-1,500,503,561,-1,497,558,556,-1,497,500,558,-1,498,556,555,-1,498,497,556,-1,499,555,557,-1,499,498,555,-1,501,557,559,-1,501,499,557,-1,502,559,560,-1,502,501,559,-1,190,560,191,-1,190,502,560,-1,489,188,547,-1,489,186,188,-1,488,547,546,-1,488,489,547,-1,485,546,544,-1,485,488,546,-1,486,544,543,-1,486,485,544,-1,481,543,540,-1,481,486,543,-1,482,540,539,-1,482,539,538,-1,482,481,540,-1,480,482,538,-1,99,97,37,-1,99,37,40,-1,92,40,32,-1,92,99,40,-1,95,32,36,-1,95,92,32,-1,94,36,35,-1,94,95,36,-1,93,35,34,-1,93,94,35,-1,91,34,33,-1,91,93,34,-1,98,33,39,-1,98,91,33,-1,53,52,112,-1,112,52,110,-1,110,54,113,-1,52,54,110,-1,113,55,114,-1,54,55,113,-1,114,49,108,-1,55,49,114,-1,108,46,106,-1,49,46,108,-1,106,44,103,-1,103,44,100,-1,46,44,106,-1,44,41,100,-1,89,50,148,-1,148,50,109,-1,109,47,104,-1,50,47,109,-1,104,42,101,-1,47,42,104,-1,101,43,102,-1,42,43,101,-1,102,45,105,-1,43,45,102,-1,105,48,107,-1,107,48,111,-1,45,48,105,-1,48,51,111,-1,74,73,133,-1,133,73,131,-1,131,75,134,-1,73,75,131,-1,134,76,135,-1,75,76,134,-1,135,77,136,-1,76,77,135,-1,136,87,146,-1,77,87,136,-1,146,88,147,-1,147,88,149,-1,87,88,146,-1,88,90,149,-1,80,79,139,-1,139,79,138,-1,138,81,140,-1,79,81,138,-1,140,82,141,-1,81,82,140,-1,141,83,142,-1,82,83,141,-1,142,84,143,-1,83,84,142,-1,143,85,144,-1,144,85,137,-1,84,85,143,-1,85,78,137,-1,59,61,118,-1,118,61,120,-1,120,62,121,-1,61,62,120,-1,121,65,124,-1,62,65,121,-1,124,68,127,-1,65,68,124,-1,127,69,128,-1,68,69,127,-1,128,70,129,-1,129,70,130,-1,69,70,128,-1,70,71,130,-1,126,125,66,-1,126,66,67,-1,122,67,63,-1,122,126,67,-1,123,63,64,-1,123,122,63,-1,119,64,60,-1,119,123,64,-1,116,60,56,-1,116,119,60,-1,117,58,57,-1,117,56,58,-1,117,116,56,-1,115,117,57,-1,112,115,53,-1,53,115,57,-1,97,100,37,-1,37,100,41,-1,132,17,19,-1,132,19,72,-1,3,72,1,-1,3,132,72,-1,1079,161,159,-1,1079,843,161,-1,1076,159,157,-1,1076,1079,159,-1,1074,157,156,-1,1074,1076,157,-1,1077,156,154,-1,1077,1074,156,-1,1072,154,153,-1,1072,1077,154,-1,1070,153,150,-1,1070,1072,153,-1,1073,150,152,-1,1073,1070,150,-1,1078,152,158,-1,1078,1073,152,-1,86,158,38,-1,86,1078,158,-1,647,1075,160,-1,155,1075,151,-1,160,1075,155,-1,1075,1071,151,-1,151,145,96,-1,1071,145,151,-1,148,90,89,-1,148,149,90,-1,74,133,137,-1,74,137,78,-1,111,51,59,-1,111,59,118,-1,139,71,80,-1,139,130,71            ]
            ccw TRUE
          }
        }
        Shape {
          appearance DEF M5 Appearance {
            material Material {
              diffuseColor 0.97647 0.97647 0.97647
              specularColor 0.05 0.05 0.05
              shininess 0.5
            }
          }
          geometry IndexedFaceSet {
            coord Coordinate {
              point [
-3.3375001 -11.06499958 -7.07999992,-3.20000005 -10.8001852 -7.07999992,-3.3375001 -11.06499958 -6.82999992,-3.20000005 -10.8001852 -6.82999992,-3.79999995 -10.8001852 -7.07999992,-3.6624999 -11.06499958 -6.82999992,-3.79999995 -10.8001852 -6.82999992,-3.6624999 -11.06499958 -7.07999992,-4.3499999 5.57999992 -0.815,-3.88000011 5.57999992 -0.345,-3.11999989 5.57999992 -0.345,-2.6500001 5.57999992 -0.815,-3.20000005 5.57999992 -3.5250001,-2.6500001 5.57999992 -3.17499995,-3 5.57999992 -3.5250001,-4.3499999 5.57999992 -3.17499995,-3.79999995 5.57999992 -3.5250001,-4 5.57999992 -3.5250001,-3.79999995 5.57999992 -6.63000011,-3.20000005 5.57999992 -6.63000011,-3.20000005 5.32999992 -3.5250001,-3 5.32999992 -3.5250001,-2.6500001 5.32999992 -3.17499995,-3.79999995 5.32999992 -3.5250001,-3.79999995 5.32999992 -6.63000011,-3.20000005 5.32999992 -6.63000011,-4.3499999 5.32999992 -3.17499995,-4 5.32999992 -3.5250001,-4.3499999 5.32999992 -0.815,-2.6500001 5.32999992 -0.815,-4 5.32999992 -0.465,-3 5.32999992 -0.465,-4 5.32999992 -0.345,-3 5.32999992 -0.345,-3 5.57769537 -0.465,-3.089993 5.57985592 -0.37500691,-3.05998898 5.5794239 -0.40501106,-3.02999043 5.5787034 -0.43500969,-4 5.57769537 -0.465,-3.910007 5.57985592 -0.37500691,-3.94001102 5.5794239 -0.40501106,-3.97000957 5.5787034 -0.43500969,-3.79999995 -5.86499977 -7.07999992,-3.79999995 5.13000011 -7.07999992,-3.20000005 5.13000011 -7.07999992,-3.20000005 -5.86499977 -7.07999992,-4 -6.11499977 -7.07999992,-3 -6.11499977 -7.07999992,-4 -7.61499977 -7.07999992,-3 -7.61499977 -7.07999992,-3.79999995 -7.86499977 -7.07999992,-3.20000005 -7.86499977 -7.07999992,-3.79999995 -5.86499977 -6.82999992,-3 -6.11499977 -6.82999992,-3.20000005 -5.86499977 -6.82999992,-3.20000005 5.13000011 -6.82999992,-3.79999995 5.13000011 -6.82999992,-4 -6.11499977 -6.82999992,-4 -7.61499977 -6.82999992,-3 -7.61499977 -6.82999992,-3.79999995 -7.86499977 -6.82999992,-3.20000005 -7.86499977 -6.82999992,-3.79999995 5.57445955 -6.70039558,-3.20000005 5.57445955 -6.70039558,-3.79999995 5.55797529 -6.76905775,-3.20000005 5.55797529 -6.76905775,-3.79999995 5.53095293 -6.83429575,-3.20000005 5.53095293 -6.83429575,-3.79999995 5.49405766 -6.89450359,-3.20000005 5.49405766 -6.89450359,-3.79999995 5.44819784 -6.94819784,-3.20000005 5.44819784 -6.94819784,-3.79999995 5.39450359 -6.99405766,-3.20000005 5.39450359 -6.99405766,-3.79999995 5.33429575 -7.03095293,-3.20000005 5.33429575 -7.03095293,-3.79999995 5.26905775 -7.05797529,-3.20000005 5.26905775 -7.05797529,-3.79999995 5.20039558 -7.07445955,-3.20000005 5.20039558 -7.07445955,-3.79999995 5.32021141 -6.69180346,-3.20000005 5.32021141 -6.69180346,-3.79999995 5.29180336 -6.74755716,-3.20000005 5.29180336 -6.74755716,-3.79999995 5.24755716 -6.79180336,-3.20000005 5.24755716 -6.79180336,-3.79999995 5.19180346 -6.82021141,-3.20000005 5.19180346 -6.82021141,-0.83749998 -11.06499958 -7.07999992,-0.69999999 -10.8001852 -7.07999992,-0.83749998 -11.06499958 -6.82999992,-0.69999999 -10.8001852 -6.82999992,-1.29999995 -10.8001852 -7.07999992,-1.16250002 -11.06499958 -6.82999992,-1.29999995 -10.8001852 -6.82999992,-1.16250002 -11.06499958 -7.07999992,-1.85000002 5.57999992 -0.815,-1.38 5.57999992 -0.345,-0.62 5.57999992 -0.345,-0.15000001 5.57999992 -0.815,-0.69999999 5.57999992 -3.5250001,-0.15000001 5.57999992 -3.17499995,-0.5 5.57999992 -3.5250001,-1.85000002 5.57999992 -3.17499995,-1.29999995 5.57999992 -3.5250001,-1.5 5.57999992 -3.5250001,-1.29999995 5.57999992 -6.63000011,-0.69999999 5.57999992 -6.63000011,-0.69999999 5.32999992 -3.5250001,-0.5 5.32999992 -3.5250001,-0.15000001 5.32999992 -3.17499995,-1.29999995 5.32999992 -3.5250001,-1.29999995 5.32999992 -6.63000011,-0.69999999 5.32999992 -6.63000011,-1.85000002 5.32999992 -3.17499995,-1.5 5.32999992 -3.5250001,-1.85000002 5.32999992 -0.815,-0.15000001 5.32999992 -0.815,-1.5 5.32999992 -0.465,-0.5 5.32999992 -0.465,-1.5 5.32999992 -0.345,-0.5 5.32999992 -0.345,-0.5 5.57769537 -0.465,-0.58999306 5.57985592 -0.37500691,-0.55998892 5.5794239 -0.40501106,-0.52999032 5.5787034 -0.43500969,-1.5 5.57769537 -0.465,-1.41000688 5.57985592 -0.37500691,-1.44001102 5.5794239 -0.40501106,-1.47000968 5.5787034 -0.43500969,-1.29999995 -5.86499977 -7.07999992,-1.29999995 5.13000011 -7.07999992,-0.69999999 5.13000011 -7.07999992,-0.69999999 -5.86499977 -7.07999992,-1.5 -6.11499977 -7.07999992,-0.5 -6.11499977 -7.07999992,-1.5 -7.61499977 -7.07999992,-0.5 -7.61499977 -7.07999992,-1.29999995 -7.86499977 -7.07999992,-0.69999999 -7.86499977 -7.07999992,-1.29999995 -5.86499977 -6.82999992,-0.5 -6.11499977 -6.82999992,-0.69999999 -5.86499977 -6.82999992,-0.69999999 5.13000011 -6.82999992,-1.29999995 5.13000011 -6.82999992,-1.5 -6.11499977 -6.82999992,-1.5 -7.61499977 -6.82999992,-0.5 -7.61499977 -6.82999992,-1.29999995 -7.86499977 -6.82999992,-0.69999999 -7.86499977 -6.82999992,-1.29999995 5.57445955 -6.70039558,-0.69999999 5.57445955 -6.70039558,-1.29999995 5.55797529 -6.76905775,-0.69999999 5.55797529 -6.76905775,-1.29999995 5.53095293 -6.83429575,-0.69999999 5.53095293 -6.83429575,-1.29999995 5.49405766 -6.89450359,-0.69999999 5.49405766 -6.89450359,-1.29999995 5.44819784 -6.94819784,-0.69999999 5.44819784 -6.94819784,-1.29999995 5.39450359 -6.99405766,-0.69999999 5.39450359 -6.99405766,-1.29999995 5.33429575 -7.03095293,-0.69999999 5.33429575 -7.03095293,-1.29999995 5.26905775 -7.05797529,-0.69999999 5.26905775 -7.05797529,-1.29999995 5.20039558 -7.07445955,-0.69999999 5.20039558 -7.07445955,-1.29999995 5.32021141 -6.69180346,-0.69999999 5.32021141 -6.69180346,-1.29999995 5.29180336 -6.74755716,-0.69999999 5.29180336 -6.74755716,-1.29999995 5.24755716 -6.79180336,-0.69999999 5.24755716 -6.79180336,-1.29999995 5.19180346 -6.82021141,-0.69999999 5.19180346 -6.82021141,1.16250002 -11.06499958 -7.07999992,1.29999995 -10.8001852 -7.07999992,1.16250002 -11.06499958 -6.82999992,1.29999995 -10.8001852 -6.82999992,0.69999999 -10.8001852 -7.07999992,0.83749998 -11.06499958 -6.82999992,0.69999999 -10.8001852 -6.82999992,0.83749998 -11.06499958 -7.07999992,0.15000001 5.57999992 -0.815,0.62 5.57999992 -0.345,1.38 5.57999992 -0.345,1.85000002 5.57999992 -0.815,1.29999995 5.57999992 -3.5250001,1.85000002 5.57999992 -3.17499995,1.5 5.57999992 -3.5250001,0.15000001 5.57999992 -3.17499995,0.69999999 5.57999992 -3.5250001,0.5 5.57999992 -3.5250001,0.69999999 5.57999992 -6.63000011,1.29999995 5.57999992 -6.63000011,1.29999995 5.32999992 -3.5250001,1.5 5.32999992 -3.5250001,1.85000002 5.32999992 -3.17499995,0.69999999 5.32999992 -3.5250001,0.69999999 5.32999992 -6.63000011,1.29999995 5.32999992 -6.63000011,0.15000001 5.32999992 -3.17499995,0.5 5.32999992 -3.5250001,0.15000001 5.32999992 -0.815,1.85000002 5.32999992 -0.815,0.5 5.32999992 -0.465,1.5 5.32999992 -0.465,0.5 5.32999992 -0.345,1.5 5.32999992 -0.345,1.5 5.57769537 -0.465,1.41000688 5.57985592 -0.37500691,1.44001102 5.5794239 -0.40501106,1.47000968 5.5787034 -0.43500969,0.5 5.57769537 -0.465,0.58999306 5.57985592 -0.37500691,0.55998892 5.5794239 -0.40501106,0.52999032 5.5787034 -0.43500969,0.69999999 -5.86499977 -7.07999992,0.69999999 5.13000011 -7.07999992,1.29999995 5.13000011 -7.07999992,1.29999995 -5.86499977 -7.07999992,0.5 -6.11499977 -7.07999992,1.5 -6.11499977 -7.07999992,0.5 -7.61499977 -7.07999992,1.5 -7.61499977 -7.07999992,0.69999999 -7.86499977 -7.07999992,1.29999995 -7.86499977 -7.07999992,0.69999999 -5.86499977 -6.82999992,1.5 -6.11499977 -6.82999992,1.29999995 -5.86499977 -6.82999992,1.29999995 5.13000011 -6.82999992,0.69999999 5.13000011 -6.82999992,0.5 -6.11499977 -6.82999992,0.5 -7.61499977 -6.82999992,1.5 -7.61499977 -6.82999992,0.69999999 -7.86499977 -6.82999992,1.29999995 -7.86499977 -6.82999992,0.69999999 5.57445955 -6.70039558,1.29999995 5.57445955 -6.70039558,0.69999999 5.55797529 -6.76905775,1.29999995 5.55797529 -6.76905775,0.69999999 5.53095293 -6.83429575,1.29999995 5.53095293 -6.83429575,0.69999999 5.49405766 -6.89450359,1.29999995 5.49405766 -6.89450359,0.69999999 5.44819784 -6.94819784,1.29999995 5.44819784 -6.94819784,0.69999999 5.39450359 -6.99405766,1.29999995 5.39450359 -6.99405766,0.69999999 5.33429575 -7.03095293,1.29999995 5.33429575 -7.03095293,0.69999999 5.26905775 -7.05797529,1.29999995 5.26905775 -7.05797529,0.69999999 5.20039558 -7.07445955,1.29999995 5.20039558 -7.07445955,0.69999999 5.32021141 -6.69180346,1.29999995 5.32021141 -6.69180346,0.69999999 5.29180336 -6.74755716,1.29999995 5.29180336 -6.74755716,0.69999999 5.24755716 -6.79180336,1.29999995 5.24755716 -6.79180336,0.69999999 5.19180346 -6.82021141,1.29999995 5.19180346 -6.82021141,3.6624999 -11.06499958 -7.07999992,3.79999995 -10.8001852 -7.07999992,3.6624999 -11.06499958 -6.82999992,3.79999995 -10.8001852 -6.82999992,3.20000005 -10.8001852 -7.07999992,3.3375001 -11.06499958 -6.82999992,3.20000005 -10.8001852 -6.82999992,3.3375001 -11.06499958 -7.07999992,2.6500001 5.57999992 -0.815,3.11999989 5.57999992 -0.345,3.88000011 5.57999992 -0.345,4.3499999 5.57999992 -0.815,3.79999995 5.57999992 -3.5250001,4.3499999 5.57999992 -3.17499995,4 5.57999992 -3.5250001,2.6500001 5.57999992 -3.17499995,3.20000005 5.57999992 -3.5250001,3 5.57999992 -3.5250001,3.20000005 5.57999992 -6.63000011,3.79999995 5.57999992 -6.63000011,3.79999995 5.32999992 -3.5250001,4 5.32999992 -3.5250001,4.3499999 5.32999992 -3.17499995,3.20000005 5.32999992 -3.5250001,3.20000005 5.32999992 -6.63000011,3.79999995 5.32999992 -6.63000011,2.6500001 5.32999992 -3.17499995,3 5.32999992 -3.5250001,2.6500001 5.32999992 -0.815,4.3499999 5.32999992 -0.815,3 5.32999992 -0.465,4 5.32999992 -0.465,3 5.32999992 -0.345,4 5.32999992 -0.345,4 5.57769537 -0.465,3.910007 5.57985592 -0.37500691,3.94001102 5.5794239 -0.40501106,3.97000957 5.5787034 -0.43500969,3 5.57769537 -0.465,3.089993 5.57985592 -0.37500691,3.05998898 5.5794239 -0.40501106,3.02999043 5.5787034 -0.43500969,3.20000005 -5.86499977 -7.07999992,3.20000005 5.13000011 -7.07999992,3.79999995 5.13000011 -7.07999992,3.79999995 -5.86499977 -7.07999992,3 -6.11499977 -7.07999992,4 -6.11499977 -7.07999992,3 -7.61499977 -7.07999992,4 -7.61499977 -7.07999992,3.20000005 -7.86499977 -7.07999992,3.79999995 -7.86499977 -7.07999992,3.20000005 -5.86499977 -6.82999992,4 -6.11499977 -6.82999992,3.79999995 -5.86499977 -6.82999992,3.79999995 5.13000011 -6.82999992,3.20000005 5.13000011 -6.82999992,3 -6.11499977 -6.82999992,3 -7.61499977 -6.82999992,4 -7.61499977 -6.82999992,3.20000005 -7.86499977 -6.82999992,3.79999995 -7.86499977 -6.82999992,3.20000005 5.57445955 -6.70039558,3.79999995 5.57445955 -6.70039558,3.20000005 5.55797529 -6.76905775,3.79999995 5.55797529 -6.76905775,3.20000005 5.53095293 -6.83429575,3.79999995 5.53095293 -6.83429575,3.20000005 5.49405766 -6.89450359,3.79999995 5.49405766 -6.89450359,3.20000005 5.44819784 -6.94819784,3.79999995 5.44819784 -6.94819784,3.20000005 5.39450359 -6.99405766,3.79999995 5.39450359 -6.99405766,3.20000005 5.33429575 -7.03095293,3.79999995 5.33429575 -7.03095293,3.20000005 5.26905775 -7.05797529,3.79999995 5.26905775 -7.05797529,3.20000005 5.20039558 -7.07445955,3.79999995 5.20039558 -7.07445955,3.20000005 5.32021141 -6.69180346,3.79999995 5.32021141 -6.69180346,3.20000005 5.29180336 -6.74755716,3.79999995 5.29180336 -6.74755716,3.20000005 5.24755716 -6.79180336,3.79999995 5.24755716 -6.79180336,3.20000005 5.19180346 -6.82021141,3.79999995 5.19180346 -6.82021141,-4.3499999 -3.17000008 -0.815,-4 -3.17000008 -0.465,-4 -2.92230487 -0.465,-4.3499999 -2.92000008 -0.815,-3.88000011 -2.92000008 -0.345,-3.910007 -2.92014408 -0.37500691,-3.94001102 -2.92057633 -0.40501106,-3.97000957 -2.9212966 -0.43500969,-3.20177937 -10.80361271 -4.46000004,-3.79822063 -10.80361271 -4.46000004,-3.79822063 -3.36999989 -4.46000004,-3.20177937 -3.36999989 -4.46000004,-3.6624999 -11.06499958 -4.46000004,-3.3375001 -11.06499958 -4.46000004,-3.20177937 -10.80361271 -4.21000004,-3.20177937 -3.36999989 -4.21000004,-3.79822063 -3.36999989 -4.21000004,-3.79822063 -10.80361271 -4.21000004,-3.6624999 -11.06499958 -4.21000004,-3.3375001 -11.06499958 -4.21000004,-3.79822063 -2.92554021 -4.0803957,-3.79822063 -2.92000008 -4.01000023,-3.20177937 -2.92000008 -4.01000023,-3.20177937 -2.92554021 -4.0803957,-3.79822063 -2.94202447 -4.14905787,-3.20177937 -2.94202447 -4.14905787,-3.79822063 -2.96904707 -4.21429586,-3.20177937 -2.96904707 -4.21429586,-3.79822063 -3.00594234 -4.27450323,-3.20177937 -3.00594234 -4.27450323,-3.79822063 -3.05180192 -4.32819796,-3.20177937 -3.05180192 -4.32819796,-3.79822063 -3.10549664 -4.37405777,-3.20177937 -3.10549664 -4.37405777,-3.79822063 -3.16570425 -4.41095304,-3.20177937 -3.16570425 -4.41095304,-3.79822063 -3.23094225 -4.43797541,-3.20177937 -3.23094225 -4.43797541,-3.79822063 -3.29960442 -4.45445967,-3.20177937 -3.29960442 -4.45445967,-3.11999989 -2.92000008 -0.345,-2.6500001 -2.92000008 -0.815,-3.20177937 -2.92000008 -3.5250001,-2.6500001 -2.92000008 -3.17499995,-3 -2.92000008 -3.5250001,-4.3499999 -2.92000008 -3.17499995,-3.79822063 -2.92000008 -3.5250001,-4 -2.92000008 -3.5250001,-3 -3.17000008 -0.465,-2.6500001 -3.17000008 -0.815,-3 -2.92230487 -0.465,-3.089993 -2.92014408 -0.37500691,-3.05998898 -2.92057633 -0.40501106,-3.02999043 -2.9212966 -0.43500969,-2.6500001 -3.17000008 -3.17499995,-3 -3.17000008 -3.5250001,-4 -3.17000008 -3.5250001,-4.3499999 -3.17000008 -3.17499995,-3.20177937 -3.17000008 -3.5250001,-3.79822063 -3.17000008 -3.5250001,-3.79822063 -3.17000008 -4.01000023,-3.20177937 -3.17000008 -4.01000023,-4 -3.17000008 -0.345,-3 -3.17000008 -0.345,-3.79822063 -3.17978859 -4.07180357,-3.20177937 -3.17978859 -4.07180357,-3.79822063 -3.20819664 -4.12755728,-3.20177937 -3.20819664 -4.12755728,-3.79822063 -3.25244284 -4.17180347,-3.20177937 -3.25244284 -4.17180347,-3.79822063 -3.30819654 -4.20021152,-3.20177937 -3.30819654 -4.20021152,-1.85000002 -3.17000008 -0.815,-1.5 -3.17000008 -0.465,-1.5 -2.92230487 -0.465,-1.85000002 -2.92000008 -0.815,-1.38 -2.92000008 -0.345,-1.41000688 -2.92014408 -0.37500691,-1.44001102 -2.92057633 -0.40501106,-1.47000968 -2.9212966 -0.43500969,-0.70177943 -10.80361271 -4.46000004,-1.29822052 -10.80361271 -4.46000004,-1.29822052 -3.36999989 -4.46000004,-0.70177943 -3.36999989 -4.46000004,-1.16250002 -11.06499958 -4.46000004,-0.83749998 -11.06499958 -4.46000004,-0.70177943 -10.80361271 -4.21000004,-0.70177943 -3.36999989 -4.21000004,-1.29822052 -3.36999989 -4.21000004,-1.29822052 -10.80361271 -4.21000004,-1.16250002 -11.06499958 -4.21000004,-0.83749998 -11.06499958 -4.21000004,-1.29822052 -2.92554021 -4.0803957,-1.29822052 -2.92000008 -4.01000023,-0.70177943 -2.92000008 -4.01000023,-0.70177943 -2.92554021 -4.0803957,-1.29822052 -2.94202447 -4.14905787,-0.70177943 -2.94202447 -4.14905787,-1.29822052 -2.96904707 -4.21429586,-0.70177943 -2.96904707 -4.21429586,-1.29822052 -3.00594234 -4.27450323,-0.70177943 -3.00594234 -4.27450323,-1.29822052 -3.05180192 -4.32819796,-0.70177943 -3.05180192 -4.32819796,-1.29822052 -3.10549664 -4.37405777,-0.70177943 -3.10549664 -4.37405777,-1.29822052 -3.16570425 -4.41095304,-0.70177943 -3.16570425 -4.41095304,-1.29822052 -3.23094225 -4.43797541,-0.70177943 -3.23094225 -4.43797541,-1.29822052 -3.29960442 -4.45445967,-0.70177943 -3.29960442 -4.45445967,-0.62 -2.92000008 -0.345,-0.15000001 -2.92000008 -0.815,-0.70177943 -2.92000008 -3.5250001,-0.15000001 -2.92000008 -3.17499995,-0.5 -2.92000008 -3.5250001,-1.85000002 -2.92000008 -3.17499995,-1.29822052 -2.92000008 -3.5250001,-1.5 -2.92000008 -3.5250001,-0.5 -3.17000008 -0.465,-0.15000001 -3.17000008 -0.815,-0.5 -2.92230487 -0.465,-0.58999306 -2.92014408 -0.37500691,-0.55998892 -2.92057633 -0.40501106,-0.52999032 -2.9212966 -0.43500969,-0.15000001 -3.17000008 -3.17499995,-0.5 -3.17000008 -3.5250001,-1.5 -3.17000008 -3.5250001,-1.85000002 -3.17000008 -3.17499995,-0.70177943 -3.17000008 -3.5250001,-1.29822052 -3.17000008 -3.5250001,-1.29822052 -3.17000008 -4.01000023,-0.70177943 -3.17000008 -4.01000023,-1.5 -3.17000008 -0.345,-0.5 -3.17000008 -0.345,-1.29822052 -3.17978859 -4.07180357,-0.70177943 -3.17978859 -4.07180357,-1.29822052 -3.20819664 -4.12755728,-0.70177943 -3.20819664 -4.12755728,-1.29822052 -3.25244284 -4.17180347,-0.70177943 -3.25244284 -4.17180347,-1.29822052 -3.30819654 -4.20021152,-0.70177943 -3.30819654 -4.20021152,0.15000001 -3.17000008 -0.815,0.5 -3.17000008 -0.465,0.5 -2.92230487 -0.465,0.15000001 -2.92000008 -0.815,0.62 -2.92000008 -0.345,0.58999306 -2.92014408 -0.37500691,0.55998892 -2.92057633 -0.40501106,0.52999032 -2.9212966 -0.43500969,1.29822052 -10.80361271 -4.46000004,0.70177943 -10.80361271 -4.46000004,0.70177943 -3.36999989 -4.46000004,1.29822052 -3.36999989 -4.46000004,0.83749998 -11.06499958 -4.46000004,1.16250002 -11.06499958 -4.46000004,1.29822052 -10.80361271 -4.21000004,1.29822052 -3.36999989 -4.21000004,0.70177943 -3.36999989 -4.21000004,0.70177943 -10.80361271 -4.21000004,0.83749998 -11.06499958 -4.21000004,1.16250002 -11.06499958 -4.21000004,0.70177943 -2.92554021 -4.0803957,0.70177943 -2.92000008 -4.01000023,1.29822052 -2.92000008 -4.01000023,1.29822052 -2.92554021 -4.0803957,0.70177943 -2.94202447 -4.14905787,1.29822052 -2.94202447 -4.14905787,0.70177943 -2.96904707 -4.21429586,1.29822052 -2.96904707 -4.21429586,0.70177943 -3.00594234 -4.27450323,1.29822052 -3.00594234 -4.27450323,0.70177943 -3.05180192 -4.32819796,1.29822052 -3.05180192 -4.32819796,0.70177943 -3.10549664 -4.37405777,1.29822052 -3.10549664 -4.37405777,0.70177943 -3.16570425 -4.41095304,1.29822052 -3.16570425 -4.41095304,0.70177943 -3.23094225 -4.43797541,1.29822052 -3.23094225 -4.43797541,0.70177943 -3.29960442 -4.45445967,1.29822052 -3.29960442 -4.45445967,1.38 -2.92000008 -0.345,1.85000002 -2.92000008 -0.815,1.29822052 -2.92000008 -3.5250001,1.85000002 -2.92000008 -3.17499995,1.5 -2.92000008 -3.5250001,0.15000001 -2.92000008 -3.17499995,0.70177943 -2.92000008 -3.5250001,0.5 -2.92000008 -3.5250001,1.5 -3.17000008 -0.465,1.85000002 -3.17000008 -0.815,1.5 -2.92230487 -0.465,1.41000688 -2.92014408 -0.37500691,1.44001102 -2.92057633 -0.40501106,1.47000968 -2.9212966 -0.43500969,1.85000002 -3.17000008 -3.17499995,1.5 -3.17000008 -3.5250001,0.5 -3.17000008 -3.5250001,0.15000001 -3.17000008 -3.17499995,1.29822052 -3.17000008 -3.5250001,0.70177943 -3.17000008 -3.5250001,0.70177943 -3.17000008 -4.01000023,1.29822052 -3.17000008 -4.01000023,0.5 -3.17000008 -0.345,1.5 -3.17000008 -0.345,0.70177943 -3.17978859 -4.07180357,1.29822052 -3.17978859 -4.07180357,0.70177943 -3.20819664 -4.12755728,1.29822052 -3.20819664 -4.12755728,0.70177943 -3.25244284 -4.17180347,1.29822052 -3.25244284 -4.17180347,0.70177943 -3.30819654 -4.20021152,1.29822052 -3.30819654 -4.20021152,2.6500001 -3.17000008 -0.815,3 -3.17000008 -0.465,3 -2.92230487 -0.465,2.6500001 -2.92000008 -0.815,3.11999989 -2.92000008 -0.345,3.089993 -2.92014408 -0.37500691,3.05998898 -2.92057633 -0.40501106,3.02999043 -2.9212966 -0.43500969,3.79822063 -10.80361271 -4.46000004,3.20177937 -10.80361271 -4.46000004,3.20177937 -3.36999989 -4.46000004,3.79822063 -3.36999989 -4.46000004,3.3375001 -11.06499958 -4.46000004,3.6624999 -11.06499958 -4.46000004,3.79822063 -10.80361271 -4.21000004,3.79822063 -3.36999989 -4.21000004,3.20177937 -3.36999989 -4.21000004,3.20177937 -10.80361271 -4.21000004,3.3375001 -11.06499958 -4.21000004,3.6624999 -11.06499958 -4.21000004,3.20177937 -2.92554021 -4.0803957,3.20177937 -2.92000008 -4.01000023,3.79822063 -2.92000008 -4.01000023,3.79822063 -2.92554021 -4.0803957,3.20177937 -2.94202447 -4.14905787,3.79822063 -2.94202447 -4.14905787,3.20177937 -2.96904707 -4.21429586,3.79822063 -2.96904707 -4.21429586,3.20177937 -3.00594234 -4.27450323,3.79822063 -3.00594234 -4.27450323,3.20177937 -3.05180192 -4.32819796,3.79822063 -3.05180192 -4.32819796,3.20177937 -3.10549664 -4.37405777,3.79822063 -3.10549664 -4.37405777,3.20177937 -3.16570425 -4.41095304,3.79822063 -3.16570425 -4.41095304,3.20177937 -3.23094225 -4.43797541,3.79822063 -3.23094225 -4.43797541,3.20177937 -3.29960442 -4.45445967,3.79822063 -3.29960442 -4.45445967,3.88000011 -2.92000008 -0.345,4.3499999 -2.92000008 -0.815,3.79822063 -2.92000008 -3.5250001,4.3499999 -2.92000008 -3.17499995,4 -2.92000008 -3.5250001,2.6500001 -2.92000008 -3.17499995,3.20177937 -2.92000008 -3.5250001,3 -2.92000008 -3.5250001,4 -3.17000008 -0.465,4.3499999 -3.17000008 -0.815,4 -2.92230487 -0.465,3.910007 -2.92014408 -0.37500691,3.94001102 -2.92057633 -0.40501106,3.97000957 -2.9212966 -0.43500969,4.3499999 -3.17000008 -3.17499995,4 -3.17000008 -3.5250001,3 -3.17000008 -3.5250001,2.6500001 -3.17000008 -3.17499995,3.79822063 -3.17000008 -3.5250001,3.20177937 -3.17000008 -3.5250001,3.20177937 -3.17000008 -4.01000023,3.79822063 -3.17000008 -4.01000023,3 -3.17000008 -0.345,4 -3.17000008 -0.345,3.20177937 -3.17978859 -4.07180357,3.79822063 -3.17978859 -4.07180357,3.20177937 -3.20819664 -4.12755728,3.79822063 -3.20819664 -4.12755728,3.20177937 -3.25244284 -4.17180347,3.79822063 -3.25244284 -4.17180347,3.20177937 -3.30819654 -4.20021152,3.79822063 -3.30819654 -4.20021152              ]
            }
            coordIndex [
0,1,2,-1,2,1,3,-1,4,5,6,-1,4,7,5,-1,7,0,2,-1,7,2,5,-1,8,9,10,-1,8,10,11,-1,12,13,14,-1,15,11,13,-1,15,8,11,-1,15,13,12,-1,15,12,16,-1,17,15,16,-1,18,12,19,-1,18,16,12,-1,20,21,22,-1,23,24,25,-1,23,25,20,-1,26,27,23,-1,26,20,22,-1,26,23,20,-1,28,22,29,-1,28,26,22,-1,30,29,31,-1,30,28,29,-1,32,31,33,-1,32,30,31,-1,31,29,34,-1,34,29,11,-1,11,10,35,-1,11,35,36,-1,11,36,37,-1,11,37,34,-1,22,21,13,-1,13,21,14,-1,27,15,17,-1,27,26,15,-1,28,30,38,-1,28,38,8,-1,9,8,39,-1,39,8,40,-1,40,8,41,-1,41,8,38,-1,42,43,44,-1,45,46,42,-1,45,42,44,-1,47,46,45,-1,48,46,47,-1,49,50,48,-1,49,48,47,-1,51,50,49,-1,1,4,50,-1,1,50,51,-1,0,7,4,-1,0,4,1,-1,52,53,54,-1,52,54,55,-1,52,55,56,-1,57,53,52,-1,58,59,53,-1,58,53,57,-1,60,61,59,-1,60,59,58,-1,6,3,61,-1,6,61,60,-1,5,2,3,-1,5,3,6,-1,29,22,11,-1,11,22,13,-1,62,18,19,-1,62,19,63,-1,64,63,65,-1,64,62,63,-1,66,65,67,-1,66,64,65,-1,68,67,69,-1,68,66,67,-1,70,69,71,-1,70,68,69,-1,72,71,73,-1,72,70,71,-1,74,73,75,-1,74,72,73,-1,76,75,77,-1,76,74,75,-1,78,77,79,-1,78,76,77,-1,43,79,44,-1,43,78,79,-1,25,80,81,-1,24,80,25,-1,81,82,83,-1,80,82,81,-1,83,84,85,-1,82,84,83,-1,85,86,87,-1,84,86,85,-1,87,56,55,-1,86,56,87,-1,26,8,15,-1,26,28,8,-1,88,89,90,-1,90,89,91,-1,92,93,94,-1,92,95,93,-1,95,88,90,-1,95,90,93,-1,96,97,98,-1,96,98,99,-1,100,101,102,-1,103,99,101,-1,103,96,99,-1,103,101,100,-1,103,100,104,-1,105,103,104,-1,106,100,107,-1,106,104,100,-1,108,109,110,-1,111,112,113,-1,111,113,108,-1,114,115,111,-1,114,108,110,-1,114,111,108,-1,116,110,117,-1,116,114,110,-1,118,117,119,-1,118,116,117,-1,120,119,121,-1,120,118,119,-1,119,117,122,-1,122,117,99,-1,99,98,123,-1,99,123,124,-1,99,124,125,-1,99,125,122,-1,110,109,101,-1,101,109,102,-1,115,103,105,-1,115,114,103,-1,116,118,126,-1,116,126,96,-1,97,96,127,-1,127,96,128,-1,128,96,129,-1,129,96,126,-1,130,131,132,-1,133,134,130,-1,133,130,132,-1,135,134,133,-1,136,134,135,-1,137,138,136,-1,137,136,135,-1,139,138,137,-1,89,92,138,-1,89,138,139,-1,88,95,92,-1,88,92,89,-1,140,141,142,-1,140,142,143,-1,140,143,144,-1,145,141,140,-1,146,147,141,-1,146,141,145,-1,148,149,147,-1,148,147,146,-1,94,91,149,-1,94,149,148,-1,93,90,91,-1,93,91,94,-1,117,110,99,-1,99,110,101,-1,150,106,107,-1,150,107,151,-1,152,151,153,-1,152,150,151,-1,154,153,155,-1,154,152,153,-1,156,155,157,-1,156,154,155,-1,158,157,159,-1,158,156,157,-1,160,159,161,-1,160,158,159,-1,162,161,163,-1,162,160,161,-1,164,163,165,-1,164,162,163,-1,166,165,167,-1,166,164,165,-1,131,167,132,-1,131,166,167,-1,113,168,169,-1,112,168,113,-1,169,170,171,-1,168,170,169,-1,171,172,173,-1,170,172,171,-1,173,174,175,-1,172,174,173,-1,175,144,143,-1,174,144,175,-1,114,96,103,-1,114,116,96,-1,176,177,178,-1,178,177,179,-1,180,181,182,-1,180,183,181,-1,183,176,178,-1,183,178,181,-1,184,185,186,-1,184,186,187,-1,188,189,190,-1,191,187,189,-1,191,184,187,-1,191,189,188,-1,191,188,192,-1,193,191,192,-1,194,188,195,-1,194,192,188,-1,196,197,198,-1,199,200,201,-1,199,201,196,-1,202,203,199,-1,202,196,198,-1,202,199,196,-1,204,198,205,-1,204,202,198,-1,206,205,207,-1,206,204,205,-1,208,207,209,-1,208,206,207,-1,207,205,210,-1,210,205,187,-1,187,186,211,-1,187,211,212,-1,187,212,213,-1,187,213,210,-1,198,197,189,-1,189,197,190,-1,203,191,193,-1,203,202,191,-1,204,206,214,-1,204,214,184,-1,185,184,215,-1,215,184,216,-1,216,184,217,-1,217,184,214,-1,218,219,220,-1,221,222,218,-1,221,218,220,-1,223,222,221,-1,224,222,223,-1,225,226,224,-1,225,224,223,-1,227,226,225,-1,177,180,226,-1,177,226,227,-1,176,183,180,-1,176,180,177,-1,228,229,230,-1,228,230,231,-1,228,231,232,-1,233,229,228,-1,234,235,229,-1,234,229,233,-1,236,237,235,-1,236,235,234,-1,182,179,237,-1,182,237,236,-1,181,178,179,-1,181,179,182,-1,205,198,187,-1,187,198,189,-1,238,194,195,-1,238,195,239,-1,240,239,241,-1,240,238,239,-1,242,241,243,-1,242,240,241,-1,244,243,245,-1,244,242,243,-1,246,245,247,-1,246,244,245,-1,248,247,249,-1,248,246,247,-1,250,249,251,-1,250,248,249,-1,252,251,253,-1,252,250,251,-1,254,253,255,-1,254,252,253,-1,219,255,220,-1,219,254,255,-1,201,256,257,-1,200,256,201,-1,257,258,259,-1,256,258,257,-1,259,260,261,-1,258,260,259,-1,261,262,263,-1,260,262,261,-1,263,232,231,-1,262,232,263,-1,202,184,191,-1,202,204,184,-1,264,265,266,-1,266,265,267,-1,268,269,270,-1,268,271,269,-1,271,264,266,-1,271,266,269,-1,272,273,274,-1,272,274,275,-1,276,277,278,-1,279,275,277,-1,279,272,275,-1,279,277,276,-1,279,276,280,-1,281,279,280,-1,282,276,283,-1,282,280,276,-1,284,285,286,-1,287,288,289,-1,287,289,284,-1,290,291,287,-1,290,284,286,-1,290,287,284,-1,292,286,293,-1,292,290,286,-1,294,293,295,-1,294,292,293,-1,296,295,297,-1,296,294,295,-1,295,293,298,-1,298,293,275,-1,275,274,299,-1,275,299,300,-1,275,300,301,-1,275,301,298,-1,286,285,277,-1,277,285,278,-1,291,279,281,-1,291,290,279,-1,292,294,302,-1,292,302,272,-1,273,272,303,-1,303,272,304,-1,304,272,305,-1,305,272,302,-1,306,307,308,-1,309,310,306,-1,309,306,308,-1,311,310,309,-1,312,310,311,-1,313,314,312,-1,313,312,311,-1,315,314,313,-1,265,268,314,-1,265,314,315,-1,264,271,268,-1,264,268,265,-1,316,317,318,-1,316,318,319,-1,316,319,320,-1,321,317,316,-1,322,323,317,-1,322,317,321,-1,324,325,323,-1,324,323,322,-1,270,267,325,-1,270,325,324,-1,269,266,267,-1,269,267,270,-1,293,286,275,-1,275,286,277,-1,326,282,283,-1,326,283,327,-1,328,327,329,-1,328,326,327,-1,330,329,331,-1,330,328,329,-1,332,331,333,-1,332,330,331,-1,334,333,335,-1,334,332,333,-1,336,335,337,-1,336,334,335,-1,338,337,339,-1,338,336,337,-1,340,339,341,-1,340,338,339,-1,342,341,343,-1,342,340,341,-1,307,343,308,-1,307,342,343,-1,289,344,345,-1,288,344,289,-1,345,346,347,-1,344,346,345,-1,347,348,349,-1,346,348,347,-1,349,350,351,-1,348,350,349,-1,351,320,319,-1,350,320,351,-1,290,272,279,-1,290,292,272,-1,352,353,354,-1,352,354,355,-1,356,355,357,-1,357,355,358,-1,358,355,359,-1,359,355,354,-1,360,361,362,-1,360,362,363,-1,360,364,361,-1,365,364,360,-1,366,367,368,-1,369,366,368,-1,370,371,366,-1,370,366,369,-1,372,373,374,-1,372,374,375,-1,376,375,377,-1,376,372,375,-1,378,377,379,-1,378,376,377,-1,380,379,381,-1,380,378,379,-1,382,381,383,-1,382,380,381,-1,384,383,385,-1,384,382,383,-1,386,385,387,-1,386,384,385,-1,388,387,389,-1,388,386,387,-1,390,389,391,-1,390,388,389,-1,362,391,363,-1,362,390,391,-1,355,356,392,-1,355,392,393,-1,394,395,396,-1,397,398,399,-1,397,393,395,-1,397,355,393,-1,397,395,394,-1,397,394,398,-1,373,394,374,-1,373,398,394,-1,364,365,371,-1,364,371,370,-1,400,401,402,-1,402,401,393,-1,393,392,403,-1,393,403,404,-1,393,404,405,-1,393,405,402,-1,406,407,395,-1,395,407,396,-1,408,397,399,-1,408,409,397,-1,410,407,406,-1,411,412,413,-1,411,413,410,-1,409,408,411,-1,409,410,406,-1,409,411,410,-1,352,406,401,-1,352,409,406,-1,353,401,400,-1,353,352,401,-1,414,400,415,-1,414,353,400,-1,412,416,413,-1,413,416,417,-1,417,418,419,-1,416,418,417,-1,419,420,421,-1,418,420,419,-1,421,422,423,-1,420,422,421,-1,423,368,367,-1,422,368,423,-1,409,355,397,-1,409,352,355,-1,401,406,393,-1,393,406,395,-1,365,360,371,-1,371,360,366,-1,369,364,370,-1,361,364,369,-1,424,425,426,-1,424,426,427,-1,428,427,429,-1,429,427,430,-1,430,427,431,-1,431,427,426,-1,432,433,434,-1,432,434,435,-1,432,436,433,-1,437,436,432,-1,438,439,440,-1,441,438,440,-1,442,443,438,-1,442,438,441,-1,444,445,446,-1,444,446,447,-1,448,447,449,-1,448,444,447,-1,450,449,451,-1,450,448,449,-1,452,451,453,-1,452,450,451,-1,454,453,455,-1,454,452,453,-1,456,455,457,-1,456,454,455,-1,458,457,459,-1,458,456,457,-1,460,459,461,-1,460,458,459,-1,462,461,463,-1,462,460,461,-1,434,463,435,-1,434,462,463,-1,427,428,464,-1,427,464,465,-1,466,467,468,-1,469,470,471,-1,469,465,467,-1,469,427,465,-1,469,467,466,-1,469,466,470,-1,445,466,446,-1,445,470,466,-1,436,437,443,-1,436,443,442,-1,472,473,474,-1,474,473,465,-1,465,464,475,-1,465,475,476,-1,465,476,477,-1,465,477,474,-1,478,479,467,-1,467,479,468,-1,480,469,471,-1,480,481,469,-1,482,479,478,-1,483,484,485,-1,483,485,482,-1,481,480,483,-1,481,482,478,-1,481,483,482,-1,424,478,473,-1,424,481,478,-1,425,473,472,-1,425,424,473,-1,486,472,487,-1,486,425,472,-1,484,488,485,-1,485,488,489,-1,489,490,491,-1,488,490,489,-1,491,492,493,-1,490,492,491,-1,493,494,495,-1,492,494,493,-1,495,440,439,-1,494,440,495,-1,481,427,469,-1,481,424,427,-1,473,478,465,-1,465,478,467,-1,437,432,443,-1,443,432,438,-1,441,436,442,-1,433,436,441,-1,496,497,498,-1,496,498,499,-1,500,499,501,-1,501,499,502,-1,502,499,503,-1,503,499,498,-1,504,505,506,-1,504,506,507,-1,504,508,505,-1,509,508,504,-1,510,511,512,-1,513,510,512,-1,514,515,510,-1,514,510,513,-1,516,517,518,-1,516,518,519,-1,520,519,521,-1,520,516,519,-1,522,521,523,-1,522,520,521,-1,524,523,525,-1,524,522,523,-1,526,525,527,-1,526,524,525,-1,528,527,529,-1,528,526,527,-1,530,529,531,-1,530,528,529,-1,532,531,533,-1,532,530,531,-1,534,533,535,-1,534,532,533,-1,506,535,507,-1,506,534,535,-1,499,500,536,-1,499,536,537,-1,538,539,540,-1,541,542,543,-1,541,537,539,-1,541,499,537,-1,541,539,538,-1,541,538,542,-1,517,538,518,-1,517,542,538,-1,508,509,515,-1,508,515,514,-1,544,545,546,-1,546,545,537,-1,537,536,547,-1,537,547,548,-1,537,548,549,-1,537,549,546,-1,550,551,539,-1,539,551,540,-1,552,541,543,-1,552,553,541,-1,554,551,550,-1,555,556,557,-1,555,557,554,-1,553,552,555,-1,553,554,550,-1,553,555,554,-1,496,550,545,-1,496,553,550,-1,497,545,544,-1,497,496,545,-1,558,544,559,-1,558,497,544,-1,556,560,557,-1,557,560,561,-1,561,562,563,-1,560,562,561,-1,563,564,565,-1,562,564,563,-1,565,566,567,-1,564,566,565,-1,567,512,511,-1,566,512,567,-1,553,499,541,-1,553,496,499,-1,545,550,537,-1,537,550,539,-1,509,504,515,-1,515,504,510,-1,513,508,514,-1,505,508,513,-1,568,569,570,-1,568,570,571,-1,572,571,573,-1,573,571,574,-1,574,571,575,-1,575,571,570,-1,576,577,578,-1,576,578,579,-1,576,580,577,-1,581,580,576,-1,582,583,584,-1,585,582,584,-1,586,587,582,-1,586,582,585,-1,588,589,590,-1,588,590,591,-1,592,591,593,-1,592,588,591,-1,594,593,595,-1,594,592,593,-1,596,595,597,-1,596,594,595,-1,598,597,599,-1,598,596,597,-1,600,599,601,-1,600,598,599,-1,602,601,603,-1,602,600,601,-1,604,603,605,-1,604,602,603,-1,606,605,607,-1,606,604,605,-1,578,607,579,-1,578,606,607,-1,571,572,608,-1,571,608,609,-1,610,611,612,-1,613,614,615,-1,613,609,611,-1,613,571,609,-1,613,611,610,-1,613,610,614,-1,589,610,590,-1,589,614,610,-1,580,581,587,-1,580,587,586,-1,616,617,618,-1,618,617,609,-1,609,608,619,-1,609,619,620,-1,609,620,621,-1,609,621,618,-1,622,623,611,-1,611,623,612,-1,624,613,615,-1,624,625,613,-1,626,623,622,-1,627,628,629,-1,627,629,626,-1,625,624,627,-1,625,626,622,-1,625,627,626,-1,568,622,617,-1,568,625,622,-1,569,617,616,-1,569,568,617,-1,630,616,631,-1,630,569,616,-1,628,632,629,-1,629,632,633,-1,633,634,635,-1,632,634,633,-1,635,636,637,-1,634,636,635,-1,637,638,639,-1,636,638,637,-1,639,584,583,-1,638,584,639,-1,625,571,613,-1,625,568,571,-1,617,622,609,-1,609,622,611,-1,581,576,587,-1,587,576,582,-1,585,580,586,-1,577,580,585            ]
            ccw TRUE
          }
        }
      ]
    }
  ]
}
