#VRML V2.0 utf8

Group {
  children [
    Group {
      children [
        Shape {
          appearance DEF M1 Appearance {
            material Material {
              diffuseColor 1 0.84314 0
              specularColor 0.05 0.05 0.05
              shininess 0.5
            }
          }
          geometry IndexedFaceSet {
            coord Coordinate {
              point [
2 4.0999999 -0.40000001,2 4.08427763 -0.30000001,2 2.5 -0.40000001,2 4.0999999 -0.30000001,2 4.08427763 0.30000001,2 2.5 0.69999999,2 4.0999999 0.30000001,2 4.0999999 0.69999999,1.79999995 4.08427763 -0.30000001,1.79999995 4.0999999 -0.40000001,1.79999995 2.5 -0.40000001,1.79999995 4.0999999 -0.30000001,1.79999995 4.08427763 0.30000001,1.79999995 2.5 0.69999999,1.79999995 4.0999999 0.69999999,1.79999995 4.0999999 0.30000001,0.54000002 4.08427763 0.30000001,0.54000002 4.08427763 -0.30000001,0.54000002 3.29999995 0.30000001,0.54000002 3.29999995 -0.40000001,0.54000002 4.0999999 -0.30000001,0.54000002 4.0999999 -0.40000001,0.74000001 4.08427763 -0.30000001,0.74000001 4.08427763 0.30000001,0.74000001 3.29999995 0.30000001,0.74000001 3.29999995 -0.40000001,0.74000001 4.0999999 -0.40000001,0.74000001 4.0999999 -0.30000001,1.78889275 6.1085515 -0.30000001,1.78889275 6.1085515 0.30000001,1.99835658 4.11563635 -0.30000001,1.99835658 4.11563635 0.30000001,1.58998835 6.08764601 -0.30000001,1.79945219 4.09473038 -0.30000001,1.79945219 4.09473038 0.30000001,1.58998835 6.08764601 0.30000001,1.99981725 4.09474754 -0.30000001,1.99981725 4.09474754 0.30000001,1.99926925 4.10520458 -0.30000001,1.99926925 4.10520458 0.30000001,1.79975641 4.09125328 -0.30000001,1.79975641 4.09125328 0.30000001,1.79993904 4.0877676 -0.30000001,1.79993904 4.0877676 0.30000001,1.6142813 6.24102545 0.30000001,1.6142813 6.24102545 -0.30000001,1.60878575 6.22784662 -0.30000001,1.60878575 6.22784662 0.30000001,1.60392344 6.21442127 -0.30000001,1.60392344 6.21442127 0.30000001,1.59970546 6.20077991 -0.30000001,1.59970546 6.20077991 0.30000001,1.59614134 6.18695354 -0.30000001,1.59614134 6.18695354 0.30000001,1.59323919 6.17297268 -0.30000001,1.59323919 6.17297268 0.30000001,1.59100544 6.15887022 -0.30000001,1.59100544 6.15887022 0.30000001,1.58944535 6.14467716 -0.30000001,1.58944535 6.14467716 0.30000001,1.58856237 6.13042545 -0.30000001,1.58856237 6.13042545 0.30000001,1.58835852 6.11614847 0.30000001,1.58835852 6.11614847 -0.30000001,1.58883417 6.10187769 0.30000001,1.58883417 6.10187769 -0.30000001,1.78850806 6.11329556 0.30000001,1.78850806 6.11329556 -0.30000001,1.78834939 6.11805248 0.30000001,1.78834939 6.11805248 -0.30000001,1.78841746 6.12281132 0.30000001,1.78841746 6.12281132 -0.30000001,1.78871179 6.12756205 0.30000001,1.78871179 6.12756205 -0.30000001,1.78923178 6.13229275 0.30000001,1.78923178 6.13229275 -0.30000001,1.78997636 6.13699389 0.30000001,1.78997636 6.13699389 -0.30000001,1.79094374 6.14165401 0.30000001,1.79094374 6.14165401 -0.30000001,1.79213178 6.14626312 0.30000001,1.79213178 6.14626312 -0.30000001,1.79353774 6.15081024 0.30000001,1.79353774 6.15081024 -0.30000001,1.79515851 6.15528536 0.30000001,1.79515851 6.15528536 -0.30000001,1.79699039 6.15967798 0.30000001,1.79699039 6.15967798 -0.30000001,1.6222595 6.25894499 -0.30000001,1.8049686 6.17759752 -0.30000001,1.63440883 6.28623295 -0.29850924,1.62834179 6.2726059 -0.29962707,1.64044583 6.29979181 -0.29664925,1.65822577 6.33972645 -0.28667185,1.65236914 6.32657194 -0.29072317,1.64643753 6.31324959 -0.29405174,1.68588555 6.40185118 -0.25598726,1.6806165 6.39001703 -0.26346648,1.67520249 6.37785673 -0.27029067,1.69593632 6.4244256 -0.23913975,1.69099641 6.41333055 -0.24787164,1.66965675 6.36540079 -0.27644286,1.66399312 6.35268021 -0.2819078,1.70961034 6.45513773 -0.20947105,1.70525491 6.44535542 -0.21991557,1.70069313 6.43510962 -0.22981334,1.71765935 6.47321653 -0.18704695,1.71374857 6.46443272 -0.19850574,1.72133303 6.48146772 -0.1751231,1.73084259 6.50282621 -0.1368632,1.72793281 6.49629068 -0.15000001,1.72476029 6.48916531 -0.16276388,1.73584569 6.51406336 -0.10960231,1.73348236 6.50875521 -0.12338613,1.74333358 6.5308814 -0.03730311,1.74242675 6.52884483 -0.05209445,1.74122119 6.52613735 -0.06675628,1.73971987 6.52276516 -0.08125214,1.7379266 6.51873732 -0.09554599,1.6222595 6.25894499 0.30000001,1.63440883 6.28623295 0.29850924,1.62834179 6.2726059 0.29962707,1.74333358 6.5308814 0.03730311,1.74393928 6.5322423 0.02241903,1.74424255 6.53292322 0.00747921,1.74424255 6.53292322 -0.00747921,1.74393928 6.5322423 -0.02241903,1.64044583 6.29979181 0.29664925,1.66399312 6.35268021 0.2819078,1.64643753 6.31324959 0.29405174,1.65236914 6.32657194 0.29072317,1.65822577 6.33972645 0.28667185,1.73584569 6.51406336 0.10960231,1.7379266 6.51873732 0.09554599,1.73971987 6.52276516 0.08125214,1.74122119 6.52613735 0.06675628,1.74242675 6.52884483 0.05209445,1.67520249 6.37785673 0.27029067,1.66965675 6.36540079 0.27644286,1.72793281 6.49629068 0.15000001,1.73084259 6.50282621 0.1368632,1.73348236 6.50875521 0.12338613,1.69099641 6.41333055 0.24787164,1.6806165 6.39001703 0.26346648,1.68588555 6.40185118 0.25598726,1.69593632 6.4244256 0.23913975,1.71765935 6.47321653 0.18704695,1.72133303 6.48146772 0.1751231,1.72476029 6.48916531 0.16276388,1.70961034 6.45513773 0.20947105,1.70069313 6.43510962 0.22981334,1.70525491 6.44535542 0.21991557,1.71374857 6.46443272 0.19850574,1.8049686 6.17759752 0.30000001,1.81711793 6.20488548 -0.29850924,1.82315493 6.21844435 -0.29664925,1.81105089 6.19125843 -0.29962707,1.83507824 6.24522495 -0.29072317,1.84670222 6.27133274 -0.2819078,1.82914662 6.23190212 -0.29405174,1.84093487 6.25837898 -0.28667185,1.85236585 6.28405333 -0.27644286,1.85791159 6.29650927 -0.27029067,1.8633256 6.30866957 -0.26346648,1.86859465 6.32050371 -0.25598726,1.87370551 6.33198309 -0.24787164,1.87864542 6.34307814 -0.23913975,1.91064191 6.4149437 -0.15000001,1.91355169 6.42147923 -0.1368632,1.90746939 6.40781784 -0.16276388,1.89645767 6.38308525 -0.19850574,1.91855478 6.43271637 -0.10960231,1.89231944 6.37379074 -0.20947105,1.90036845 6.39186907 -0.18704695,1.90404212 6.40012026 -0.1751231,1.91619146 6.42740822 -0.12338613,1.92393029 6.44478989 -0.06675628,1.92664838 6.45089483 -0.02241903,1.92242897 6.44141769 -0.08125214,1.92513585 6.44749737 -0.05209445,1.92604268 6.44953442 -0.03730311,1.88796401 6.36400795 -0.21991557,1.92664838 6.45089483 0.02241903,1.88340223 6.35376215 -0.22981334,1.92063558 6.43738985 -0.09554599,1.92695165 6.45157576 -0.00747921,1.92695165 6.45157576 0.00747921,1.81105089 6.19125843 0.29962707,1.82315493 6.21844435 0.29664925,1.81711793 6.20488548 0.29850924,1.92604268 6.44953442 0.03730311,1.92513585 6.44749737 0.05209445,1.83507824 6.24522495 0.29072317,1.82914662 6.23190212 0.29405174,1.92393029 6.44478989 0.06675628,1.92242897 6.44141769 0.08125214,1.84093487 6.25837898 0.28667185,1.85236585 6.28405333 0.27644286,1.84670222 6.27133274 0.2819078,1.91355169 6.42147923 0.1368632,1.92063558 6.43738985 0.09554599,1.91855478 6.43271637 0.10960231,1.91619146 6.42740822 0.12338613,1.8633256 6.30866957 0.26346648,1.85791159 6.29650927 0.27029067,1.86859465 6.32050371 0.25598726,1.90404212 6.40012026 0.1751231,1.90036845 6.39186907 0.18704695,1.90746939 6.40781784 0.16276388,1.87370551 6.33198309 0.24787164,1.88340223 6.35376215 0.22981334,1.87864542 6.34307814 0.23913975,1.88796401 6.36400795 0.21991557,1.89231944 6.37379074 0.20947105,1.91064191 6.4149437 0.15000001,1.89645767 6.38308525 0.19850574,0.75110728 6.1085515 0.30000001,0.75110728 6.1085515 -0.30000001,0.54164344 4.11563635 0.30000001,0.54164344 4.11563635 -0.30000001,0.95001167 6.08764601 0.30000001,0.74054784 4.09473038 0.30000001,0.74054784 4.09473038 -0.30000001,0.95001167 6.08764601 -0.30000001,0.54018277 4.09474754 0.30000001,0.54018277 4.09474754 -0.30000001,0.54073077 4.10520458 0.30000001,0.54073077 4.10520458 -0.30000001,0.74024361 4.09125328 0.30000001,0.74024361 4.09125328 -0.30000001,0.74006093 4.0877676 0.30000001,0.74006093 4.0877676 -0.30000001,0.92571872 6.24102545 -0.30000001,0.92571872 6.24102545 0.30000001,0.93121427 6.22784662 0.30000001,0.93121427 6.22784662 -0.30000001,0.93607658 6.21442127 0.30000001,0.93607658 6.21442127 -0.30000001,0.94029456 6.20077991 0.30000001,0.94029456 6.20077991 -0.30000001,0.94385868 6.18695354 0.30000001,0.94385868 6.18695354 -0.30000001,0.94676083 6.17297268 0.30000001,0.94676083 6.17297268 -0.30000001,0.94899452 6.15887022 0.30000001,0.94899452 6.15887022 -0.30000001,0.95055461 6.14467716 0.30000001,0.95055461 6.14467716 -0.30000001,0.95143759 6.13042545 0.30000001,0.95143759 6.13042545 -0.30000001,0.9516415 6.11614847 -0.30000001,0.9516415 6.11614847 0.30000001,0.9511658 6.10187769 -0.30000001,0.9511658 6.10187769 0.30000001,0.75149202 6.11329556 -0.30000001,0.75149202 6.11329556 0.30000001,0.75165057 6.11805248 -0.30000001,0.75165057 6.11805248 0.30000001,0.75158262 6.12281132 -0.30000001,0.75158262 6.12281132 0.30000001,0.75128824 6.12756205 -0.30000001,0.75128824 6.12756205 0.30000001,0.75076824 6.13229275 -0.30000001,0.75076824 6.13229275 0.30000001,0.75002366 6.13699389 -0.30000001,0.75002366 6.13699389 0.30000001,0.74905628 6.14165401 -0.30000001,0.74905628 6.14165401 0.30000001,0.74786824 6.14626312 -0.30000001,0.74786824 6.14626312 0.30000001,0.74646223 6.15081024 -0.30000001,0.74646223 6.15081024 0.30000001,0.74484152 6.15528536 -0.30000001,0.74484152 6.15528536 0.30000001,0.74300963 6.15967798 -0.30000001,0.74300963 6.15967798 0.30000001,0.91774046 6.25894499 0.30000001,0.73503137 6.17759752 0.30000001,0.90559113 6.28623295 0.29850924,0.91165823 6.2726059 0.29962707,0.89955419 6.29979181 0.29664925,0.88177419 6.33972645 0.28667185,0.88763088 6.32657194 0.29072317,0.8935625 6.31324959 0.29405174,0.85411447 6.40185118 0.25598726,0.85938346 6.39001703 0.26346648,0.86479759 6.37785673 0.27029067,0.8440637 6.4244256 0.23913975,0.84900361 6.41333055 0.24787164,0.87034327 6.36540079 0.27644286,0.87600684 6.35268021 0.2819078,0.83038968 6.45513773 0.20947105,0.83474511 6.44535542 0.21991557,0.83930689 6.43510962 0.22981334,0.81866699 6.48146772 0.1751231,0.82234061 6.47321653 0.18704695,0.82625145 6.46443272 0.19850574,0.80915743 6.50282621 0.1368632,0.81206721 6.49629068 0.15000001,0.81523967 6.48916531 0.16276388,0.80415434 6.51406336 0.10960231,0.80651766 6.50875521 0.12338613,0.7966665 6.5308814 0.03730311,0.79757327 6.52884483 0.05209445,0.79877883 6.52613735 0.06675628,0.91774046 6.25894499 -0.30000001,0.90559113 6.28623295 -0.29850924,0.91165823 6.2726059 -0.29962707,0.7966665 6.5308814 -0.03730311,0.79606068 6.5322423 -0.02241903,0.79575741 6.53292322 -0.00747921,0.79575741 6.53292322 0.00747921,0.79606068 6.5322423 0.02241903,0.88763088 6.32657194 -0.29072317,0.89955419 6.29979181 -0.29664925,0.8935625 6.31324959 -0.29405174,0.80028009 6.52276516 -0.08125214,0.79877883 6.52613735 -0.06675628,0.79757327 6.52884483 -0.05209445,0.88177419 6.33972645 -0.28667185,0.87600684 6.35268021 -0.2819078,0.80415434 6.51406336 -0.10960231,0.80207348 6.51873732 -0.09554599,0.86479759 6.37785673 -0.27029067,0.87034327 6.36540079 -0.27644286,0.81206721 6.49629068 -0.15000001,0.80915743 6.50282621 -0.1368632,0.80651766 6.50875521 -0.12338613,0.85411447 6.40185118 -0.25598726,0.85938346 6.39001703 -0.26346648,0.81866699 6.48146772 -0.1751231,0.81523967 6.48916531 -0.16276388,0.8440637 6.4244256 -0.23913975,0.84900361 6.41333055 -0.24787164,0.82234061 6.47321653 -0.18704695,0.83474511 6.44535542 -0.21991557,0.83930689 6.43510962 -0.22981334,0.83038968 6.45513773 -0.20947105,0.82625145 6.46443272 -0.19850574,0.80028009 6.52276516 0.08125214,0.80207348 6.51873732 0.09554599,0.73503137 6.17759752 -0.30000001,0.69906509 6.25837898 0.28667185,0.69329774 6.27133274 0.2819078,0.70492184 6.24522495 0.29072317,0.68763417 6.28405333 0.27644286,0.68208849 6.29650927 0.27029067,0.67667437 6.30866957 0.26346648,0.67140538 6.32050371 0.25598726,0.63963157 6.39186907 0.18704695,0.63253057 6.40781784 0.16276388,0.64354235 6.38308525 0.19850574,0.6359579 6.40012026 0.1751231,0.62935811 6.4149437 0.15000001,0.62644833 6.42147923 0.1368632,0.61936438 6.43738985 0.09554599,0.61335158 6.45089483 0.02241903,0.62144524 6.43271637 0.10960231,0.61757106 6.44141769 0.08125214,0.61606973 6.44478989 0.06675628,0.61486417 6.44749737 0.05209445,0.61395741 6.44953442 0.03730311,0.61335158 6.45089483 -0.02241903,0.66629452 6.33198309 0.24787164,0.6613546 6.34307814 0.23913975,0.65659779 6.35376215 0.22981334,0.65203607 6.36400795 0.21991557,0.64768064 6.37379074 0.20947105,0.62380856 6.42740822 0.12338613,0.61304832 6.45157576 0.00747921,0.61304832 6.45157576 -0.00747921,0.61395741 6.44953442 -0.03730311,0.61757106 6.44141769 -0.08125214,0.61486417 6.44749737 -0.05209445,0.61606973 6.44478989 -0.06675628,0.61936438 6.43738985 -0.09554599,0.62144524 6.43271637 -0.10960231,0.69906509 6.25837898 -0.28667185,0.68763417 6.28405333 -0.27644286,0.69329774 6.27133274 -0.2819078,0.62380856 6.42740822 -0.12338613,0.62644833 6.42147923 -0.1368632,0.68208849 6.29650927 -0.27029067,0.67140538 6.32050371 -0.25598726,0.67667437 6.30866957 -0.26346648,0.70492184 6.24522495 -0.29072317,0.63253057 6.40781784 -0.16276388,0.62935811 6.4149437 -0.15000001,0.6613546 6.34307814 -0.23913975,0.66629452 6.33198309 -0.24787164,0.72894913 6.19125843 0.29962707,0.64768064 6.37379074 -0.20947105,0.72288203 6.20488548 0.29850924,0.7168451 6.21844435 0.29664925,0.7108534 6.23190212 0.29405174,0.6359579 6.40012026 -0.1751231,0.63963157 6.39186907 -0.18704695,0.64354235 6.38308525 -0.19850574,0.65659779 6.35376215 -0.22981334,0.65203607 6.36400795 -0.21991557,0.7108534 6.23190212 -0.29405174,0.7168451 6.21844435 -0.29664925,0.72288203 6.20488548 -0.29850924,0.72894913 6.19125843 -0.29962707,-0.83999997 3.29999995 -0.5,0.83999997 3.29999995 -0.5,-0.83999997 3.29999995 -0.69999999,0.83999997 3.29999995 -0.69999999,-1.70000005 4.0999999 -0.69999999,-1.59000003 4.0999999 -0.69999999,-1.70000005 2.5 -0.69999999,-0.94999999 4.0999999 -0.69999999,-0.83999997 4.0999999 -0.69999999,1.70000005 2.5 -0.69999999,0.83999997 4.0999999 -0.69999999,0.94999999 4.0999999 -0.69999999,1.59000003 4.0999999 -0.69999999,-0.94999999 6.69999981 -0.69999999,-1.59000003 6.9000001 -0.69999999,-0.94975907 6.70981359 -0.69999999,-0.94903696 6.71960354 -0.69999999,-0.94783533 6.72934628 -0.69999999,-0.94615704 6.73901796 -0.69999999,1.70000005 4.0999999 -0.69999999,-0.94400626 6.74859619 -0.69999999,-0.94138807 6.75805712 -0.69999999,-0.93830884 6.76737785 -0.69999999,-0.93477589 6.77653646 -0.69999999,-0.93079787 6.78551102 -0.69999999,-0.92638427 6.79427958 -0.69999999,-0.92154574 6.80282068 -0.69999999,-0.91629392 6.81111383 -0.69999999,-0.91064149 6.81913996 -0.69999999,-0.90460211 6.82687855 -0.69999999,-0.8981902 6.83431196 -0.69999999,-0.89142138 6.84142113 -0.69999999,-0.8843118 6.84819031 -0.69999999,-2 6.9000001 -0.69999999,-1.20000005 7.69999981 -0.69999999,-0.75981355 6.89975929 -0.69999999,-0.75 6.9000001 -0.69999999,-0.76960343 6.89903688 -0.69999999,-0.77934611 6.89783525 -0.69999999,-0.78901803 6.89615726 -0.69999999,-0.79859602 6.89400625 -0.69999999,-0.80805695 6.89138794 -0.69999999,-0.81737798 6.888309 -0.69999999,-0.82653672 6.88477612 -0.69999999,-0.83551103 6.88079786 -0.69999999,-0.84427935 6.87638426 -0.69999999,-0.85282058 6.87154579 -0.69999999,-0.86111403 6.86629391 -0.69999999,-0.86913985 6.86064148 -0.69999999,-0.87687868 6.85460186 -0.69999999,0.94999999 6.69999981 -0.69999999,0.94975907 6.70981359 -0.69999999,1.59000003 6.9000001 -0.69999999,0.94903696 6.71960354 -0.69999999,0.94783533 6.72934628 -0.69999999,0.94615704 6.73901796 -0.69999999,0.94400626 6.74859619 -0.69999999,0.94138807 6.75805712 -0.69999999,0.93830884 6.76737785 -0.69999999,0.93477589 6.77653646 -0.69999999,0.93079787 6.78551102 -0.69999999,0.92638427 6.79427958 -0.69999999,0.92154574 6.80282068 -0.69999999,0.91629392 6.81111383 -0.69999999,0.91064149 6.81913996 -0.69999999,0.90460211 6.82687855 -0.69999999,0.8981902 6.83431196 -0.69999999,0.89142138 6.84142113 -0.69999999,0.8843118 6.84819031 -0.69999999,1.20000005 7.69999981 -0.69999999,2 6.9000001 -0.69999999,0.75 6.9000001 -0.69999999,0.87687868 6.85460186 -0.69999999,0.86913985 6.86064148 -0.69999999,0.86111403 6.86629391 -0.69999999,0.85282058 6.87154579 -0.69999999,0.84427935 6.87638426 -0.69999999,0.83551103 6.88079786 -0.69999999,0.82653672 6.88477612 -0.69999999,0.81737798 6.888309 -0.69999999,0.80805695 6.89138794 -0.69999999,0.79859602 6.89400625 -0.69999999,0.78901803 6.89615726 -0.69999999,0.77934611 6.89783525 -0.69999999,0.76960343 6.89903688 -0.69999999,0.75981355 6.89975929 -0.69999999,-1.59000003 4.0999999 -0.5,-1.70000005 4.0999999 -0.5,-1.70000005 2.5 -0.5,-0.94999999 4.0999999 -0.5,-0.83999997 4.0999999 -0.5,1.70000005 2.5 -0.5,0.94999999 4.0999999 -0.5,0.83999997 4.0999999 -0.5,1.59000003 4.0999999 -0.5,-0.94999999 6.69999981 -0.5,-0.94975907 6.70981359 -0.5,-1.59000003 6.9000001 -0.5,-0.94903696 6.71960354 -0.5,-0.94783533 6.72934628 -0.5,-0.94615704 6.73901796 -0.5,1.70000005 4.0999999 -0.5,-0.94400626 6.74859619 -0.5,-0.94138807 6.75805712 -0.5,-0.93830884 6.76737785 -0.5,-0.93477589 6.77653646 -0.5,-0.93079787 6.78551102 -0.5,-0.92638427 6.79427958 -0.5,-0.92154574 6.80282068 -0.5,-0.91629392 6.81111383 -0.5,-0.91064149 6.81913996 -0.5,-0.90460211 6.82687855 -0.5,-0.8981902 6.83431196 -0.5,-0.89142138 6.84142113 -0.5,-0.8843118 6.84819031 -0.5,-1.20000005 7.69999981 -0.5,-2 6.9000001 -0.5,-0.75981355 6.89975929 -0.5,-0.75 6.9000001 -0.5,-0.76960343 6.89903688 -0.5,-0.77934611 6.89783525 -0.5,-0.78901803 6.89615726 -0.5,-0.79859602 6.89400625 -0.5,-0.80805695 6.89138794 -0.5,-0.81737798 6.888309 -0.5,-0.82653672 6.88477612 -0.5,-0.83551103 6.88079786 -0.5,-0.84427935 6.87638426 -0.5,-0.85282058 6.87154579 -0.5,-0.86111403 6.86629391 -0.5,-0.86913985 6.86064148 -0.5,-0.87687868 6.85460186 -0.5,0.94999999 6.69999981 -0.5,1.59000003 6.9000001 -0.5,0.94975907 6.70981359 -0.5,0.94903696 6.71960354 -0.5,0.94783533 6.72934628 -0.5,0.94615704 6.73901796 -0.5,0.94400626 6.74859619 -0.5,0.94138807 6.75805712 -0.5,0.93830884 6.76737785 -0.5,0.93477589 6.77653646 -0.5,0.93079787 6.78551102 -0.5,0.92638427 6.79427958 -0.5,0.92154574 6.80282068 -0.5,0.91629392 6.81111383 -0.5,0.91064149 6.81913996 -0.5,0.90460211 6.82687855 -0.5,0.8981902 6.83431196 -0.5,0.89142138 6.84142113 -0.5,0.8843118 6.84819031 -0.5,1.20000005 7.69999981 -0.5,0.75 6.9000001 -0.5,0.87687868 6.85460186 -0.5,0.86913985 6.86064148 -0.5,0.86111403 6.86629391 -0.5,0.85282058 6.87154579 -0.5,0.84427935 6.87638426 -0.5,0.83551103 6.88079786 -0.5,0.82653672 6.88477612 -0.5,0.81737798 6.888309 -0.5,0.80805695 6.89138794 -0.5,0.79859602 6.89400625 -0.5,0.78901803 6.89615726 -0.5,0.77934611 6.89783525 -0.5,0.76960343 6.89903688 -0.5,0.75981355 6.89975929 -0.5,2 6.9000001 -0.5,0.82527971 3.29999995 -0.69963866,0.83509326 3.29999995 -0.49987954,0.54036134 3.29999995 -0.4147203,0.74012047 3.29999995 -0.40490678,0.81059486 3.29999995 -0.69855541,0.83019829 3.29999995 -0.49951848,0.5414446 3.29999995 -0.42940515,0.74048156 3.29999995 -0.40980172,0.79598087 3.29999995 -0.69675297,0.82532698 3.29999995 -0.49891764,0.54324704 3.29999995 -0.44401914,0.74108237 3.29999995 -0.41467306,0.78147292 3.29999995 -0.69423556,0.82049096 3.29999995 -0.49807853,0.54576439 3.29999995 -0.45852709,0.74192148 3.29999995 -0.41950902,0.76710594 3.29999995 -0.6910094,0.81570196 3.29999995 -0.49700314,0.54899061 3.29999995 -0.47289404,0.74299687 3.29999995 -0.42429802,0.75291461 3.29999995 -0.68708211,0.81097156 3.29999995 -0.49569404,0.5529179 3.29999995 -0.4870854,0.74430597 3.29999995 -0.42902848,0.73893303 3.29999995 -0.68246323,0.80631101 3.29999995 -0.49415439,0.55753678 3.29999995 -0.50106698,0.74584562 3.29999995 -0.433689,0.72519499 3.29999995 -0.67716384,0.80173165 3.29999995 -0.49238795,0.56283611 3.29999995 -0.51480502,0.74761206 3.29999995 -0.43826833,0.71173346 3.29999995 -0.67119676,0.79724449 3.29999995 -0.49039894,0.56880319 3.29999995 -0.52826655,0.74960107 3.29999995 -0.44275552,0.69858098 3.29999995 -0.66457635,0.79286033 3.29999995 -0.48819214,0.5754236 3.29999995 -0.54141903,0.75180787 3.29999995 -0.44713968,0.58268142 3.29999995 -0.55423081,0.75422716 3.29999995 -0.45141026,0.6857692 3.29999995 -0.65731859,0.78858972 3.29999995 -0.48577285,0.59055912 3.29999995 -0.56667107,0.75685304 3.29999995 -0.45555702,0.67332894 3.29999995 -0.64944088,0.78444296 3.29999995 -0.48314697,0.59903777 3.29999995 -0.57870978,0.75967926 3.29999995 -0.45956993,0.66129023 3.29999995 -0.64096224,0.78043008 3.29999995 -0.48032075,0.60809684 3.29999995 -0.59031796,0.76269895 3.29999995 -0.46343932,0.64968199 3.29999995 -0.63190311,0.77656066 3.29999995 -0.47730103,0.61771464 3.29999995 -0.60146767,0.7659049 3.29999995 -0.4671559,0.63853234 3.29999995 -0.62228537,0.77284408 3.29999995 -0.47409511,0.62786794 3.29999995 -0.61213201,0.76928931 3.29999995 -0.47071066,1.71472025 4.0999999 -0.69963866,1.71472025 2.5 -0.69963866,1.72940516 4.0999999 -0.69855541,1.72940516 2.5 -0.69855541,1.74401915 4.0999999 -0.69675297,1.74401915 2.5 -0.69675297,1.75852704 4.0999999 -0.69423556,1.75852704 2.5 -0.69423556,1.77289402 4.0999999 -0.6910094,1.77289402 2.5 -0.6910094,1.78708541 4.0999999 -0.68708211,1.78708541 2.5 -0.68708211,1.80106699 4.0999999 -0.68246323,1.80106699 2.5 -0.68246323,1.81480503 4.0999999 -0.67716384,1.81480503 2.5 -0.67716384,1.8282665 4.0999999 -0.67119676,1.8282665 2.5 -0.67119676,1.84141898 2.5 -0.66457635,1.84141898 4.0999999 -0.66457635,1.85423088 4.0999999 -0.65731859,1.85423088 2.5 -0.65731859,1.86667109 2.5 -0.64944088,1.86667109 4.0999999 -0.64944088,1.87870979 4.0999999 -0.64096224,1.87870979 2.5 -0.64096224,1.89031804 4.0999999 -0.63190311,1.89031804 2.5 -0.63190311,1.90146768 4.0999999 -0.62228537,1.90146768 2.5 -0.62228537,1.91213202 2.5 -0.61213201,1.91213202 4.0999999 -0.61213201,1.92228532 2.5 -0.60146767,1.92228532 4.0999999 -0.60146767,1.93190312 4.0999999 -0.59031796,1.93190312 2.5 -0.59031796,1.94096231 2.5 -0.57870978,1.94096231 4.0999999 -0.57870978,1.94944084 2.5 -0.56667107,1.94944084 4.0999999 -0.56667107,1.95731854 2.5 -0.55423081,1.95731854 4.0999999 -0.55423081,1.96457636 4.0999999 -0.54141903,1.96457636 2.5 -0.54141903,1.97119677 4.0999999 -0.52826655,1.97119677 2.5 -0.52826655,1.97716391 2.5 -0.51480502,1.97716391 4.0999999 -0.51480502,1.98246324 4.0999999 -0.50106698,1.98246324 2.5 -0.50106698,1.98708212 2.5 -0.4870854,1.98708212 4.0999999 -0.4870854,1.99100935 4.0999999 -0.47289404,1.99100935 2.5 -0.47289404,1.99423563 2.5 -0.45852709,1.99423563 4.0999999 -0.45852709,1.99675298 4.0999999 -0.44401914,1.99675298 2.5 -0.44401914,1.99855542 2.5 -0.42940515,1.99855542 4.0999999 -0.42940515,1.99963868 2.5 -0.4147203,1.99963868 4.0999999 -0.4147203,0.82527971 4.0999999 -0.69963866,0.81059486 4.0999999 -0.69855541,0.79598087 4.0999999 -0.69675297,0.78147292 4.0999999 -0.69423556,0.76710594 4.0999999 -0.6910094,0.75291461 4.0999999 -0.68708211,0.73893303 4.0999999 -0.68246323,0.72519499 4.0999999 -0.67716384,0.71173346 4.0999999 -0.67119676,0.69858098 4.0999999 -0.66457635,0.6857692 4.0999999 -0.65731859,0.67332894 4.0999999 -0.64944088,0.66129023 4.0999999 -0.64096224,0.64968199 4.0999999 -0.63190311,0.63853234 4.0999999 -0.62228537,0.62786794 4.0999999 -0.61213201,0.61771464 4.0999999 -0.60146767,0.60809684 4.0999999 -0.59031796,0.59903777 4.0999999 -0.57870978,0.59055912 4.0999999 -0.56667107,0.58268142 4.0999999 -0.55423081,0.5754236 4.0999999 -0.54141903,0.56880319 4.0999999 -0.52826655,0.56283611 4.0999999 -0.51480502,0.55753678 4.0999999 -0.50106698,0.5529179 4.0999999 -0.4870854,0.54899061 4.0999999 -0.47289404,0.54576439 4.0999999 -0.45852709,0.54324704 4.0999999 -0.44401914,0.5414446 4.0999999 -0.42940515,0.54036134 4.0999999 -0.4147203,1.79987955 2.5 -0.40490678,1.79987955 4.0999999 -0.40490678,1.79951847 2.5 -0.40980172,1.79951847 4.0999999 -0.40980172,1.79891765 2.5 -0.41467306,1.79891765 4.0999999 -0.41467306,1.79807854 2.5 -0.41950902,1.79807854 4.0999999 -0.41950902,1.79700315 2.5 -0.42429802,1.79700315 4.0999999 -0.42429802,1.79569399 2.5 -0.42902848,1.79569399 4.0999999 -0.42902848,1.79415441 2.5 -0.433689,1.79415441 4.0999999 -0.433689,1.79238796 2.5 -0.43826833,1.79238796 4.0999999 -0.43826833,1.79039896 2.5 -0.44275552,1.79039896 4.0999999 -0.44275552,1.78819215 2.5 -0.44713968,1.78819215 4.0999999 -0.44713968,1.78577292 4.0999999 -0.45141026,1.78577292 2.5 -0.45141026,1.78314698 4.0999999 -0.45555702,1.78314698 2.5 -0.45555702,1.78032076 4.0999999 -0.45956993,1.78032076 2.5 -0.45956993,1.77730107 2.5 -0.46343932,1.77730107 4.0999999 -0.46343932,1.77409506 2.5 -0.4671559,1.77409506 4.0999999 -0.4671559,1.77071071 2.5 -0.47071066,1.77071071 4.0999999 -0.47071066,1.76715589 2.5 -0.47409511,1.76715589 4.0999999 -0.47409511,1.7634393 2.5 -0.47730103,1.7634393 4.0999999 -0.47730103,1.75956988 4.0999999 -0.48032075,1.75956988 2.5 -0.48032075,1.75555706 2.5 -0.48314697,1.75555706 4.0999999 -0.48314697,1.75141025 2.5 -0.48577285,1.75141025 4.0999999 -0.48577285,1.74713969 2.5 -0.48819214,1.74713969 4.0999999 -0.48819214,1.74275553 2.5 -0.49039894,1.74275553 4.0999999 -0.49039894,1.73826838 4.0999999 -0.49238795,1.73826838 2.5 -0.49238795,1.73368895 4.0999999 -0.49415439,1.73368895 2.5 -0.49415439,1.72902846 4.0999999 -0.49569404,1.72902846 2.5 -0.49569404,1.724298 4.0999999 -0.49700314,1.724298 2.5 -0.49700314,1.71950901 4.0999999 -0.49807853,1.71950901 2.5 -0.49807853,1.71467304 4.0999999 -0.49891764,1.71467304 2.5 -0.49891764,1.70980167 2.5 -0.49951848,1.70980167 4.0999999 -0.49951848,1.70490682 2.5 -0.49987954,1.70490682 4.0999999 -0.49987954,0.74012047 4.0999999 -0.40490678,0.74048156 4.0999999 -0.40980172,0.74108237 4.0999999 -0.41467306,0.74192148 4.0999999 -0.41950902,0.74299687 4.0999999 -0.42429802,0.74430597 4.0999999 -0.42902848,0.74584562 4.0999999 -0.433689,0.74761206 4.0999999 -0.43826833,0.74960107 4.0999999 -0.44275552,0.75180787 4.0999999 -0.44713968,0.75422716 4.0999999 -0.45141026,0.75685304 4.0999999 -0.45555702,0.75967926 4.0999999 -0.45956993,0.76269895 4.0999999 -0.46343932,0.7659049 4.0999999 -0.4671559,0.76928931 4.0999999 -0.47071066,0.77284408 4.0999999 -0.47409511,0.77656066 4.0999999 -0.47730103,0.78043008 4.0999999 -0.48032075,0.78444296 4.0999999 -0.48314697,0.78858972 4.0999999 -0.48577285,0.79286033 4.0999999 -0.48819214,0.79724449 4.0999999 -0.49039894,0.80173165 4.0999999 -0.49238795,0.80631101 4.0999999 -0.49415439,0.81097156 4.0999999 -0.49569404,0.81570196 4.0999999 -0.49700314,0.82049096 4.0999999 -0.49807853,0.82532698 4.0999999 -0.49891764,0.83019829 4.0999999 -0.49951848,0.83509326 4.0999999 -0.49987954,-2 4.0999999 0.69999999,-2 4.08427763 0.30000001,-2 2.5 0.69999999,-2 2.5 -0.40000001,-2 4.0999999 0.30000001,-2 4.08427763 -0.30000001,-2 4.0999999 -0.30000001,-2 4.0999999 -0.40000001,-1.79999995 4.08427763 0.30000001,-1.79999995 4.0999999 0.69999999,-1.79999995 2.5 0.69999999,-1.79999995 2.5 -0.40000001,-1.79999995 4.0999999 0.30000001,-1.79999995 4.08427763 -0.30000001,-1.79999995 4.0999999 -0.40000001,-1.79999995 4.0999999 -0.30000001,-1.71472025 2.5 -0.69963866,-1.71472025 4.0999999 -0.69963866,-1.72940516 2.5 -0.69855541,-1.72940516 4.0999999 -0.69855541,-1.74401915 2.5 -0.69675297,-1.74401915 4.0999999 -0.69675297,-1.75852704 2.5 -0.69423556,-1.75852704 4.0999999 -0.69423556,-1.77289402 2.5 -0.6910094,-1.77289402 4.0999999 -0.6910094,-1.78708541 2.5 -0.68708211,-1.78708541 4.0999999 -0.68708211,-1.80106699 2.5 -0.68246323,-1.80106699 4.0999999 -0.68246323,-1.81480503 2.5 -0.67716384,-1.81480503 4.0999999 -0.67716384,-1.8282665 2.5 -0.67119676,-1.8282665 4.0999999 -0.67119676,-1.84141898 2.5 -0.66457635,-1.84141898 4.0999999 -0.66457635,-1.85423088 4.0999999 -0.65731859,-1.85423088 2.5 -0.65731859,-1.86667109 2.5 -0.64944088,-1.86667109 4.0999999 -0.64944088,-1.87870979 4.0999999 -0.64096224,-1.87870979 2.5 -0.64096224,-1.89031804 2.5 -0.63190311,-1.89031804 4.0999999 -0.63190311,-1.90146768 4.0999999 -0.62228537,-1.90146768 2.5 -0.62228537,-1.91213202 4.0999999 -0.61213201,-1.91213202 2.5 -0.61213201,-1.92228532 2.5 -0.60146767,-1.92228532 4.0999999 -0.60146767,-1.93190312 4.0999999 -0.59031796,-1.93190312 2.5 -0.59031796,-1.94096231 2.5 -0.57870978,-1.94096231 4.0999999 -0.57870978,-1.94944084 4.0999999 -0.56667107,-1.94944084 2.5 -0.56667107,-1.95731854 4.0999999 -0.55423081,-1.95731854 2.5 -0.55423081,-1.96457636 4.0999999 -0.54141903,-1.96457636 2.5 -0.54141903,-1.97119677 2.5 -0.52826655,-1.97119677 4.0999999 -0.52826655,-1.97716391 2.5 -0.51480502,-1.97716391 4.0999999 -0.51480502,-1.98246324 4.0999999 -0.50106698,-1.98246324 2.5 -0.50106698,-1.98708212 2.5 -0.4870854,-1.98708212 4.0999999 -0.4870854,-1.99100935 4.0999999 -0.47289404,-1.99100935 2.5 -0.47289404,-1.99423563 4.0999999 -0.45852709,-1.99423563 2.5 -0.45852709,-1.99675298 2.5 -0.44401914,-1.99675298 4.0999999 -0.44401914,-1.99855542 2.5 -0.42940515,-1.99855542 4.0999999 -0.42940515,-1.99963868 4.0999999 -0.4147203,-1.99963868 2.5 -0.4147203,-1.79987955 4.0999999 -0.40490678,-1.79987955 2.5 -0.40490678,-1.79951847 4.0999999 -0.40980172,-1.79951847 2.5 -0.40980172,-1.79891765 4.0999999 -0.41467306,-1.79891765 2.5 -0.41467306,-1.79807854 4.0999999 -0.41950902,-1.79807854 2.5 -0.41950902,-1.79700315 4.0999999 -0.42429802,-1.79700315 2.5 -0.42429802,-1.79569399 4.0999999 -0.42902848,-1.79569399 2.5 -0.42902848,-1.79415441 4.0999999 -0.433689,-1.79415441 2.5 -0.433689,-1.79238796 4.0999999 -0.43826833,-1.79238796 2.5 -0.43826833,-1.79039896 4.0999999 -0.44275552,-1.79039896 2.5 -0.44275552,-1.78819215 4.0999999 -0.44713968,-1.78819215 2.5 -0.44713968,-1.78577292 4.0999999 -0.45141026,-1.78577292 2.5 -0.45141026,-1.78314698 2.5 -0.45555702,-1.78314698 4.0999999 -0.45555702,-1.78032076 4.0999999 -0.45956993,-1.78032076 2.5 -0.45956993,-1.77730107 4.0999999 -0.46343932,-1.77730107 2.5 -0.46343932,-1.77409506 4.0999999 -0.4671559,-1.77409506 2.5 -0.4671559,-1.77071071 4.0999999 -0.47071066,-1.77071071 2.5 -0.47071066,-1.76715589 4.0999999 -0.47409511,-1.76715589 2.5 -0.47409511,-1.7634393 4.0999999 -0.47730103,-1.7634393 2.5 -0.47730103,-1.75956988 2.5 -0.48032075,-1.75956988 4.0999999 -0.48032075,-1.75555706 2.5 -0.48314697,-1.75555706 4.0999999 -0.48314697,-1.75141025 4.0999999 -0.48577285,-1.75141025 2.5 -0.48577285,-1.74713969 4.0999999 -0.48819214,-1.74713969 2.5 -0.48819214,-1.74275553 4.0999999 -0.49039894,-1.74275553 2.5 -0.49039894,-1.73826838 4.0999999 -0.49238795,-1.73826838 2.5 -0.49238795,-1.73368895 2.5 -0.49415439,-1.73368895 4.0999999 -0.49415439,-1.72902846 4.0999999 -0.49569404,-1.72902846 2.5 -0.49569404,-1.724298 4.0999999 -0.49700314,-1.724298 2.5 -0.49700314,-1.71950901 2.5 -0.49807853,-1.71950901 4.0999999 -0.49807853,-1.71467304 4.0999999 -0.49891764,-1.71467304 2.5 -0.49891764,-1.70980167 4.0999999 -0.49951848,-1.70980167 2.5 -0.49951848,-1.70490682 4.0999999 -0.49987954,-1.70490682 2.5 -0.49987954,-0.54000002 4.0999999 -0.40000001,-0.54000002 4.08427763 -0.30000001,-0.54000002 3.29999995 -0.40000001,-0.54000002 3.29999995 0.30000001,-0.54000002 4.0999999 -0.30000001,-0.54000002 4.08427763 0.30000001,-0.74000001 4.08427763 -0.30000001,-0.74000001 4.0999999 -0.40000001,-0.74000001 3.29999995 -0.40000001,-0.74000001 3.29999995 0.30000001,-0.74000001 4.0999999 -0.30000001,-0.74000001 4.08427763 0.30000001,-0.82527971 4.0999999 -0.69963866,-0.82527971 3.29999995 -0.69963866,-0.81059486 4.0999999 -0.69855541,-0.81059486 3.29999995 -0.69855541,-0.79598087 4.0999999 -0.69675297,-0.79598087 3.29999995 -0.69675297,-0.78147292 4.0999999 -0.69423556,-0.78147292 3.29999995 -0.69423556,-0.76710594 4.0999999 -0.6910094,-0.76710594 3.29999995 -0.6910094,-0.75291461 4.0999999 -0.68708211,-0.75291461 3.29999995 -0.68708211,-0.73893303 4.0999999 -0.68246323,-0.73893303 3.29999995 -0.68246323,-0.72519499 4.0999999 -0.67716384,-0.72519499 3.29999995 -0.67716384,-0.71173346 3.29999995 -0.67119676,-0.71173346 4.0999999 -0.67119676,-0.69858098 4.0999999 -0.66457635,-0.69858098 3.29999995 -0.66457635,-0.6857692 3.29999995 -0.65731859,-0.6857692 4.0999999 -0.65731859,-0.67332894 4.0999999 -0.64944088,-0.67332894 3.29999995 -0.64944088,-0.66129023 3.29999995 -0.64096224,-0.66129023 4.0999999 -0.64096224,-0.64968199 4.0999999 -0.63190311,-0.64968199 3.29999995 -0.63190311,-0.63853234 3.29999995 -0.62228537,-0.63853234 4.0999999 -0.62228537,-0.62786794 3.29999995 -0.61213201,-0.62786794 4.0999999 -0.61213201,-0.61771464 4.0999999 -0.60146767,-0.61771464 3.29999995 -0.60146767,-0.60809684 3.29999995 -0.59031796,-0.60809684 4.0999999 -0.59031796,-0.59903777 4.0999999 -0.57870978,-0.59903777 3.29999995 -0.57870978,-0.59055912 3.29999995 -0.56667107,-0.59055912 4.0999999 -0.56667107,-0.58268142 3.29999995 -0.55423081,-0.58268142 4.0999999 -0.55423081,-0.5754236 3.29999995 -0.54141903,-0.5754236 4.0999999 -0.54141903,-0.56880319 4.0999999 -0.52826655,-0.56880319 3.29999995 -0.52826655,-0.56283611 4.0999999 -0.51480502,-0.56283611 3.29999995 -0.51480502,-0.55753678 3.29999995 -0.50106698,-0.55753678 4.0999999 -0.50106698,-0.5529179 4.0999999 -0.4870854,-0.5529179 3.29999995 -0.4870854,-0.54899061 3.29999995 -0.47289404,-0.54899061 4.0999999 -0.47289404,-0.54576439 3.29999995 -0.45852709,-0.54576439 4.0999999 -0.45852709,-0.54324704 4.0999999 -0.44401914,-0.54324704 3.29999995 -0.44401914,-0.5414446 4.0999999 -0.42940515,-0.5414446 3.29999995 -0.42940515,-0.54036134 3.29999995 -0.4147203,-0.54036134 4.0999999 -0.4147203,-0.74012047 3.29999995 -0.40490678,-0.74012047 4.0999999 -0.40490678,-0.74048156 3.29999995 -0.40980172,-0.74048156 4.0999999 -0.40980172,-0.74108237 3.29999995 -0.41467306,-0.74108237 4.0999999 -0.41467306,-0.74192148 3.29999995 -0.41950902,-0.74192148 4.0999999 -0.41950902,-0.74299687 3.29999995 -0.42429802,-0.74299687 4.0999999 -0.42429802,-0.74430597 3.29999995 -0.42902848,-0.74430597 4.0999999 -0.42902848,-0.74584562 3.29999995 -0.433689,-0.74584562 4.0999999 -0.433689,-0.74761206 3.29999995 -0.43826833,-0.74761206 4.0999999 -0.43826833,-0.74960107 3.29999995 -0.44275552,-0.74960107 4.0999999 -0.44275552,-0.75180787 3.29999995 -0.44713968,-0.75180787 4.0999999 -0.44713968,-0.75422716 4.0999999 -0.45141026,-0.75422716 3.29999995 -0.45141026,-0.75685304 4.0999999 -0.45555702,-0.75685304 3.29999995 -0.45555702,-0.75967926 4.0999999 -0.45956993,-0.75967926 3.29999995 -0.45956993,-0.76269895 3.29999995 -0.46343932,-0.76269895 4.0999999 -0.46343932,-0.7659049 3.29999995 -0.4671559,-0.7659049 4.0999999 -0.4671559,-0.76928931 3.29999995 -0.47071066,-0.76928931 4.0999999 -0.47071066,-0.77284408 3.29999995 -0.47409511,-0.77284408 4.0999999 -0.47409511,-0.77656066 3.29999995 -0.47730103,-0.77656066 4.0999999 -0.47730103,-0.78043008 4.0999999 -0.48032075,-0.78043008 3.29999995 -0.48032075,-0.78444296 3.29999995 -0.48314697,-0.78444296 4.0999999 -0.48314697,-0.78858972 3.29999995 -0.48577285,-0.78858972 4.0999999 -0.48577285,-0.79286033 3.29999995 -0.48819214,-0.79286033 4.0999999 -0.48819214,-0.79724449 3.29999995 -0.49039894,-0.79724449 4.0999999 -0.49039894,-0.80173165 4.0999999 -0.49238795,-0.80173165 3.29999995 -0.49238795,-0.80631101 4.0999999 -0.49415439,-0.80631101 3.29999995 -0.49415439,-0.81097156 4.0999999 -0.49569404,-0.81097156 3.29999995 -0.49569404,-0.81570196 4.0999999 -0.49700314,-0.81570196 3.29999995 -0.49700314,-0.82049096 4.0999999 -0.49807853,-0.82049096 3.29999995 -0.49807853,-0.82532698 4.0999999 -0.49891764,-0.82532698 3.29999995 -0.49891764,-0.83019829 3.29999995 -0.49951848,-0.83019829 4.0999999 -0.49951848,-0.83509326 3.29999995 -0.49987954,-0.83509326 4.0999999 -0.49987954,-1.78889275 6.1085515 0.30000001,-1.78889275 6.1085515 -0.30000001,-1.99835658 4.11563635 0.30000001,-1.99835658 4.11563635 -0.30000001,-1.58998835 6.08764601 0.30000001,-1.79945219 4.09473038 0.30000001,-1.79945219 4.09473038 -0.30000001,-1.58998835 6.08764601 -0.30000001,-1.99981725 4.09474754 0.30000001,-1.99981725 4.09474754 -0.30000001,-1.99926925 4.10520458 0.30000001,-1.99926925 4.10520458 -0.30000001,-1.79975641 4.09125328 0.30000001,-1.79975641 4.09125328 -0.30000001,-1.79993904 4.0877676 0.30000001,-1.79993904 4.0877676 -0.30000001,-1.6142813 6.24102545 -0.30000001,-1.6142813 6.24102545 0.30000001,-1.60878575 6.22784662 0.30000001,-1.60878575 6.22784662 -0.30000001,-1.60392344 6.21442127 0.30000001,-1.60392344 6.21442127 -0.30000001,-1.59970546 6.20077991 0.30000001,-1.59970546 6.20077991 -0.30000001,-1.59614134 6.18695354 0.30000001,-1.59614134 6.18695354 -0.30000001,-1.59323919 6.17297268 0.30000001,-1.59323919 6.17297268 -0.30000001,-1.59100544 6.15887022 0.30000001,-1.59100544 6.15887022 -0.30000001,-1.58944535 6.14467716 0.30000001,-1.58944535 6.14467716 -0.30000001,-1.58856237 6.13042545 0.30000001,-1.58856237 6.13042545 -0.30000001,-1.58835852 6.11614847 -0.30000001,-1.58835852 6.11614847 0.30000001,-1.58883417 6.10187769 -0.30000001,-1.58883417 6.10187769 0.30000001,-1.78850806 6.11329556 -0.30000001,-1.78850806 6.11329556 0.30000001,-1.78834939 6.11805248 -0.30000001,-1.78834939 6.11805248 0.30000001,-1.78841746 6.12281132 -0.30000001,-1.78841746 6.12281132 0.30000001,-1.78871179 6.12756205 -0.30000001,-1.78871179 6.12756205 0.30000001,-1.78923178 6.13229275 -0.30000001,-1.78923178 6.13229275 0.30000001,-1.78997636 6.13699389 -0.30000001,-1.78997636 6.13699389 0.30000001,-1.79094374 6.14165401 -0.30000001,-1.79094374 6.14165401 0.30000001,-1.79213178 6.14626312 -0.30000001,-1.79213178 6.14626312 0.30000001,-1.79353774 6.15081024 -0.30000001,-1.79353774 6.15081024 0.30000001,-1.79515851 6.15528536 -0.30000001,-1.79515851 6.15528536 0.30000001,-1.79699039 6.15967798 -0.30000001,-1.79699039 6.15967798 0.30000001,-1.6222595 6.25894499 0.30000001,-1.8049686 6.17759752 0.30000001,-1.64044583 6.29979181 0.29664925,-1.63440883 6.28623295 0.29850924,-1.62834179 6.2726059 0.29962707,-1.65236914 6.32657194 0.29072317,-1.64643753 6.31324959 0.29405174,-1.66965675 6.36540079 0.27644286,-1.66399312 6.35268021 0.2819078,-1.65822577 6.33972645 0.28667185,-1.67520249 6.37785673 0.27029067,-1.68588555 6.40185118 0.25598726,-1.6806165 6.39001703 0.26346648,-1.71765935 6.47321653 0.18704695,-1.71374857 6.46443272 0.19850574,-1.70961034 6.45513773 0.20947105,-1.72476029 6.48916531 0.16276388,-1.72133303 6.48146772 0.1751231,-1.73084259 6.50282621 0.1368632,-1.72793281 6.49629068 0.15000001,-1.73971987 6.52276516 0.08125214,-1.7379266 6.51873732 0.09554599,-1.73584569 6.51406336 0.10960231,-1.74424255 6.53292322 0.00747921,-1.74393928 6.5322423 0.02241903,-1.74333358 6.5308814 0.03730311,-1.74242675 6.52884483 0.05209445,-1.6222595 6.25894499 -0.30000001,-1.74424255 6.53292322 -0.00747921,-1.74122119 6.52613735 0.06675628,-1.73348236 6.50875521 0.12338613,-1.70525491 6.44535542 0.21991557,-1.70069313 6.43510962 0.22981334,-1.69593632 6.4244256 0.23913975,-1.69099641 6.41333055 0.24787164,-1.74333358 6.5308814 -0.03730311,-1.74393928 6.5322423 -0.02241903,-1.74122119 6.52613735 -0.06675628,-1.74242675 6.52884483 -0.05209445,-1.65236914 6.32657194 -0.29072317,-1.62834179 6.2726059 -0.29962707,-1.63440883 6.28623295 -0.29850924,-1.64044583 6.29979181 -0.29664925,-1.64643753 6.31324959 -0.29405174,-1.7379266 6.51873732 -0.09554599,-1.73971987 6.52276516 -0.08125214,-1.66399312 6.35268021 -0.2819078,-1.65822577 6.33972645 -0.28667185,-1.73584569 6.51406336 -0.10960231,-1.67520249 6.37785673 -0.27029067,-1.66965675 6.36540079 -0.27644286,-1.73084259 6.50282621 -0.1368632,-1.73348236 6.50875521 -0.12338613,-1.72793281 6.49629068 -0.15000001,-1.69099641 6.41333055 -0.24787164,-1.6806165 6.39001703 -0.26346648,-1.68588555 6.40185118 -0.25598726,-1.72133303 6.48146772 -0.1751231,-1.72476029 6.48916531 -0.16276388,-1.70069313 6.43510962 -0.22981334,-1.69593632 6.4244256 -0.23913975,-1.71374857 6.46443272 -0.19850574,-1.71765935 6.47321653 -0.18704695,-1.70961034 6.45513773 -0.20947105,-1.70525491 6.44535542 -0.21991557,-1.8049686 6.17759752 -0.30000001,-1.81711793 6.20488548 0.29850924,-1.82315493 6.21844435 0.29664925,-1.81105089 6.19125843 0.29962707,-1.83507824 6.24522495 0.29072317,-1.84670222 6.27133274 0.2819078,-1.82914662 6.23190212 0.29405174,-1.84093487 6.25837898 0.28667185,-1.85236585 6.28405333 0.27644286,-1.85791159 6.29650927 0.27029067,-1.8633256 6.30866957 0.26346648,-1.86859465 6.32050371 0.25598726,-1.87370551 6.33198309 0.24787164,-1.87864542 6.34307814 0.23913975,-1.91064191 6.4149437 0.15000001,-1.91355169 6.42147923 0.1368632,-1.90746939 6.40781784 0.16276388,-1.89645767 6.38308525 0.19850574,-1.91855478 6.43271637 0.10960231,-1.89231944 6.37379074 0.20947105,-1.90036845 6.39186907 0.18704695,-1.90404212 6.40012026 0.1751231,-1.91619146 6.42740822 0.12338613,-1.92393029 6.44478989 0.06675628,-1.92664838 6.45089483 0.02241903,-1.92242897 6.44141769 0.08125214,-1.92513585 6.44749737 0.05209445,-1.92604268 6.44953442 0.03730311,-1.88796401 6.36400795 0.21991557,-1.92664838 6.45089483 -0.02241903,-1.88340223 6.35376215 0.22981334,-1.92063558 6.43738985 0.09554599,-1.92695165 6.45157576 0.00747921,-1.92695165 6.45157576 -0.00747921,-1.81105089 6.19125843 -0.29962707,-1.82315493 6.21844435 -0.29664925,-1.81711793 6.20488548 -0.29850924,-1.92604268 6.44953442 -0.03730311,-1.92513585 6.44749737 -0.05209445,-1.83507824 6.24522495 -0.29072317,-1.82914662 6.23190212 -0.29405174,-1.92393029 6.44478989 -0.06675628,-1.92242897 6.44141769 -0.08125214,-1.84093487 6.25837898 -0.28667185,-1.85236585 6.28405333 -0.27644286,-1.84670222 6.27133274 -0.2819078,-1.91355169 6.42147923 -0.1368632,-1.92063558 6.43738985 -0.09554599,-1.91855478 6.43271637 -0.10960231,-1.91619146 6.42740822 -0.12338613,-1.8633256 6.30866957 -0.26346648,-1.85791159 6.29650927 -0.27029067,-1.86859465 6.32050371 -0.25598726,-1.90404212 6.40012026 -0.1751231,-1.90036845 6.39186907 -0.18704695,-1.90746939 6.40781784 -0.16276388,-1.87370551 6.33198309 -0.24787164,-1.88340223 6.35376215 -0.22981334,-1.87864542 6.34307814 -0.23913975,-1.88796401 6.36400795 -0.21991557,-1.89231944 6.37379074 -0.20947105,-1.91064191 6.4149437 -0.15000001,-1.89645767 6.38308525 -0.19850574,-0.75110728 6.1085515 -0.30000001,-0.75110728 6.1085515 0.30000001,-0.54164344 4.11563635 -0.30000001,-0.54164344 4.11563635 0.30000001,-0.95001167 6.08764601 -0.30000001,-0.74054784 4.09473038 -0.30000001,-0.74054784 4.09473038 0.30000001,-0.95001167 6.08764601 0.30000001,-0.54018277 4.09474754 -0.30000001,-0.54018277 4.09474754 0.30000001,-0.54073077 4.10520458 -0.30000001,-0.54073077 4.10520458 0.30000001,-0.74024361 4.09125328 -0.30000001,-0.74024361 4.09125328 0.30000001,-0.74006093 4.0877676 -0.30000001,-0.74006093 4.0877676 0.30000001,-0.92571872 6.24102545 0.30000001,-0.92571872 6.24102545 -0.30000001,-0.93121427 6.22784662 -0.30000001,-0.93121427 6.22784662 0.30000001,-0.93607658 6.21442127 -0.30000001,-0.93607658 6.21442127 0.30000001,-0.94029456 6.20077991 -0.30000001,-0.94029456 6.20077991 0.30000001,-0.94385868 6.18695354 -0.30000001,-0.94385868 6.18695354 0.30000001,-0.94676083 6.17297268 -0.30000001,-0.94676083 6.17297268 0.30000001,-0.94899452 6.15887022 -0.30000001,-0.94899452 6.15887022 0.30000001,-0.95055461 6.14467716 -0.30000001,-0.95055461 6.14467716 0.30000001,-0.95143759 6.13042545 -0.30000001,-0.95143759 6.13042545 0.30000001,-0.9516415 6.11614847 0.30000001,-0.9516415 6.11614847 -0.30000001,-0.9511658 6.10187769 0.30000001,-0.9511658 6.10187769 -0.30000001,-0.75149202 6.11329556 0.30000001,-0.75149202 6.11329556 -0.30000001,-0.75165057 6.11805248 0.30000001,-0.75165057 6.11805248 -0.30000001,-0.75158262 6.12281132 0.30000001,-0.75158262 6.12281132 -0.30000001,-0.75128824 6.12756205 0.30000001,-0.75128824 6.12756205 -0.30000001,-0.75076824 6.13229275 0.30000001,-0.75076824 6.13229275 -0.30000001,-0.75002366 6.13699389 0.30000001,-0.75002366 6.13699389 -0.30000001,-0.74905628 6.14165401 0.30000001,-0.74905628 6.14165401 -0.30000001,-0.74786824 6.14626312 0.30000001,-0.74786824 6.14626312 -0.30000001,-0.74646223 6.15081024 0.30000001,-0.74646223 6.15081024 -0.30000001,-0.74484152 6.15528536 0.30000001,-0.74484152 6.15528536 -0.30000001,-0.74300963 6.15967798 0.30000001,-0.74300963 6.15967798 -0.30000001,-0.91774046 6.25894499 -0.30000001,-0.73503137 6.17759752 -0.30000001,-0.85411447 6.40185118 -0.25598726,-0.85938346 6.39001703 -0.26346648,-0.86479759 6.37785673 -0.27029067,-0.83930689 6.43510962 -0.22981334,-0.8440637 6.4244256 -0.23913975,-0.84900361 6.41333055 -0.24787164,-0.81523967 6.48916531 -0.16276388,-0.81866699 6.48146772 -0.1751231,-0.82234061 6.47321653 -0.18704695,-0.80415434 6.51406336 -0.10960231,-0.80651766 6.50875521 -0.12338613,-0.80915743 6.50282621 -0.1368632,-0.81206721 6.49629068 -0.15000001,-0.80028009 6.52276516 -0.08125214,-0.80207348 6.51873732 -0.09554599,-0.7966665 6.5308814 -0.03730311,-0.79757327 6.52884483 -0.05209445,-0.79877883 6.52613735 -0.06675628,-0.79575741 6.53292322 -0.00747921,-0.79606068 6.5322423 -0.02241903,-0.91774046 6.25894499 0.30000001,-0.79575741 6.53292322 0.00747921,-0.82625145 6.46443272 -0.19850574,-0.83038968 6.45513773 -0.20947105,-0.83474511 6.44535542 -0.21991557,-0.7966665 6.5308814 0.03730311,-0.79606068 6.5322423 0.02241903,-0.88763088 6.32657194 0.29072317,-0.89955419 6.29979181 0.29664925,-0.8935625 6.31324959 0.29405174,-0.87600684 6.35268021 0.2819078,-0.90559113 6.28623295 0.29850924,-0.88177419 6.33972645 0.28667185,-0.80415434 6.51406336 0.10960231,-0.80207348 6.51873732 0.09554599,-0.80028009 6.52276516 0.08125214,-0.86479759 6.37785673 0.27029067,-0.87034327 6.36540079 0.27644286,-0.85938346 6.39001703 0.26346648,-0.81206721 6.49629068 0.15000001,-0.80915743 6.50282621 0.1368632,-0.80651766 6.50875521 0.12338613,-0.79877883 6.52613735 0.06675628,-0.79757327 6.52884483 0.05209445,-0.85411447 6.40185118 0.25598726,-0.82234061 6.47321653 0.18704695,-0.81866699 6.48146772 0.1751231,-0.81523967 6.48916531 0.16276388,-0.83930689 6.43510962 0.22981334,-0.84900361 6.41333055 0.24787164,-0.8440637 6.4244256 0.23913975,-0.83038968 6.45513773 0.20947105,-0.91165823 6.2726059 0.29962707,-0.83474511 6.44535542 0.21991557,-0.82625145 6.46443272 0.19850574,-0.87034327 6.36540079 -0.27644286,-0.87600684 6.35268021 -0.2819078,-0.88177419 6.33972645 -0.28667185,-0.88763088 6.32657194 -0.29072317,-0.8935625 6.31324959 -0.29405174,-0.89955419 6.29979181 -0.29664925,-0.90559113 6.28623295 -0.29850924,-0.91165823 6.2726059 -0.29962707,-0.73503137 6.17759752 0.30000001,-0.69906509 6.25837898 -0.28667185,-0.69329774 6.27133274 -0.2819078,-0.70492184 6.24522495 -0.29072317,-0.68763417 6.28405333 -0.27644286,-0.68208849 6.29650927 -0.27029067,-0.67667437 6.30866957 -0.26346648,-0.67140538 6.32050371 -0.25598726,-0.63963157 6.39186907 -0.18704695,-0.63253057 6.40781784 -0.16276388,-0.64354235 6.38308525 -0.19850574,-0.6359579 6.40012026 -0.1751231,-0.62144524 6.43271637 -0.10960231,-0.64768064 6.37379074 -0.20947105,-0.62935811 6.4149437 -0.15000001,-0.62644833 6.42147923 -0.1368632,-0.62380856 6.42740822 -0.12338613,-0.61936438 6.43738985 -0.09554599,-0.61335158 6.45089483 -0.02241903,-0.61757106 6.44141769 -0.08125214,-0.61606973 6.44478989 -0.06675628,-0.61486417 6.44749737 -0.05209445,-0.61395741 6.44953442 -0.03730311,-0.66629452 6.33198309 -0.24787164,-0.61335158 6.45089483 0.02241903,-0.6613546 6.34307814 -0.23913975,-0.65659779 6.35376215 -0.22981334,-0.65203607 6.36400795 -0.21991557,-0.61304832 6.45157576 -0.00747921,-0.61304832 6.45157576 0.00747921,-0.72288203 6.20488548 0.29850924,-0.7108534 6.23190212 0.29405174,-0.7168451 6.21844435 0.29664925,-0.72894913 6.19125843 0.29962707,-0.61486417 6.44749737 0.05209445,-0.61757106 6.44141769 0.08125214,-0.61395741 6.44953442 0.03730311,-0.61606973 6.44478989 0.06675628,-0.69906509 6.25837898 0.28667185,-0.70492184 6.24522495 0.29072317,-0.61936438 6.43738985 0.09554599,-0.69329774 6.27133274 0.2819078,-0.68208849 6.29650927 0.27029067,-0.68763417 6.28405333 0.27644286,-0.62380856 6.42740822 0.12338613,-0.62644833 6.42147923 0.1368632,-0.62144524 6.43271637 0.10960231,-0.67140538 6.32050371 0.25598726,-0.6613546 6.34307814 0.23913975,-0.66629452 6.33198309 0.24787164,-0.67667437 6.30866957 0.26346648,-0.65659779 6.35376215 0.22981334,-0.72894913 6.19125843 -0.29962707,-0.64768064 6.37379074 0.20947105,-0.72288203 6.20488548 -0.29850924,-0.7168451 6.21844435 -0.29664925,-0.7108534 6.23190212 -0.29405174,-0.62935811 6.4149437 0.15000001,-0.63253057 6.40781784 0.16276388,-0.6359579 6.40012026 0.1751231,-0.63963157 6.39186907 0.18704695,-0.64354235 6.38308525 0.19850574,-0.65203607 6.36400795 0.21991557              ]
            }
            coordIndex [
0,1,2,-1,0,3,1,-1,2,4,5,-1,1,4,2,-1,6,7,4,-1,4,7,5,-1,8,9,10,-1,11,9,8,-1,12,10,13,-1,12,8,10,-1,14,15,12,-1,14,12,13,-1,9,11,3,-1,9,3,0,-1,15,14,7,-1,15,7,6,-1,12,15,4,-1,4,15,6,-1,3,8,1,-1,11,8,3,-1,14,5,7,-1,14,13,5,-1,13,2,5,-1,13,10,2,-1,16,17,18,-1,18,17,19,-1,20,21,17,-1,17,21,19,-1,22,23,24,-1,22,24,25,-1,26,27,22,-1,26,22,25,-1,24,23,16,-1,24,16,18,-1,27,26,21,-1,27,21,20,-1,22,27,17,-1,17,27,20,-1,25,18,19,-1,25,24,18,-1,28,29,30,-1,30,29,31,-1,32,33,34,-1,35,32,34,-1,30,32,28,-1,33,32,30,-1,35,34,31,-1,35,31,29,-1,4,1,36,-1,37,36,38,-1,37,4,36,-1,39,38,30,-1,39,37,38,-1,31,39,30,-1,34,40,41,-1,33,40,34,-1,41,42,43,-1,40,42,41,-1,43,8,12,-1,42,8,43,-1,36,8,42,-1,36,1,8,-1,38,42,40,-1,38,36,42,-1,30,40,33,-1,30,38,40,-1,31,34,41,-1,39,31,41,-1,37,41,43,-1,37,39,41,-1,4,43,12,-1,4,37,43,-1,44,45,46,-1,47,46,48,-1,47,44,46,-1,49,48,50,-1,49,47,48,-1,51,50,52,-1,51,49,50,-1,53,52,54,-1,53,51,52,-1,55,54,56,-1,55,53,54,-1,57,56,58,-1,57,55,56,-1,59,58,60,-1,59,57,58,-1,61,59,60,-1,62,60,63,-1,62,61,60,-1,64,63,65,-1,64,62,63,-1,35,65,32,-1,35,64,65,-1,29,28,66,-1,66,67,68,-1,28,67,66,-1,68,69,70,-1,67,69,68,-1,70,71,72,-1,69,71,70,-1,72,73,74,-1,71,73,72,-1,74,75,76,-1,73,75,74,-1,76,77,78,-1,75,77,76,-1,78,79,80,-1,77,79,78,-1,80,81,82,-1,79,81,80,-1,82,83,84,-1,81,83,82,-1,84,85,86,-1,83,85,84,-1,85,87,86,-1,45,88,89,-1,45,89,87,-1,90,91,88,-1,92,90,88,-1,93,94,95,-1,93,95,92,-1,93,92,88,-1,96,97,98,-1,99,100,96,-1,99,98,101,-1,99,101,102,-1,99,102,93,-1,99,93,88,-1,99,96,98,-1,103,104,105,-1,103,105,99,-1,106,107,103,-1,108,99,88,-1,108,106,103,-1,108,103,99,-1,109,110,111,-1,109,111,108,-1,112,113,109,-1,114,109,108,-1,114,112,109,-1,114,115,116,-1,114,116,117,-1,114,117,118,-1,114,118,112,-1,119,88,45,-1,119,45,44,-1,120,119,121,-1,122,123,124,-1,122,124,125,-1,122,125,126,-1,122,126,114,-1,127,119,120,-1,128,127,129,-1,128,129,130,-1,128,130,131,-1,128,119,127,-1,132,133,134,-1,132,134,135,-1,132,135,136,-1,132,136,122,-1,137,128,138,-1,139,140,141,-1,139,141,132,-1,142,143,144,-1,145,137,143,-1,145,119,128,-1,145,128,137,-1,145,143,142,-1,146,147,148,-1,146,148,139,-1,149,108,88,-1,149,145,150,-1,149,150,151,-1,149,152,146,-1,149,114,108,-1,149,132,122,-1,149,88,119,-1,149,119,145,-1,149,139,132,-1,149,122,114,-1,149,146,139,-1,119,44,86,-1,119,86,153,-1,154,155,156,-1,157,158,159,-1,160,158,157,-1,161,162,158,-1,163,164,162,-1,165,166,164,-1,167,168,169,-1,170,171,172,-1,173,171,170,-1,174,171,173,-1,169,171,174,-1,175,171,168,-1,168,171,169,-1,176,177,178,-1,179,177,176,-1,180,177,179,-1,89,153,87,-1,87,153,86,-1,181,182,183,-1,172,182,181,-1,171,182,172,-1,184,182,171,-1,178,182,184,-1,177,182,178,-1,185,182,177,-1,186,182,185,-1,187,188,189,-1,190,191,182,-1,188,192,193,-1,153,192,187,-1,187,192,188,-1,194,195,191,-1,191,195,182,-1,196,197,198,-1,195,199,182,-1,200,199,195,-1,201,199,200,-1,202,199,201,-1,197,203,204,-1,196,205,197,-1,192,205,196,-1,197,205,203,-1,206,207,208,-1,209,210,211,-1,205,212,209,-1,209,212,210,-1,156,213,89,-1,159,213,155,-1,183,213,166,-1,199,213,182,-1,182,213,183,-1,153,213,192,-1,89,213,153,-1,214,213,199,-1,208,213,214,-1,215,213,207,-1,192,213,205,-1,155,213,156,-1,158,213,159,-1,207,213,208,-1,205,213,212,-1,162,213,158,-1,164,213,162,-1,166,213,164,-1,86,44,47,-1,84,47,49,-1,84,86,47,-1,82,49,51,-1,82,84,49,-1,80,51,53,-1,80,82,51,-1,78,53,55,-1,78,80,53,-1,76,55,57,-1,76,78,55,-1,74,57,59,-1,74,76,57,-1,72,59,61,-1,72,74,59,-1,70,61,62,-1,70,72,61,-1,68,62,64,-1,68,70,62,-1,66,64,35,-1,66,68,64,-1,29,66,35,-1,28,32,65,-1,67,65,63,-1,67,28,65,-1,69,63,60,-1,69,67,63,-1,71,60,58,-1,71,69,60,-1,73,58,56,-1,73,71,58,-1,75,56,54,-1,75,73,56,-1,77,54,52,-1,77,75,54,-1,79,52,50,-1,79,77,52,-1,81,50,48,-1,81,79,50,-1,83,48,46,-1,83,81,48,-1,85,46,45,-1,85,83,46,-1,87,85,45,-1,216,217,218,-1,218,217,219,-1,220,221,222,-1,223,220,222,-1,218,220,216,-1,221,220,218,-1,223,222,219,-1,223,219,217,-1,17,16,224,-1,225,224,226,-1,225,17,224,-1,227,226,218,-1,227,225,226,-1,219,227,218,-1,222,228,229,-1,221,228,222,-1,229,230,231,-1,228,230,229,-1,231,23,22,-1,230,23,231,-1,224,23,230,-1,224,16,23,-1,226,230,228,-1,226,224,230,-1,218,228,221,-1,218,226,228,-1,219,222,229,-1,227,219,229,-1,225,229,231,-1,225,227,229,-1,17,231,22,-1,17,225,231,-1,232,233,234,-1,235,234,236,-1,235,232,234,-1,237,236,238,-1,237,235,236,-1,239,238,240,-1,239,237,238,-1,241,240,242,-1,241,239,240,-1,243,242,244,-1,243,241,242,-1,245,244,246,-1,245,243,244,-1,247,246,248,-1,247,245,246,-1,249,247,248,-1,250,248,251,-1,250,249,248,-1,252,251,253,-1,252,250,251,-1,223,253,220,-1,223,252,253,-1,217,216,254,-1,254,255,256,-1,216,255,254,-1,256,257,258,-1,255,257,256,-1,258,259,260,-1,257,259,258,-1,260,261,262,-1,259,261,260,-1,262,263,264,-1,261,263,262,-1,264,265,266,-1,263,265,264,-1,266,267,268,-1,265,267,266,-1,268,269,270,-1,267,269,268,-1,270,271,272,-1,269,271,270,-1,272,273,274,-1,271,273,272,-1,273,275,274,-1,233,276,277,-1,233,277,275,-1,278,279,276,-1,280,278,276,-1,281,282,283,-1,281,283,280,-1,281,280,276,-1,284,285,286,-1,287,288,284,-1,287,286,289,-1,287,289,290,-1,287,290,281,-1,287,281,276,-1,287,284,286,-1,291,292,293,-1,291,293,287,-1,294,295,296,-1,294,296,291,-1,294,287,276,-1,294,291,287,-1,297,298,299,-1,297,299,294,-1,300,301,297,-1,302,303,304,-1,305,276,233,-1,305,233,232,-1,306,305,307,-1,308,309,310,-1,308,310,311,-1,308,311,312,-1,308,312,302,-1,313,314,315,-1,316,317,318,-1,316,318,308,-1,319,306,314,-1,319,305,306,-1,319,314,313,-1,320,305,319,-1,321,316,308,-1,321,322,316,-1,323,320,324,-1,325,326,327,-1,325,327,321,-1,325,321,308,-1,328,323,329,-1,330,331,325,-1,332,328,333,-1,332,305,320,-1,332,320,323,-1,332,323,328,-1,334,330,325,-1,335,332,336,-1,337,294,276,-1,337,297,294,-1,337,300,297,-1,337,338,334,-1,337,302,304,-1,337,276,305,-1,337,308,302,-1,337,304,339,-1,337,339,340,-1,337,340,300,-1,337,334,325,-1,337,325,308,-1,337,305,332,-1,337,332,335,-1,305,232,274,-1,305,274,341,-1,342,343,344,-1,345,346,343,-1,347,348,346,-1,349,350,351,-1,352,350,349,-1,353,354,350,-1,355,356,357,-1,358,356,355,-1,359,356,358,-1,360,356,359,-1,361,356,360,-1,277,341,275,-1,275,341,274,-1,350,362,351,-1,363,362,348,-1,364,362,363,-1,365,362,364,-1,366,362,365,-1,367,362,366,-1,351,362,367,-1,368,362,354,-1,357,362,368,-1,369,362,356,-1,370,362,369,-1,356,362,357,-1,354,362,350,-1,371,372,362,-1,373,372,371,-1,374,372,373,-1,375,376,372,-1,377,378,379,-1,380,381,376,-1,382,383,384,-1,378,383,382,-1,385,383,377,-1,377,383,378,-1,381,386,376,-1,387,386,381,-1,383,388,389,-1,390,391,277,-1,362,391,348,-1,392,391,390,-1,393,391,392,-1,376,391,372,-1,394,391,393,-1,344,391,394,-1,277,391,341,-1,395,391,386,-1,396,391,395,-1,397,391,396,-1,398,391,399,-1,388,391,398,-1,372,391,362,-1,400,391,385,-1,385,391,383,-1,401,391,400,-1,402,391,401,-1,403,391,402,-1,341,391,403,-1,343,391,344,-1,386,391,376,-1,348,391,346,-1,383,391,388,-1,346,391,343,-1,274,232,235,-1,272,235,237,-1,272,274,235,-1,270,237,239,-1,270,272,237,-1,268,239,241,-1,268,270,239,-1,266,241,243,-1,266,268,241,-1,264,243,245,-1,264,266,243,-1,262,245,247,-1,262,264,245,-1,260,247,249,-1,260,262,247,-1,258,249,250,-1,258,260,249,-1,256,250,252,-1,256,258,250,-1,254,252,223,-1,254,256,252,-1,217,254,223,-1,216,220,253,-1,255,253,251,-1,255,216,253,-1,257,251,248,-1,257,255,251,-1,259,248,246,-1,259,257,248,-1,261,246,244,-1,261,259,246,-1,263,244,242,-1,263,261,244,-1,265,242,240,-1,265,263,242,-1,267,240,238,-1,267,265,240,-1,269,238,236,-1,269,267,238,-1,271,236,234,-1,271,269,236,-1,273,234,233,-1,273,271,234,-1,275,273,233,-1,404,405,406,-1,406,405,407,-1,408,409,410,-1,410,409,406,-1,409,411,406,-1,411,412,406,-1,407,413,406,-1,406,413,410,-1,414,415,407,-1,407,416,413,-1,415,416,407,-1,409,417,411,-1,418,419,417,-1,418,420,419,-1,418,421,420,-1,418,422,421,-1,416,423,413,-1,418,424,422,-1,418,425,424,-1,418,426,425,-1,418,427,426,-1,418,428,427,-1,418,429,428,-1,418,430,429,-1,418,431,430,-1,418,432,431,-1,418,433,432,-1,418,434,433,-1,418,435,434,-1,418,436,435,-1,437,438,418,-1,439,438,440,-1,441,438,439,-1,442,438,441,-1,443,438,442,-1,444,438,443,-1,445,438,444,-1,446,438,445,-1,447,438,446,-1,448,438,447,-1,449,438,448,-1,450,438,449,-1,451,438,450,-1,452,438,451,-1,453,438,452,-1,436,438,453,-1,418,438,436,-1,415,454,416,-1,455,456,454,-1,457,456,455,-1,458,456,457,-1,459,456,458,-1,460,456,459,-1,461,456,460,-1,462,456,461,-1,463,456,462,-1,464,456,463,-1,465,456,464,-1,466,456,465,-1,467,456,466,-1,468,456,467,-1,469,456,468,-1,470,456,469,-1,471,456,470,-1,472,456,471,-1,456,473,474,-1,472,473,456,-1,440,473,475,-1,476,473,472,-1,477,473,476,-1,478,473,477,-1,479,473,478,-1,480,473,479,-1,481,473,480,-1,482,473,481,-1,483,473,482,-1,438,473,440,-1,484,473,483,-1,485,473,484,-1,486,473,485,-1,487,473,486,-1,488,473,487,-1,489,473,488,-1,475,473,489,-1,456,416,454,-1,409,418,417,-1,490,491,492,-1,490,492,404,-1,493,490,404,-1,494,493,404,-1,495,405,404,-1,495,404,492,-1,496,497,405,-1,498,405,495,-1,498,496,405,-1,499,490,493,-1,500,501,499,-1,502,501,500,-1,503,501,502,-1,504,501,503,-1,505,498,495,-1,506,501,504,-1,507,501,506,-1,508,501,507,-1,509,501,508,-1,510,501,509,-1,511,501,510,-1,512,501,511,-1,513,501,512,-1,514,501,513,-1,515,501,514,-1,516,501,515,-1,517,501,516,-1,518,501,517,-1,519,520,501,-1,519,521,522,-1,519,523,521,-1,519,524,523,-1,519,525,524,-1,519,526,525,-1,519,527,526,-1,519,528,527,-1,519,529,528,-1,519,530,529,-1,519,531,530,-1,519,532,531,-1,519,533,532,-1,519,534,533,-1,519,535,534,-1,519,518,535,-1,519,501,518,-1,536,496,498,-1,537,538,536,-1,537,539,538,-1,537,540,539,-1,537,541,540,-1,537,542,541,-1,537,543,542,-1,537,544,543,-1,537,545,544,-1,537,546,545,-1,537,547,546,-1,537,548,547,-1,537,549,548,-1,537,550,549,-1,537,551,550,-1,537,552,551,-1,537,553,552,-1,537,554,553,-1,555,554,537,-1,555,522,556,-1,555,557,554,-1,555,558,557,-1,555,559,558,-1,555,560,559,-1,555,561,560,-1,555,562,561,-1,555,563,562,-1,555,519,522,-1,555,564,563,-1,555,565,564,-1,555,566,565,-1,555,567,566,-1,555,568,567,-1,555,569,568,-1,555,570,569,-1,555,556,570,-1,571,555,537,-1,498,537,536,-1,501,490,499,-1,493,494,411,-1,411,494,412,-1,572,405,573,-1,572,407,405,-1,574,575,25,-1,574,25,19,-1,576,572,573,-1,576,573,577,-1,578,579,575,-1,578,575,574,-1,580,577,581,-1,580,576,577,-1,582,583,579,-1,582,579,578,-1,584,580,581,-1,584,581,585,-1,586,587,583,-1,586,583,582,-1,588,585,589,-1,588,584,585,-1,590,591,587,-1,590,587,586,-1,592,588,589,-1,592,589,593,-1,594,595,591,-1,594,591,590,-1,596,593,597,-1,596,592,593,-1,598,599,595,-1,598,595,594,-1,600,596,597,-1,600,597,601,-1,602,603,599,-1,602,599,598,-1,604,601,605,-1,604,600,601,-1,606,607,603,-1,606,603,602,-1,608,605,609,-1,608,604,605,-1,610,611,607,-1,610,607,606,-1,612,613,611,-1,612,611,610,-1,614,609,615,-1,614,608,609,-1,616,617,613,-1,616,613,612,-1,618,615,619,-1,618,614,615,-1,620,621,617,-1,620,617,616,-1,622,618,619,-1,622,619,623,-1,624,625,621,-1,624,621,620,-1,626,623,627,-1,626,622,623,-1,628,629,625,-1,628,625,624,-1,630,627,631,-1,630,626,627,-1,632,633,629,-1,632,631,633,-1,632,629,628,-1,632,630,631,-1,491,490,409,-1,491,409,408,-1,490,418,409,-1,490,501,418,-1,501,437,418,-1,501,520,437,-1,520,438,437,-1,520,519,438,-1,519,473,438,-1,519,555,473,-1,555,474,473,-1,555,571,474,-1,571,456,474,-1,571,537,456,-1,537,416,456,-1,537,498,416,-1,498,505,423,-1,498,423,416,-1,413,423,634,-1,635,634,636,-1,635,413,634,-1,637,636,638,-1,637,635,636,-1,639,638,640,-1,639,637,638,-1,641,640,642,-1,641,639,640,-1,643,642,644,-1,643,641,642,-1,645,644,646,-1,645,643,644,-1,647,646,648,-1,647,645,646,-1,649,648,650,-1,649,647,648,-1,651,649,650,-1,652,651,650,-1,652,653,654,-1,652,650,653,-1,655,652,654,-1,656,655,654,-1,656,657,658,-1,656,654,657,-1,659,656,658,-1,659,658,660,-1,661,659,660,-1,661,660,662,-1,663,661,662,-1,664,663,662,-1,664,662,665,-1,666,664,665,-1,666,667,668,-1,666,665,667,-1,669,666,668,-1,670,668,671,-1,670,669,668,-1,672,671,673,-1,672,670,671,-1,674,675,676,-1,674,673,675,-1,674,672,673,-1,677,676,678,-1,677,674,676,-1,679,677,678,-1,680,681,682,-1,680,678,681,-1,680,679,678,-1,683,680,682,-1,684,685,686,-1,684,682,685,-1,684,683,682,-1,687,684,686,-1,688,689,690,-1,688,686,689,-1,688,687,686,-1,691,688,690,-1,692,690,693,-1,692,691,690,-1,694,695,0,-1,694,693,695,-1,694,692,693,-1,2,694,0,-1,495,492,410,-1,495,410,413,-1,414,407,572,-1,696,572,576,-1,696,414,572,-1,697,576,580,-1,697,696,576,-1,698,580,584,-1,698,697,580,-1,699,584,588,-1,699,698,584,-1,700,588,592,-1,700,699,588,-1,701,592,596,-1,701,700,592,-1,702,596,600,-1,702,701,596,-1,703,702,600,-1,704,703,600,-1,704,604,608,-1,704,600,604,-1,705,704,608,-1,706,705,608,-1,706,614,618,-1,706,608,614,-1,707,706,618,-1,708,707,618,-1,708,622,626,-1,708,618,622,-1,709,708,626,-1,710,709,626,-1,710,626,630,-1,711,710,630,-1,711,632,628,-1,711,630,632,-1,712,711,628,-1,713,712,628,-1,713,624,620,-1,713,628,624,-1,714,713,620,-1,715,620,616,-1,715,714,620,-1,716,616,612,-1,716,715,616,-1,717,610,606,-1,717,612,610,-1,717,716,612,-1,718,606,602,-1,718,717,606,-1,719,718,602,-1,720,598,594,-1,720,602,598,-1,720,719,602,-1,721,720,594,-1,722,594,590,-1,722,721,594,-1,723,586,582,-1,723,590,586,-1,723,722,590,-1,724,582,578,-1,724,723,582,-1,725,724,578,-1,726,578,574,-1,726,725,578,-1,21,574,19,-1,21,726,574,-1,414,496,415,-1,497,496,414,-1,496,536,415,-1,415,536,454,-1,536,538,454,-1,454,538,455,-1,455,539,457,-1,538,539,455,-1,457,540,458,-1,539,540,457,-1,458,541,459,-1,540,541,458,-1,459,542,460,-1,541,542,459,-1,460,543,461,-1,542,543,460,-1,461,544,462,-1,543,544,461,-1,462,545,463,-1,544,545,462,-1,545,546,463,-1,463,546,464,-1,464,547,465,-1,546,547,464,-1,465,548,466,-1,547,548,465,-1,466,549,467,-1,548,549,466,-1,467,550,468,-1,549,550,467,-1,468,551,469,-1,550,551,468,-1,469,552,470,-1,551,552,469,-1,470,553,471,-1,552,553,470,-1,471,554,472,-1,472,554,476,-1,553,554,471,-1,554,557,476,-1,476,558,477,-1,557,558,476,-1,477,559,478,-1,558,559,477,-1,478,560,479,-1,559,560,478,-1,479,561,480,-1,560,561,479,-1,480,562,481,-1,561,562,480,-1,481,563,482,-1,562,563,481,-1,482,564,483,-1,483,564,484,-1,563,564,482,-1,564,565,484,-1,484,566,485,-1,565,566,484,-1,485,567,486,-1,566,567,485,-1,486,568,487,-1,567,568,486,-1,487,569,488,-1,568,569,487,-1,488,570,489,-1,489,570,475,-1,569,570,488,-1,570,556,475,-1,556,522,475,-1,475,522,440,-1,522,521,440,-1,440,521,439,-1,439,523,441,-1,521,523,439,-1,441,524,442,-1,523,524,441,-1,442,525,443,-1,524,525,442,-1,443,526,444,-1,525,526,443,-1,444,527,445,-1,526,527,444,-1,445,528,446,-1,527,528,445,-1,446,529,447,-1,528,529,446,-1,529,530,447,-1,447,530,448,-1,448,531,449,-1,530,531,448,-1,449,532,450,-1,531,532,449,-1,450,533,451,-1,532,533,450,-1,451,534,452,-1,533,534,451,-1,452,535,453,-1,534,535,452,-1,453,518,436,-1,535,518,453,-1,436,517,435,-1,518,517,436,-1,435,516,434,-1,434,516,433,-1,517,516,435,-1,516,515,433,-1,433,514,432,-1,515,514,433,-1,432,513,431,-1,514,513,432,-1,431,512,430,-1,513,512,431,-1,430,511,429,-1,512,511,430,-1,429,510,428,-1,511,510,429,-1,428,509,427,-1,510,509,428,-1,427,508,426,-1,426,508,425,-1,509,508,427,-1,508,507,425,-1,425,506,424,-1,507,506,425,-1,424,504,422,-1,506,504,424,-1,422,503,421,-1,504,503,422,-1,421,502,420,-1,503,502,421,-1,420,500,419,-1,419,500,417,-1,502,500,420,-1,500,499,417,-1,499,493,417,-1,417,493,411,-1,10,9,727,-1,727,728,729,-1,9,728,727,-1,729,730,731,-1,728,730,729,-1,731,732,733,-1,730,732,731,-1,733,734,735,-1,732,734,733,-1,735,736,737,-1,734,736,735,-1,737,738,739,-1,736,738,737,-1,739,740,741,-1,738,740,739,-1,741,742,743,-1,740,742,741,-1,742,744,743,-1,743,744,745,-1,744,746,745,-1,746,747,745,-1,745,747,748,-1,748,749,750,-1,747,749,748,-1,750,751,752,-1,749,751,750,-1,753,754,755,-1,752,754,753,-1,751,754,752,-1,754,756,755,-1,757,758,759,-1,755,758,757,-1,756,758,755,-1,759,760,761,-1,758,760,759,-1,760,762,761,-1,761,763,764,-1,762,763,761,-1,765,766,767,-1,764,766,765,-1,763,766,764,-1,766,768,767,-1,769,770,771,-1,767,770,769,-1,768,770,767,-1,770,772,771,-1,772,773,771,-1,771,773,774,-1,774,775,776,-1,773,775,774,-1,776,777,778,-1,775,777,776,-1,778,779,780,-1,777,779,778,-1,780,781,782,-1,779,781,780,-1,782,783,784,-1,781,783,782,-1,785,786,787,-1,784,786,785,-1,783,786,784,-1,786,788,787,-1,787,505,495,-1,788,505,787,-1,26,25,789,-1,789,575,790,-1,25,575,789,-1,790,579,791,-1,575,579,790,-1,791,583,792,-1,579,583,791,-1,792,587,793,-1,583,587,792,-1,793,591,794,-1,587,591,793,-1,794,595,795,-1,591,595,794,-1,795,599,796,-1,595,599,795,-1,796,603,797,-1,599,603,796,-1,603,607,797,-1,797,607,798,-1,607,611,798,-1,611,613,798,-1,798,613,799,-1,799,617,800,-1,613,617,799,-1,800,621,801,-1,617,621,800,-1,802,625,803,-1,801,625,802,-1,621,625,801,-1,625,629,803,-1,804,633,805,-1,803,633,804,-1,629,633,803,-1,805,631,806,-1,633,631,805,-1,631,627,806,-1,806,623,807,-1,627,623,806,-1,808,619,809,-1,807,619,808,-1,623,619,807,-1,619,615,809,-1,810,609,811,-1,809,609,810,-1,615,609,809,-1,609,605,811,-1,605,601,811,-1,811,601,812,-1,812,597,813,-1,601,597,812,-1,813,593,814,-1,597,593,813,-1,814,589,815,-1,593,589,814,-1,815,585,816,-1,589,585,815,-1,816,581,817,-1,585,581,816,-1,818,577,819,-1,817,577,818,-1,581,577,817,-1,577,573,819,-1,819,405,497,-1,573,405,819,-1,634,505,788,-1,634,423,505,-1,695,728,9,-1,695,9,0,-1,636,788,786,-1,636,634,788,-1,693,730,728,-1,693,728,695,-1,638,786,783,-1,638,636,786,-1,690,732,730,-1,690,730,693,-1,640,638,783,-1,640,783,781,-1,689,734,732,-1,689,732,690,-1,642,640,781,-1,642,781,779,-1,686,736,734,-1,686,734,689,-1,644,642,779,-1,644,779,777,-1,685,738,736,-1,685,736,686,-1,646,777,775,-1,646,644,777,-1,682,740,738,-1,682,738,685,-1,648,646,775,-1,648,775,773,-1,681,742,740,-1,681,740,682,-1,650,773,772,-1,650,648,773,-1,678,744,742,-1,678,742,681,-1,653,650,772,-1,653,772,770,-1,676,746,744,-1,676,744,678,-1,675,747,746,-1,675,746,676,-1,654,770,768,-1,654,653,770,-1,657,768,766,-1,657,654,768,-1,673,747,675,-1,673,749,747,-1,658,766,763,-1,658,657,766,-1,671,751,749,-1,671,749,673,-1,668,754,751,-1,668,751,671,-1,660,763,762,-1,660,658,763,-1,662,762,760,-1,662,660,762,-1,667,756,754,-1,667,754,668,-1,665,758,756,-1,665,760,758,-1,665,662,760,-1,665,756,667,-1,694,10,727,-1,694,2,10,-1,635,787,495,-1,635,495,413,-1,692,694,727,-1,692,727,729,-1,637,785,787,-1,637,787,635,-1,691,729,731,-1,691,692,729,-1,639,784,785,-1,639,785,637,-1,688,691,731,-1,688,731,733,-1,641,782,784,-1,641,784,639,-1,687,688,733,-1,687,733,735,-1,643,780,782,-1,643,782,641,-1,684,687,735,-1,684,735,737,-1,645,778,780,-1,645,780,643,-1,683,737,739,-1,683,684,737,-1,647,776,778,-1,647,778,645,-1,680,683,739,-1,680,739,741,-1,649,774,776,-1,649,776,647,-1,679,741,743,-1,679,680,741,-1,651,771,774,-1,651,774,649,-1,677,743,745,-1,677,679,743,-1,652,769,771,-1,652,771,651,-1,655,767,769,-1,655,769,652,-1,674,745,748,-1,674,677,745,-1,656,765,767,-1,656,767,655,-1,672,748,750,-1,672,674,748,-1,659,764,765,-1,659,765,656,-1,670,750,752,-1,670,672,750,-1,661,761,764,-1,661,764,659,-1,669,752,753,-1,669,670,752,-1,663,759,761,-1,663,761,661,-1,666,753,755,-1,666,669,753,-1,664,757,759,-1,664,755,757,-1,664,759,663,-1,664,666,755,-1,726,26,789,-1,726,21,26,-1,696,819,497,-1,696,497,414,-1,725,726,789,-1,725,789,790,-1,697,818,819,-1,697,819,696,-1,724,790,791,-1,724,725,790,-1,698,817,818,-1,698,818,697,-1,723,724,791,-1,723,791,792,-1,699,816,817,-1,699,817,698,-1,722,792,793,-1,722,723,792,-1,700,815,816,-1,700,816,699,-1,721,722,793,-1,721,793,794,-1,701,814,815,-1,701,815,700,-1,720,794,795,-1,720,721,794,-1,702,813,814,-1,702,814,701,-1,719,720,795,-1,719,795,796,-1,703,812,813,-1,703,813,702,-1,718,796,797,-1,718,719,796,-1,704,811,812,-1,704,812,703,-1,717,797,798,-1,717,718,797,-1,705,810,811,-1,705,811,704,-1,706,809,810,-1,706,810,705,-1,716,798,799,-1,716,717,798,-1,707,808,809,-1,707,809,706,-1,715,799,800,-1,715,716,799,-1,708,807,808,-1,708,808,707,-1,714,715,800,-1,714,800,801,-1,709,806,807,-1,709,807,708,-1,713,801,802,-1,713,714,801,-1,710,805,806,-1,710,806,709,-1,712,802,803,-1,712,713,802,-1,711,804,805,-1,711,803,804,-1,711,805,710,-1,711,712,803,-1,820,821,822,-1,822,821,823,-1,820,824,821,-1,821,825,823,-1,826,827,825,-1,825,827,823,-1,828,829,830,-1,828,830,831,-1,832,829,828,-1,833,828,831,-1,834,835,833,-1,834,833,831,-1,829,832,824,-1,829,824,820,-1,835,834,827,-1,835,827,826,-1,833,835,825,-1,825,835,826,-1,824,828,821,-1,832,828,824,-1,408,410,836,-1,837,836,838,-1,837,408,836,-1,839,838,840,-1,839,837,838,-1,841,840,842,-1,841,839,840,-1,843,842,844,-1,843,841,842,-1,845,844,846,-1,845,843,844,-1,847,846,848,-1,847,845,846,-1,849,848,850,-1,849,847,848,-1,851,850,852,-1,851,849,850,-1,853,851,852,-1,853,852,854,-1,855,853,854,-1,856,855,854,-1,856,857,858,-1,856,854,857,-1,859,856,858,-1,860,859,858,-1,860,861,862,-1,860,858,861,-1,863,860,862,-1,864,863,862,-1,864,862,865,-1,866,864,865,-1,866,867,868,-1,866,865,867,-1,869,866,868,-1,870,869,868,-1,870,871,872,-1,870,868,871,-1,873,870,872,-1,874,872,875,-1,874,873,872,-1,876,875,877,-1,876,874,875,-1,878,879,880,-1,878,877,879,-1,878,876,877,-1,881,880,882,-1,881,878,880,-1,883,881,882,-1,884,885,886,-1,884,882,885,-1,884,883,882,-1,887,884,886,-1,888,886,889,-1,888,887,886,-1,890,891,892,-1,890,889,891,-1,890,888,889,-1,893,892,894,-1,893,890,892,-1,895,893,894,-1,896,894,897,-1,896,895,894,-1,827,897,823,-1,827,896,897,-1,831,822,823,-1,831,830,822,-1,830,820,822,-1,830,829,820,-1,834,831,898,-1,898,899,900,-1,831,899,898,-1,900,901,902,-1,899,901,900,-1,902,903,904,-1,901,903,902,-1,904,905,906,-1,903,905,904,-1,906,907,908,-1,905,907,906,-1,908,909,910,-1,907,909,908,-1,910,911,912,-1,909,911,910,-1,912,913,914,-1,911,913,912,-1,913,915,914,-1,914,915,916,-1,915,917,916,-1,916,917,918,-1,917,919,918,-1,919,920,918,-1,918,920,921,-1,922,923,924,-1,921,923,922,-1,920,923,921,-1,923,925,924,-1,926,927,928,-1,924,927,926,-1,925,927,924,-1,927,929,928,-1,930,931,932,-1,928,931,930,-1,929,931,928,-1,931,933,932,-1,932,934,935,-1,933,934,932,-1,935,936,937,-1,934,936,935,-1,938,939,940,-1,937,939,938,-1,936,939,937,-1,939,941,940,-1,942,943,944,-1,940,943,942,-1,941,943,940,-1,943,945,944,-1,944,946,947,-1,945,946,944,-1,948,949,950,-1,947,949,948,-1,946,949,947,-1,949,951,950,-1,950,952,953,-1,951,952,950,-1,954,955,956,-1,953,955,954,-1,952,955,953,-1,955,957,956,-1,958,959,491,-1,956,959,958,-1,957,959,956,-1,959,492,491,-1,896,834,898,-1,896,827,834,-1,837,958,491,-1,837,491,408,-1,895,896,898,-1,895,898,900,-1,839,956,958,-1,839,958,837,-1,893,900,902,-1,893,895,900,-1,841,954,956,-1,841,956,839,-1,890,893,902,-1,890,902,904,-1,843,953,954,-1,843,954,841,-1,888,890,904,-1,888,904,906,-1,845,950,953,-1,845,953,843,-1,887,888,906,-1,887,906,908,-1,847,948,950,-1,847,950,845,-1,884,908,910,-1,884,887,908,-1,849,947,948,-1,849,948,847,-1,883,884,910,-1,883,910,912,-1,851,944,947,-1,851,947,849,-1,881,912,914,-1,881,883,912,-1,853,942,944,-1,853,944,851,-1,878,914,916,-1,878,881,914,-1,855,940,942,-1,855,942,853,-1,856,938,940,-1,856,940,855,-1,876,916,918,-1,876,878,916,-1,859,937,938,-1,859,938,856,-1,874,918,921,-1,874,876,918,-1,860,935,937,-1,860,937,859,-1,873,921,922,-1,873,874,921,-1,863,932,935,-1,863,935,860,-1,870,922,924,-1,870,873,922,-1,864,930,932,-1,864,932,863,-1,869,924,926,-1,869,870,924,-1,866,928,930,-1,866,926,928,-1,866,930,864,-1,866,869,926,-1,836,492,959,-1,836,410,492,-1,897,899,831,-1,897,831,823,-1,838,959,957,-1,838,836,959,-1,894,901,899,-1,894,899,897,-1,840,957,955,-1,840,838,957,-1,892,903,901,-1,892,901,894,-1,842,840,955,-1,842,955,952,-1,891,905,903,-1,891,903,892,-1,844,842,952,-1,844,952,951,-1,889,907,905,-1,889,905,891,-1,846,844,951,-1,846,951,949,-1,886,909,907,-1,886,907,889,-1,848,949,946,-1,848,846,949,-1,885,911,909,-1,885,909,886,-1,850,848,946,-1,850,946,945,-1,882,913,911,-1,882,911,885,-1,852,945,943,-1,852,850,945,-1,880,915,913,-1,880,913,882,-1,854,852,943,-1,854,943,941,-1,879,917,915,-1,879,915,880,-1,877,919,917,-1,877,917,879,-1,857,941,939,-1,857,854,941,-1,858,939,936,-1,858,857,939,-1,875,919,877,-1,875,920,919,-1,861,936,934,-1,861,858,936,-1,872,923,920,-1,872,920,875,-1,871,925,923,-1,871,923,872,-1,862,934,933,-1,862,861,934,-1,865,933,931,-1,865,862,933,-1,868,927,925,-1,868,925,871,-1,867,929,927,-1,867,931,929,-1,867,865,931,-1,867,927,868,-1,960,961,962,-1,962,961,963,-1,960,964,961,-1,961,965,963,-1,966,967,968,-1,966,968,969,-1,970,967,966,-1,971,966,969,-1,967,970,964,-1,967,964,960,-1,971,969,963,-1,971,963,965,-1,964,966,961,-1,970,966,964,-1,969,962,963,-1,969,968,962,-1,406,412,972,-1,973,972,974,-1,973,406,972,-1,975,974,976,-1,975,973,974,-1,977,976,978,-1,977,975,976,-1,979,978,980,-1,979,977,978,-1,981,980,982,-1,981,979,980,-1,983,982,984,-1,983,981,982,-1,985,984,986,-1,985,983,984,-1,987,985,986,-1,988,987,986,-1,988,989,990,-1,988,986,989,-1,991,988,990,-1,992,991,990,-1,992,993,994,-1,992,990,993,-1,995,992,994,-1,996,995,994,-1,996,997,998,-1,996,994,997,-1,999,996,998,-1,1000,999,998,-1,1000,998,1001,-1,1002,1000,1001,-1,1002,1003,1004,-1,1002,1001,1003,-1,1005,1002,1004,-1,1006,1005,1004,-1,1006,1007,1008,-1,1006,1004,1007,-1,1009,1006,1008,-1,1010,1008,1011,-1,1010,1009,1008,-1,1012,1011,1013,-1,1012,1010,1011,-1,1014,1015,1016,-1,1014,1013,1015,-1,1014,1012,1013,-1,1017,1016,1018,-1,1017,1014,1016,-1,1019,1017,1018,-1,1020,1021,1022,-1,1020,1018,1021,-1,1020,1019,1018,-1,1023,1020,1022,-1,1024,1022,1025,-1,1024,1023,1022,-1,1026,1027,1028,-1,1026,1025,1027,-1,1026,1024,1025,-1,1029,1028,1030,-1,1029,1026,1028,-1,1031,1029,1030,-1,1032,1030,1033,-1,1032,1031,1030,-1,962,1033,960,-1,962,1032,1033,-1,968,967,1034,-1,1034,1035,1036,-1,967,1035,1034,-1,1036,1037,1038,-1,1035,1037,1036,-1,1038,1039,1040,-1,1037,1039,1038,-1,1040,1041,1042,-1,1039,1041,1040,-1,1042,1043,1044,-1,1041,1043,1042,-1,1044,1045,1046,-1,1043,1045,1044,-1,1046,1047,1048,-1,1045,1047,1046,-1,1048,1049,1050,-1,1047,1049,1048,-1,1049,1051,1050,-1,1050,1051,1052,-1,1051,1053,1052,-1,1053,1054,1052,-1,1052,1054,1055,-1,1055,1056,1057,-1,1054,1056,1055,-1,1057,1058,1059,-1,1056,1058,1057,-1,1060,1061,1062,-1,1059,1061,1060,-1,1058,1061,1059,-1,1061,1063,1062,-1,1064,1065,1066,-1,1062,1065,1064,-1,1063,1065,1062,-1,1066,1067,1068,-1,1065,1067,1066,-1,1067,1069,1068,-1,1068,1070,1071,-1,1069,1070,1068,-1,1072,1073,1074,-1,1071,1073,1072,-1,1070,1073,1071,-1,1073,1075,1074,-1,1076,1077,1078,-1,1074,1077,1076,-1,1075,1077,1074,-1,1077,1079,1078,-1,1079,1080,1078,-1,1078,1080,1081,-1,1081,1082,1083,-1,1080,1082,1081,-1,1083,1084,1085,-1,1082,1084,1083,-1,1085,1086,1087,-1,1084,1086,1085,-1,1087,1088,1089,-1,1086,1088,1087,-1,1089,1090,1091,-1,1088,1090,1089,-1,1092,1093,1094,-1,1091,1093,1092,-1,1090,1093,1091,-1,1093,1095,1094,-1,1094,494,404,-1,1095,494,1094,-1,972,494,1095,-1,972,412,494,-1,1033,1035,967,-1,1033,967,960,-1,974,972,1095,-1,974,1095,1093,-1,1030,1037,1035,-1,1030,1035,1033,-1,976,1093,1090,-1,976,974,1093,-1,1028,1039,1037,-1,1028,1037,1030,-1,978,976,1090,-1,978,1090,1088,-1,1027,1041,1039,-1,1027,1039,1028,-1,980,1088,1086,-1,980,978,1088,-1,1025,1043,1041,-1,1025,1041,1027,-1,982,980,1086,-1,982,1086,1084,-1,1022,1045,1043,-1,1022,1043,1025,-1,984,1084,1082,-1,984,982,1084,-1,1021,1047,1045,-1,1021,1045,1022,-1,986,984,1082,-1,986,1082,1080,-1,1018,1049,1047,-1,1018,1047,1021,-1,989,1080,1079,-1,989,986,1080,-1,1016,1051,1049,-1,1016,1049,1018,-1,990,1079,1077,-1,990,989,1079,-1,1015,1053,1051,-1,1015,1051,1016,-1,1013,1054,1053,-1,1013,1053,1015,-1,993,1077,1075,-1,993,990,1077,-1,1011,1056,1054,-1,1011,1054,1013,-1,994,1075,1073,-1,994,993,1075,-1,1008,1058,1056,-1,1008,1056,1011,-1,997,994,1073,-1,997,1073,1070,-1,1007,1061,1058,-1,1007,1058,1008,-1,998,1070,1069,-1,998,997,1070,-1,1004,1063,1061,-1,1004,1061,1007,-1,1001,1069,1067,-1,1001,998,1069,-1,1003,1065,1063,-1,1003,1067,1065,-1,1003,1063,1004,-1,1003,1001,1067,-1,1032,968,1034,-1,1032,962,968,-1,973,1094,404,-1,973,404,406,-1,1031,1032,1034,-1,1031,1034,1036,-1,975,1092,1094,-1,975,1094,973,-1,1029,1036,1038,-1,1029,1031,1036,-1,977,1091,1092,-1,977,1092,975,-1,1026,1029,1038,-1,1026,1038,1040,-1,979,1089,1091,-1,979,1091,977,-1,1024,1040,1042,-1,1024,1026,1040,-1,981,1087,1089,-1,981,1089,979,-1,1023,1024,1042,-1,1023,1042,1044,-1,983,1085,1087,-1,983,1087,981,-1,1020,1044,1046,-1,1020,1023,1044,-1,985,1083,1085,-1,985,1085,983,-1,1019,1020,1046,-1,1019,1046,1048,-1,987,1081,1083,-1,987,1083,985,-1,1017,1048,1050,-1,1017,1019,1048,-1,988,1078,1081,-1,988,1081,987,-1,1014,1050,1052,-1,1014,1017,1050,-1,991,1076,1078,-1,991,1078,988,-1,992,1074,1076,-1,992,1076,991,-1,1012,1052,1055,-1,1012,1014,1052,-1,995,1072,1074,-1,995,1074,992,-1,1010,1055,1057,-1,1010,1012,1055,-1,996,1071,1072,-1,996,1072,995,-1,1009,1010,1057,-1,1009,1057,1059,-1,999,1068,1071,-1,999,1071,996,-1,1006,1059,1060,-1,1006,1009,1059,-1,1000,1066,1068,-1,1000,1068,999,-1,1005,1060,1062,-1,1005,1006,1060,-1,1002,1064,1066,-1,1002,1062,1064,-1,1002,1066,1000,-1,1002,1005,1062,-1,1096,1097,1098,-1,1098,1097,1099,-1,1100,1101,1102,-1,1103,1100,1102,-1,1098,1100,1096,-1,1101,1100,1098,-1,1103,1102,1099,-1,1103,1099,1097,-1,825,821,1104,-1,1105,1104,1106,-1,1105,825,1104,-1,1107,1106,1098,-1,1107,1105,1106,-1,1099,1107,1098,-1,1102,1108,1109,-1,1101,1108,1102,-1,1109,1110,1111,-1,1108,1110,1109,-1,1111,828,833,-1,1110,828,1111,-1,1104,828,1110,-1,1104,821,828,-1,1106,1110,1108,-1,1106,1104,1110,-1,1098,1108,1101,-1,1098,1106,1108,-1,1099,1102,1109,-1,1107,1099,1109,-1,1105,1109,1111,-1,1105,1107,1109,-1,825,1111,833,-1,825,1105,1111,-1,1112,1113,1114,-1,1115,1114,1116,-1,1115,1112,1114,-1,1117,1116,1118,-1,1117,1115,1116,-1,1119,1118,1120,-1,1119,1117,1118,-1,1121,1120,1122,-1,1121,1119,1120,-1,1123,1122,1124,-1,1123,1121,1122,-1,1125,1124,1126,-1,1125,1123,1124,-1,1127,1126,1128,-1,1127,1125,1126,-1,1129,1127,1128,-1,1130,1128,1131,-1,1130,1129,1128,-1,1132,1131,1133,-1,1132,1130,1131,-1,1103,1133,1100,-1,1103,1132,1133,-1,1097,1096,1134,-1,1134,1135,1136,-1,1096,1135,1134,-1,1136,1137,1138,-1,1135,1137,1136,-1,1138,1139,1140,-1,1137,1139,1138,-1,1140,1141,1142,-1,1139,1141,1140,-1,1142,1143,1144,-1,1141,1143,1142,-1,1144,1145,1146,-1,1143,1145,1144,-1,1146,1147,1148,-1,1145,1147,1146,-1,1148,1149,1150,-1,1147,1149,1148,-1,1150,1151,1152,-1,1149,1151,1150,-1,1152,1153,1154,-1,1151,1153,1152,-1,1153,1155,1154,-1,1113,1156,1157,-1,1113,1157,1155,-1,1158,1159,1160,-1,1161,1162,1158,-1,1163,1164,1165,-1,1166,1165,1161,-1,1166,1163,1165,-1,1167,1168,1166,-1,1169,1170,1171,-1,1172,1173,1169,-1,1174,1175,1172,-1,1176,1177,1178,-1,1179,1180,1181,-1,1179,1181,1182,-1,1183,1156,1113,-1,1183,1113,1112,-1,1184,1174,1172,-1,1184,1172,1169,-1,1184,1176,1178,-1,1184,1179,1182,-1,1184,1182,1185,-1,1184,1185,1176,-1,1184,1178,1186,-1,1184,1186,1174,-1,1184,1171,1187,-1,1184,1187,1188,-1,1184,1188,1189,-1,1184,1189,1190,-1,1184,1190,1167,-1,1184,1169,1171,-1,1191,1192,1184,-1,1193,1194,1191,-1,1195,1196,1197,-1,1195,1197,1198,-1,1195,1198,1199,-1,1200,1201,1193,-1,1202,1183,1196,-1,1202,1195,1203,-1,1202,1156,1183,-1,1202,1196,1195,-1,1202,1160,1156,-1,1202,1158,1160,-1,1204,1191,1184,-1,1204,1200,1193,-1,1204,1193,1191,-1,1205,1202,1206,-1,1207,1208,1204,-1,1209,1184,1167,-1,1209,1204,1184,-1,1209,1207,1204,-1,1210,1205,1211,-1,1210,1211,1212,-1,1213,1214,1209,-1,1215,1210,1216,-1,1215,1158,1202,-1,1215,1202,1205,-1,1215,1161,1158,-1,1215,1205,1210,-1,1217,1218,1213,-1,1219,1215,1220,-1,1219,1209,1167,-1,1219,1213,1209,-1,1219,1161,1215,-1,1219,1217,1213,-1,1219,1166,1161,-1,1219,1167,1166,-1,1183,1112,1154,-1,1183,1154,1221,-1,1222,1223,1224,-1,1225,1226,1227,-1,1228,1226,1225,-1,1229,1230,1226,-1,1231,1232,1230,-1,1233,1234,1232,-1,1235,1236,1237,-1,1238,1239,1240,-1,1241,1239,1238,-1,1242,1239,1241,-1,1237,1239,1242,-1,1243,1239,1236,-1,1236,1239,1237,-1,1244,1245,1246,-1,1247,1245,1244,-1,1248,1245,1247,-1,1157,1221,1155,-1,1155,1221,1154,-1,1249,1250,1251,-1,1240,1250,1249,-1,1239,1250,1240,-1,1252,1250,1239,-1,1246,1250,1252,-1,1245,1250,1246,-1,1253,1250,1245,-1,1254,1250,1253,-1,1255,1256,1257,-1,1258,1259,1250,-1,1256,1260,1261,-1,1221,1260,1255,-1,1255,1260,1256,-1,1262,1263,1259,-1,1259,1263,1250,-1,1264,1265,1266,-1,1263,1267,1250,-1,1268,1267,1263,-1,1269,1267,1268,-1,1270,1267,1269,-1,1265,1271,1272,-1,1264,1273,1265,-1,1260,1273,1264,-1,1265,1273,1271,-1,1274,1275,1276,-1,1277,1278,1279,-1,1273,1280,1277,-1,1277,1280,1278,-1,1224,1281,1157,-1,1227,1281,1223,-1,1251,1281,1234,-1,1267,1281,1250,-1,1250,1281,1251,-1,1221,1281,1260,-1,1157,1281,1221,-1,1282,1281,1267,-1,1276,1281,1282,-1,1283,1281,1275,-1,1260,1281,1273,-1,1223,1281,1224,-1,1226,1281,1227,-1,1275,1281,1276,-1,1273,1281,1280,-1,1230,1281,1226,-1,1232,1281,1230,-1,1234,1281,1232,-1,1154,1112,1115,-1,1152,1115,1117,-1,1152,1154,1115,-1,1150,1117,1119,-1,1150,1152,1117,-1,1148,1119,1121,-1,1148,1150,1119,-1,1146,1121,1123,-1,1146,1148,1121,-1,1144,1123,1125,-1,1144,1146,1123,-1,1142,1125,1127,-1,1142,1144,1125,-1,1140,1127,1129,-1,1140,1142,1127,-1,1138,1129,1130,-1,1138,1140,1129,-1,1136,1130,1132,-1,1136,1138,1130,-1,1134,1132,1103,-1,1134,1136,1132,-1,1097,1134,1103,-1,1096,1100,1133,-1,1135,1133,1131,-1,1135,1096,1133,-1,1137,1131,1128,-1,1137,1135,1131,-1,1139,1128,1126,-1,1139,1137,1128,-1,1141,1126,1124,-1,1141,1139,1126,-1,1143,1124,1122,-1,1143,1141,1124,-1,1145,1122,1120,-1,1145,1143,1122,-1,1147,1120,1118,-1,1147,1145,1120,-1,1149,1118,1116,-1,1149,1147,1118,-1,1151,1116,1114,-1,1151,1149,1116,-1,1153,1114,1113,-1,1153,1151,1114,-1,1155,1153,1113,-1,1284,1285,1286,-1,1286,1285,1287,-1,1288,1289,1290,-1,1291,1288,1290,-1,1286,1288,1284,-1,1289,1288,1286,-1,1291,1290,1287,-1,1291,1287,1285,-1,965,961,1292,-1,1293,1292,1294,-1,1293,965,1292,-1,1295,1294,1286,-1,1295,1293,1294,-1,1287,1295,1286,-1,1290,1296,1297,-1,1289,1296,1290,-1,1297,1298,1299,-1,1296,1298,1297,-1,1299,966,971,-1,1298,966,1299,-1,1292,966,1298,-1,1292,961,966,-1,1294,1298,1296,-1,1294,1292,1298,-1,1286,1296,1289,-1,1286,1294,1296,-1,1287,1290,1297,-1,1295,1287,1297,-1,1293,1297,1299,-1,1293,1295,1297,-1,965,1299,971,-1,965,1293,1299,-1,1300,1301,1302,-1,1303,1302,1304,-1,1303,1300,1302,-1,1305,1304,1306,-1,1305,1303,1304,-1,1307,1306,1308,-1,1307,1305,1306,-1,1309,1308,1310,-1,1309,1307,1308,-1,1311,1310,1312,-1,1311,1309,1310,-1,1313,1312,1314,-1,1313,1311,1312,-1,1315,1314,1316,-1,1315,1313,1314,-1,1317,1315,1316,-1,1318,1316,1319,-1,1318,1317,1316,-1,1320,1319,1321,-1,1320,1318,1319,-1,1291,1321,1288,-1,1291,1320,1321,-1,1285,1284,1322,-1,1322,1323,1324,-1,1284,1323,1322,-1,1324,1325,1326,-1,1323,1325,1324,-1,1326,1327,1328,-1,1325,1327,1326,-1,1328,1329,1330,-1,1327,1329,1328,-1,1330,1331,1332,-1,1329,1331,1330,-1,1332,1333,1334,-1,1331,1333,1332,-1,1334,1335,1336,-1,1333,1335,1334,-1,1336,1337,1338,-1,1335,1337,1336,-1,1338,1339,1340,-1,1337,1339,1338,-1,1340,1341,1342,-1,1339,1341,1340,-1,1341,1343,1342,-1,1301,1344,1345,-1,1301,1345,1343,-1,1346,1347,1348,-1,1349,1350,1351,-1,1352,1353,1354,-1,1355,1356,1357,-1,1355,1357,1358,-1,1355,1358,1352,-1,1359,1360,1355,-1,1361,1362,1363,-1,1361,1363,1359,-1,1364,1365,1361,-1,1366,1344,1301,-1,1366,1301,1300,-1,1367,1352,1354,-1,1367,1361,1359,-1,1367,1355,1352,-1,1367,1364,1361,-1,1367,1354,1368,-1,1367,1368,1369,-1,1367,1369,1370,-1,1367,1370,1349,-1,1367,1351,1346,-1,1367,1359,1355,-1,1367,1349,1351,-1,1371,1372,1367,-1,1373,1374,1375,-1,1376,1377,1374,-1,1376,1373,1378,-1,1376,1374,1373,-1,1379,1380,1381,-1,1382,1376,1383,-1,1384,1376,1382,-1,1385,1386,1387,-1,1385,1387,1379,-1,1385,1381,1388,-1,1385,1388,1389,-1,1385,1389,1371,-1,1385,1371,1367,-1,1385,1379,1381,-1,1390,1376,1384,-1,1391,1392,1393,-1,1391,1393,1385,-1,1394,1390,1395,-1,1394,1395,1396,-1,1397,1366,1398,-1,1397,1398,1377,-1,1397,1394,1399,-1,1397,1400,1391,-1,1397,1377,1376,-1,1397,1344,1366,-1,1397,1385,1367,-1,1397,1348,1401,-1,1397,1401,1402,-1,1397,1402,1403,-1,1397,1403,1404,-1,1397,1404,1405,-1,1397,1376,1390,-1,1397,1405,1406,-1,1397,1406,1407,-1,1397,1407,1408,-1,1397,1408,1344,-1,1397,1367,1346,-1,1397,1391,1385,-1,1397,1390,1394,-1,1397,1346,1348,-1,1366,1300,1342,-1,1366,1342,1409,-1,1410,1411,1412,-1,1413,1414,1411,-1,1415,1416,1414,-1,1417,1418,1419,-1,1420,1418,1417,-1,1418,1421,1419,-1,1419,1421,1422,-1,1423,1421,1418,-1,1424,1421,1423,-1,1425,1421,1424,-1,1426,1427,1421,-1,1428,1427,1426,-1,1429,1427,1428,-1,1430,1427,1429,-1,1431,1427,1430,-1,1345,1409,1343,-1,1343,1409,1342,-1,1432,1433,1416,-1,1434,1433,1432,-1,1435,1433,1434,-1,1421,1433,1422,-1,1436,1433,1435,-1,1422,1433,1436,-1,1427,1433,1421,-1,1437,1433,1427,-1,1438,1433,1437,-1,1439,1440,1441,-1,1442,1440,1439,-1,1443,1444,1445,-1,1446,1444,1443,-1,1440,1447,1448,-1,1445,1449,1433,-1,1444,1449,1445,-1,1450,1451,1452,-1,1447,1451,1450,-1,1453,1454,1455,-1,1456,1457,1458,-1,1459,1457,1456,-1,1459,1460,1457,-1,1461,1462,1345,-1,1463,1462,1461,-1,1464,1462,1463,-1,1465,1462,1464,-1,1412,1462,1465,-1,1345,1462,1409,-1,1455,1462,1449,-1,1433,1462,1416,-1,1466,1462,1454,-1,1467,1462,1466,-1,1468,1462,1467,-1,1469,1462,1468,-1,1470,1462,1469,-1,1449,1462,1433,-1,1460,1462,1471,-1,1451,1462,1459,-1,1442,1462,1440,-1,1440,1462,1447,-1,1409,1462,1442,-1,1447,1462,1451,-1,1411,1462,1412,-1,1416,1462,1414,-1,1414,1462,1411,-1,1459,1462,1460,-1,1454,1462,1455,-1,1342,1300,1303,-1,1340,1303,1305,-1,1340,1342,1303,-1,1338,1305,1307,-1,1338,1340,1305,-1,1336,1307,1309,-1,1336,1338,1307,-1,1334,1309,1311,-1,1334,1336,1309,-1,1332,1311,1313,-1,1332,1334,1311,-1,1330,1313,1315,-1,1330,1332,1313,-1,1328,1315,1317,-1,1328,1330,1315,-1,1326,1317,1318,-1,1326,1328,1317,-1,1324,1318,1320,-1,1324,1326,1318,-1,1322,1320,1291,-1,1322,1324,1320,-1,1285,1322,1291,-1,1284,1288,1321,-1,1323,1321,1319,-1,1323,1284,1321,-1,1325,1319,1316,-1,1325,1323,1319,-1,1327,1316,1314,-1,1327,1325,1316,-1,1329,1314,1312,-1,1329,1327,1314,-1,1331,1312,1310,-1,1331,1329,1312,-1,1333,1310,1308,-1,1333,1331,1310,-1,1335,1308,1306,-1,1335,1333,1308,-1,1337,1306,1304,-1,1337,1335,1306,-1,1339,1304,1302,-1,1339,1337,1304,-1,1341,1302,1301,-1,1341,1339,1302,-1,1343,1341,1301,-1,156,88,91,-1,156,89,88,-1,154,91,90,-1,154,156,91,-1,155,90,92,-1,155,154,90,-1,159,92,95,-1,159,155,92,-1,157,95,94,-1,157,159,95,-1,160,94,93,-1,160,157,94,-1,158,93,102,-1,158,160,93,-1,161,102,101,-1,161,158,102,-1,162,101,98,-1,162,161,101,-1,163,98,97,-1,163,162,98,-1,164,97,96,-1,164,163,97,-1,165,96,100,-1,165,164,96,-1,166,100,99,-1,166,165,100,-1,183,99,105,-1,183,166,99,-1,181,105,104,-1,181,183,105,-1,172,104,103,-1,172,181,104,-1,170,103,107,-1,170,172,103,-1,173,170,107,-1,173,107,106,-1,174,106,108,-1,174,173,106,-1,169,108,111,-1,169,174,108,-1,167,111,110,-1,167,169,111,-1,168,110,109,-1,168,167,110,-1,175,109,113,-1,175,168,109,-1,171,113,112,-1,171,175,113,-1,184,112,118,-1,184,171,112,-1,178,118,117,-1,178,184,118,-1,176,117,116,-1,176,178,117,-1,179,116,115,-1,179,176,116,-1,180,179,115,-1,180,115,114,-1,177,180,114,-1,177,114,126,-1,185,177,126,-1,185,126,125,-1,186,185,125,-1,186,125,124,-1,182,186,124,-1,182,124,123,-1,190,182,123,-1,190,123,122,-1,191,190,122,-1,191,122,136,-1,194,191,136,-1,194,136,135,-1,195,194,135,-1,195,135,134,-1,200,195,134,-1,200,134,133,-1,201,133,132,-1,201,200,133,-1,202,132,141,-1,202,201,132,-1,199,141,140,-1,199,202,141,-1,214,140,139,-1,214,199,140,-1,208,214,139,-1,208,139,148,-1,206,208,148,-1,206,148,147,-1,207,206,147,-1,207,147,146,-1,215,207,146,-1,215,146,152,-1,213,215,152,-1,213,152,149,-1,212,213,149,-1,212,149,151,-1,210,212,151,-1,210,151,150,-1,211,210,150,-1,211,150,145,-1,209,211,145,-1,209,145,142,-1,205,209,142,-1,205,142,144,-1,203,205,144,-1,203,144,143,-1,204,203,143,-1,204,143,137,-1,197,204,137,-1,197,137,138,-1,198,197,138,-1,198,138,128,-1,196,198,128,-1,196,128,131,-1,192,196,131,-1,192,131,130,-1,193,192,130,-1,193,130,129,-1,188,129,127,-1,188,193,129,-1,189,127,120,-1,189,188,127,-1,187,120,121,-1,187,189,120,-1,153,121,119,-1,153,187,121,-1,390,276,279,-1,390,277,276,-1,392,279,278,-1,392,390,279,-1,393,278,280,-1,393,392,278,-1,394,280,283,-1,394,393,280,-1,344,283,282,-1,344,394,283,-1,342,282,281,-1,342,344,282,-1,343,281,290,-1,343,342,281,-1,345,290,289,-1,345,343,290,-1,346,289,286,-1,346,345,289,-1,347,286,285,-1,347,346,286,-1,348,285,284,-1,348,347,285,-1,363,284,288,-1,363,348,284,-1,364,288,287,-1,364,363,288,-1,365,287,293,-1,365,364,287,-1,366,293,292,-1,366,365,293,-1,367,292,291,-1,367,366,292,-1,351,291,296,-1,351,367,291,-1,349,351,296,-1,349,296,295,-1,352,295,294,-1,352,349,295,-1,350,294,299,-1,350,352,294,-1,353,299,298,-1,353,350,299,-1,354,298,297,-1,354,353,298,-1,368,297,301,-1,368,354,297,-1,357,301,300,-1,357,368,301,-1,355,300,340,-1,355,357,300,-1,358,340,339,-1,358,355,340,-1,359,339,304,-1,359,358,339,-1,360,304,303,-1,360,359,304,-1,361,360,303,-1,361,303,302,-1,356,361,302,-1,356,302,312,-1,369,356,312,-1,369,312,311,-1,370,369,311,-1,370,311,310,-1,362,370,310,-1,362,310,309,-1,371,362,309,-1,371,309,308,-1,373,371,308,-1,373,308,318,-1,374,373,318,-1,374,318,317,-1,372,374,317,-1,372,317,316,-1,375,372,316,-1,375,316,322,-1,376,322,321,-1,376,375,322,-1,380,321,327,-1,380,376,321,-1,381,327,326,-1,381,380,327,-1,387,326,325,-1,387,381,326,-1,386,387,325,-1,386,325,331,-1,395,386,331,-1,395,331,330,-1,396,395,330,-1,396,330,334,-1,397,396,334,-1,397,334,338,-1,391,397,338,-1,391,338,337,-1,399,391,337,-1,399,337,335,-1,398,399,335,-1,398,335,336,-1,388,398,336,-1,388,336,332,-1,389,388,332,-1,389,332,333,-1,383,389,333,-1,383,333,328,-1,384,383,328,-1,384,328,329,-1,382,384,329,-1,382,329,323,-1,378,382,323,-1,378,323,324,-1,379,378,324,-1,379,324,320,-1,377,379,320,-1,377,320,319,-1,385,377,319,-1,385,319,313,-1,400,385,313,-1,400,313,315,-1,401,315,314,-1,401,400,315,-1,402,314,306,-1,402,401,314,-1,403,306,307,-1,403,402,306,-1,341,307,305,-1,341,403,307,-1,1224,1156,1160,-1,1224,1157,1156,-1,1222,1160,1159,-1,1222,1224,1160,-1,1223,1159,1158,-1,1223,1222,1159,-1,1227,1158,1162,-1,1227,1223,1158,-1,1225,1162,1161,-1,1225,1227,1162,-1,1228,1161,1165,-1,1228,1225,1161,-1,1226,1165,1164,-1,1226,1228,1165,-1,1229,1164,1163,-1,1229,1226,1164,-1,1230,1163,1166,-1,1230,1229,1163,-1,1231,1166,1168,-1,1231,1230,1166,-1,1232,1168,1167,-1,1232,1231,1168,-1,1233,1167,1190,-1,1233,1232,1167,-1,1234,1190,1189,-1,1234,1233,1190,-1,1251,1189,1188,-1,1251,1234,1189,-1,1249,1188,1187,-1,1249,1251,1188,-1,1240,1187,1171,-1,1240,1249,1187,-1,1238,1171,1170,-1,1238,1240,1171,-1,1241,1238,1170,-1,1241,1170,1169,-1,1242,1169,1173,-1,1242,1241,1169,-1,1237,1173,1172,-1,1237,1242,1173,-1,1235,1172,1175,-1,1235,1237,1172,-1,1236,1175,1174,-1,1236,1235,1175,-1,1243,1174,1186,-1,1243,1236,1174,-1,1239,1186,1178,-1,1239,1243,1186,-1,1252,1178,1177,-1,1252,1239,1178,-1,1246,1177,1176,-1,1246,1252,1177,-1,1244,1176,1185,-1,1244,1246,1176,-1,1247,1185,1182,-1,1247,1244,1185,-1,1248,1247,1182,-1,1248,1182,1181,-1,1245,1248,1181,-1,1245,1181,1180,-1,1253,1245,1180,-1,1253,1180,1179,-1,1254,1253,1179,-1,1254,1179,1184,-1,1250,1254,1184,-1,1250,1184,1192,-1,1258,1250,1192,-1,1258,1192,1191,-1,1259,1258,1191,-1,1259,1191,1194,-1,1262,1259,1194,-1,1262,1194,1193,-1,1263,1262,1193,-1,1263,1193,1201,-1,1268,1263,1201,-1,1268,1201,1200,-1,1269,1200,1204,-1,1269,1268,1200,-1,1270,1204,1208,-1,1270,1269,1204,-1,1267,1208,1207,-1,1267,1270,1208,-1,1282,1207,1209,-1,1282,1267,1207,-1,1276,1282,1209,-1,1276,1209,1214,-1,1274,1276,1214,-1,1274,1214,1213,-1,1275,1274,1213,-1,1275,1213,1218,-1,1283,1275,1218,-1,1283,1218,1217,-1,1281,1283,1217,-1,1281,1217,1219,-1,1280,1281,1219,-1,1280,1219,1220,-1,1278,1280,1220,-1,1278,1220,1215,-1,1279,1278,1215,-1,1279,1215,1216,-1,1277,1279,1216,-1,1277,1216,1210,-1,1273,1277,1210,-1,1273,1210,1212,-1,1271,1273,1212,-1,1271,1212,1211,-1,1272,1271,1211,-1,1272,1211,1205,-1,1265,1272,1205,-1,1265,1205,1206,-1,1266,1265,1206,-1,1266,1206,1202,-1,1264,1266,1202,-1,1264,1202,1203,-1,1260,1264,1203,-1,1260,1203,1195,-1,1261,1260,1195,-1,1261,1195,1199,-1,1256,1199,1198,-1,1256,1261,1199,-1,1257,1198,1197,-1,1257,1256,1198,-1,1255,1197,1196,-1,1255,1257,1197,-1,1221,1196,1183,-1,1221,1255,1196,-1,1461,1344,1408,-1,1461,1345,1344,-1,1463,1408,1407,-1,1463,1461,1408,-1,1464,1407,1406,-1,1464,1463,1407,-1,1465,1406,1405,-1,1465,1464,1406,-1,1412,1405,1404,-1,1412,1465,1405,-1,1410,1404,1403,-1,1410,1412,1404,-1,1411,1403,1402,-1,1411,1410,1403,-1,1413,1402,1401,-1,1413,1411,1402,-1,1414,1401,1348,-1,1414,1413,1401,-1,1415,1348,1347,-1,1415,1414,1348,-1,1416,1347,1346,-1,1416,1415,1347,-1,1432,1346,1351,-1,1432,1416,1346,-1,1434,1351,1350,-1,1434,1432,1351,-1,1435,1350,1349,-1,1435,1434,1350,-1,1436,1349,1370,-1,1436,1435,1349,-1,1422,1370,1369,-1,1422,1436,1370,-1,1419,1369,1368,-1,1419,1422,1369,-1,1417,1419,1368,-1,1417,1368,1354,-1,1420,1354,1353,-1,1420,1417,1354,-1,1418,1353,1352,-1,1418,1420,1353,-1,1423,1352,1358,-1,1423,1418,1352,-1,1424,1358,1357,-1,1424,1423,1358,-1,1425,1357,1356,-1,1425,1424,1357,-1,1421,1356,1355,-1,1421,1425,1356,-1,1426,1355,1360,-1,1426,1421,1355,-1,1428,1360,1359,-1,1428,1426,1360,-1,1429,1359,1363,-1,1429,1428,1359,-1,1430,1363,1362,-1,1430,1429,1363,-1,1431,1430,1362,-1,1431,1362,1361,-1,1427,1431,1361,-1,1427,1361,1365,-1,1437,1427,1365,-1,1437,1365,1364,-1,1438,1437,1364,-1,1438,1364,1367,-1,1433,1438,1367,-1,1433,1367,1372,-1,1445,1433,1372,-1,1445,1372,1371,-1,1443,1445,1371,-1,1443,1371,1389,-1,1446,1443,1389,-1,1446,1389,1388,-1,1444,1446,1388,-1,1444,1388,1381,-1,1449,1444,1381,-1,1449,1381,1380,-1,1455,1380,1379,-1,1455,1449,1380,-1,1453,1379,1387,-1,1453,1455,1379,-1,1454,1387,1386,-1,1454,1453,1387,-1,1466,1386,1385,-1,1466,1454,1386,-1,1467,1466,1385,-1,1467,1385,1393,-1,1468,1467,1393,-1,1468,1393,1392,-1,1469,1468,1392,-1,1469,1392,1391,-1,1470,1469,1391,-1,1470,1391,1400,-1,1462,1470,1400,-1,1462,1400,1397,-1,1471,1462,1397,-1,1471,1397,1399,-1,1460,1471,1399,-1,1460,1399,1394,-1,1457,1460,1394,-1,1457,1394,1396,-1,1458,1457,1396,-1,1458,1396,1395,-1,1456,1458,1395,-1,1456,1395,1390,-1,1459,1456,1390,-1,1459,1390,1384,-1,1451,1459,1384,-1,1451,1384,1382,-1,1452,1451,1382,-1,1452,1382,1383,-1,1450,1452,1383,-1,1450,1383,1376,-1,1447,1450,1376,-1,1447,1376,1378,-1,1448,1447,1378,-1,1448,1378,1373,-1,1440,1448,1373,-1,1440,1373,1375,-1,1441,1375,1374,-1,1441,1440,1375,-1,1439,1374,1377,-1,1439,1441,1374,-1,1442,1377,1398,-1,1442,1439,1377,-1,1409,1398,1366,-1,1409,1442,1398            ]
            ccw TRUE
          }
        }
        Shape {
          appearance DEF M0 Appearance {
            material Material {
              diffuseColor 0.15294 0.15294 0.15294
              specularColor 0.05 0.05 0.05
              shininess 0.5
            }
          }
          geometry IndexedFaceSet {
            coord Coordinate {
              point [
1.5 7.69999981 -0.5,0.69999999 7.69999981 -0.5,0.69999999 7.69999981 -0.69999999,2 7.69999981 -0.69999999,1.5 7.69999981 0.5,0.69999999 7.69999981 0.69999999,0.69999999 7.69999981 0.5,2 7.69999981 0.69999999,-0.69999999 7.69999981 -0.69999999,-1.5 7.69999981 -0.5,-2 7.69999981 -0.69999999,-0.69999999 7.69999981 -0.5,-1.5 7.69999981 0.5,-2 7.69999981 0.69999999,-0.69999999 7.69999981 0.69999999,-0.69999999 7.69999981 0.5,1.5 8.5 0.5,0.69999999 8.5 0.5,-1.5 8.5 0.5,-0.69999999 8.5 0.5,1.5 8.5 -0.5,0.69999999 8.5 -0.5,-1.5 8.5 -0.5,-0.69999999 8.5 -0.5,-0.69999999 6.80000019 -0.69999999,-0.69912982 6.76510811 -0.69999999,-0.69652152 6.73030233 -0.69999999,-0.69218159 6.6956706 -0.69999999,-0.68612075 6.6612978 -0.69999999,-0.67835408 6.62726974 -0.69999999,-0.66890097 6.59367132 -0.69999999,-0.65778482 6.56058598 -0.69999999,-0.64503336 6.52809572 -0.69999999,-0.63067824 6.49628115 -0.69999999,-0.61475509 6.46522236 -0.69999999,0.69999999 6.80000019 -0.69999999,0.61475509 6.46522236 -0.69999999,0.63067824 6.49628115 -0.69999999,0.64503336 6.52809572 -0.69999999,0.65778482 6.56058598 -0.69999999,0.66890097 6.59367132 -0.69999999,0.67835408 6.62726974 -0.69999999,0.68612075 6.6612978 -0.69999999,0.69218159 6.6956706 -0.69999999,0.69652152 6.73030233 -0.69999999,0.69912982 6.76510811 -0.69999999,-2 2.5 -0.69999999,-0.59730363 6.43499517 -0.69999999,-0.57836711 6.40567589 -0.69999999,-0.55799276 6.37733698 -0.69999999,-0.5362311 6.35004854 -0.69999999,-0.51313633 6.32387924 -0.69999999,-0.48876578 6.29889297 -0.69999999,-0.46318009 6.27515316 -0.69999999,-0.43644285 6.25271797 -0.69999999,-0.40862057 6.2316432 -0.69999999,-0.37978238 6.21198177 -0.69999999,-0.34999999 6.19378233 -0.69999999,-0.31934747 6.17708969 -0.69999999,-0.28790098 6.16194582 -0.69999999,-0.25573871 6.14838839 -0.69999999,-0.22294065 6.13645077 -0.69999999,-0.18958832 6.12616301 -0.69999999,-0.15576465 6.11755037 -0.69999999,-0.12155373 6.1106348 -0.69999999,-0.0870406 6.10543251 -0.69999999,-0.05231107 6.10195732 -0.69999999,-0.01745148 6.10021734 -0.69999999,2 2.5 -0.69999999,0.01745148 6.10021734 -0.69999999,0.05231107 6.10195732 -0.69999999,0.0870406 6.10543251 -0.69999999,0.12155373 6.1106348 -0.69999999,0.15576465 6.11755037 -0.69999999,0.18958832 6.12616301 -0.69999999,0.22294065 6.13645077 -0.69999999,0.25573871 6.14838839 -0.69999999,0.28790098 6.16194582 -0.69999999,0.31934747 6.17708969 -0.69999999,0.34999999 6.19378233 -0.69999999,0.37978238 6.21198177 -0.69999999,0.40862057 6.2316432 -0.69999999,0.43644285 6.25271797 -0.69999999,0.46318009 6.27515316 -0.69999999,0.48876578 6.29889297 -0.69999999,0.51313633 6.32387924 -0.69999999,0.5362311 6.35004854 -0.69999999,0.55799276 6.37733698 -0.69999999,0.57836711 6.40567589 -0.69999999,0.59730363 6.43499517 -0.69999999,0.69999999 6.80000019 0.69999999,0.69912982 6.76510811 0.69999999,0.69652152 6.73030233 0.69999999,0.69218159 6.6956706 0.69999999,0.68612075 6.6612978 0.69999999,0.67835408 6.62726974 0.69999999,0.66890097 6.59367132 0.69999999,0.65778482 6.56058598 0.69999999,0.64503336 6.52809572 0.69999999,0.63067824 6.49628115 0.69999999,0.61475509 6.46522236 0.69999999,-0.69999999 6.80000019 0.69999999,-0.69912982 6.76510811 0.69999999,-0.69652152 6.73030233 0.69999999,-0.69218159 6.6956706 0.69999999,-0.68612075 6.6612978 0.69999999,-0.67835408 6.62726974 0.69999999,-0.66890097 6.59367132 0.69999999,-0.65778482 6.56058598 0.69999999,-0.64503336 6.52809572 0.69999999,-0.63067824 6.49628115 0.69999999,-0.61475509 6.46522236 0.69999999,0.01745148 6.10021734 0.69999999,2 2.5 0.69999999,-0.01745148 6.10021734 0.69999999,0.05231107 6.10195732 0.69999999,0.0870406 6.10543251 0.69999999,0.12155373 6.1106348 0.69999999,0.15576465 6.11755037 0.69999999,0.18958832 6.12616301 0.69999999,0.22294065 6.13645077 0.69999999,0.25573871 6.14838839 0.69999999,0.28790098 6.16194582 0.69999999,0.31934747 6.17708969 0.69999999,0.34999999 6.19378233 0.69999999,0.37978238 6.21198177 0.69999999,0.40862057 6.2316432 0.69999999,0.43644285 6.25271797 0.69999999,0.46318009 6.27515316 0.69999999,0.48876578 6.29889297 0.69999999,0.51313633 6.32387924 0.69999999,0.5362311 6.35004854 0.69999999,0.55799276 6.37733698 0.69999999,0.57836711 6.40567589 0.69999999,0.59730363 6.43499517 0.69999999,-0.59730363 6.43499517 0.69999999,-2 2.5 0.69999999,-0.57836711 6.40567589 0.69999999,-0.55799276 6.37733698 0.69999999,-0.5362311 6.35004854 0.69999999,-0.51313633 6.32387924 0.69999999,-0.48876578 6.29889297 0.69999999,-0.46318009 6.27515316 0.69999999,-0.43644285 6.25271797 0.69999999,-0.40862057 6.2316432 0.69999999,-0.37978238 6.21198177 0.69999999,-0.34999999 6.19378233 0.69999999,-0.31934747 6.17708969 0.69999999,-0.28790098 6.16194582 0.69999999,-0.25573871 6.14838839 0.69999999,-0.22294065 6.13645077 0.69999999,-0.18958832 6.12616301 0.69999999,-0.15576465 6.11755037 0.69999999,-0.12155373 6.1106348 0.69999999,-0.0870406 6.10543251 0.69999999,-0.05231107 6.10195732 0.69999999,0.69999999 8.5 1.20000005,2.5999999 8.5 1.20000005,0.69999999 8.5 -1.20000005,2.5999999 8.5 -1.20000005,-0.69999999 8.5 1.20000005,-2.5999999 8.5 1.20000005,-2.5999999 8.5 -1.20000005,-0.69999999 8.5 -1.20000005,-0.69920105 6.76656485 -1,-2.4000001 6.69999981 -1,-0.69999999 6.80000019 -1,-0.69680601 6.73320627 -1,-0.69282031 6.69999981 -1,-2.4000001 7.69999981 -1,-0.69999999 7.69999981 -1,0.69282031 6.69999981 -1,0.69680601 6.73320627 -1,2.4000001 6.69999981 -1,0.69920105 6.76656485 -1,0.69999999 6.80000019 -1,2.4000001 7.69999981 -1,0.69999999 7.69999981 -1,-0.69999999 7.69999981 1,-2.4000001 7.69999981 1,-0.69999999 6.80000019 1,-2.4000001 6.69999981 1,-0.69920105 6.76656485 1,-0.69680601 6.73320627 1,-0.69282031 6.69999981 1,0.69999999 7.69999981 1,0.69999999 6.80000019 1,2.4000001 7.69999981 1,2.4000001 6.69999981 1,0.69920105 6.76656485 1,0.69680601 6.73320627 1,0.69282031 6.69999981 1,0.69999999 7.69999981 1.20000005,2.5999999 7.69999981 1.20000005,-2.5999999 7.69999981 1.20000005,-0.69999999 7.69999981 1.20000005,-0.4711405 6.28228712 1.20000005,-2.5999999 6.69999981 1.20000005,-2.5999999 2.5 1.20000005,-0.49604264 6.3060956 1.20000005,-0.51974314 6.33109999 1.20000005,-0.44509709 6.25973272 1.20000005,-0.54218471 6.35724068 1.20000005,-0.41797552 6.23848724 1.20000005,-0.56331289 6.38445377 1.20000005,-0.38984144 6.21860218 1.20000005,-0.58307654 6.41267347 1.20000005,-0.36076304 6.20012522 1.20000005,-0.60142773 6.44183159 1.20000005,-0.33081076 6.18310118 1.20000005,-0.61832207 6.47185707 1.20000005,-0.30005711 6.16757154 1.20000005,-0.63371867 6.50267744 1.20000005,-0.26857662 6.15357399 1.20000005,-0.64758009 6.53421831 1.20000005,-0.23644556 6.14114237 1.20000005,-0.65987289 6.56640244 1.20000005,-0.20374173 6.13030672 1.20000005,-0.67056727 6.59915304 1.20000005,-0.17054439 6.12109327 1.20000005,-0.67963725 6.63238955 1.20000005,-0.13693391 6.11352396 1.20000005,-0.68706095 6.66603279 1.20000005,-0.10299172 6.10761833 1.20000005,-0.69282031 6.69999981 1.20000005,-0.06880007 6.10338926 1.20000005,-0.03444175 6.10084772 1.20000005,0 6.0999999 1.20000005,2.5999999 2.5 1.20000005,0.03444175 6.10084772 1.20000005,0.06880007 6.10338926 1.20000005,0.10299172 6.10761833 1.20000005,0.13693391 6.11352396 1.20000005,0.17054439 6.12109327 1.20000005,0.20374173 6.13030672 1.20000005,0.23644556 6.14114237 1.20000005,0.26857662 6.15357399 1.20000005,0.30005711 6.16757154 1.20000005,0.33081076 6.18310118 1.20000005,0.36076304 6.20012522 1.20000005,0.38984144 6.21860218 1.20000005,0.41797552 6.23848724 1.20000005,0.44509709 6.25973272 1.20000005,0.4711405 6.28228712 1.20000005,2.5999999 6.69999981 1.20000005,0.49604264 6.3060956 1.20000005,0.51974314 6.33109999 1.20000005,0.54218471 6.35724068 1.20000005,0.56331289 6.38445377 1.20000005,0.58307654 6.41267347 1.20000005,0.60142773 6.44183159 1.20000005,0.61832207 6.47185707 1.20000005,0.63371867 6.50267744 1.20000005,0.64758009 6.53421831 1.20000005,0.65987289 6.56640244 1.20000005,0.67056727 6.59915304 1.20000005,0.67963725 6.63238955 1.20000005,0.68706095 6.66603279 1.20000005,0.69282031 6.69999981 1.20000005,2.5999999 7.69999981 -1.20000005,0.69999999 7.69999981 -1.20000005,-0.69999999 7.69999981 -1.20000005,-2.5999999 7.69999981 -1.20000005,0.4711405 6.28228712 -1.20000005,2.5999999 6.69999981 -1.20000005,2.5999999 2.5 -1.20000005,0.49604264 6.3060956 -1.20000005,0.51974314 6.33109999 -1.20000005,0.44509709 6.25973272 -1.20000005,0.54218471 6.35724068 -1.20000005,0.41797552 6.23848724 -1.20000005,0.56331289 6.38445377 -1.20000005,0.38984144 6.21860218 -1.20000005,0.58307654 6.41267347 -1.20000005,0.36076304 6.20012522 -1.20000005,0.60142773 6.44183159 -1.20000005,0.33081076 6.18310118 -1.20000005,0.61832207 6.47185707 -1.20000005,0.30005711 6.16757154 -1.20000005,0.63371867 6.50267744 -1.20000005,0.26857662 6.15357399 -1.20000005,0.64758009 6.53421831 -1.20000005,0.23644556 6.14114237 -1.20000005,0.65987289 6.56640244 -1.20000005,0.20374173 6.13030672 -1.20000005,0.67056727 6.59915304 -1.20000005,0.17054439 6.12109327 -1.20000005,0.67963725 6.63238955 -1.20000005,0.13693391 6.11352396 -1.20000005,0.68706095 6.66603279 -1.20000005,0.10299172 6.10761833 -1.20000005,0.69282031 6.69999981 -1.20000005,0.06880007 6.10338926 -1.20000005,0.03444175 6.10084772 -1.20000005,0 6.0999999 -1.20000005,-2.5999999 2.5 -1.20000005,-0.03444175 6.10084772 -1.20000005,-0.06880007 6.10338926 -1.20000005,-0.10299172 6.10761833 -1.20000005,-0.13693391 6.11352396 -1.20000005,-0.17054439 6.12109327 -1.20000005,-0.20374173 6.13030672 -1.20000005,-0.23644556 6.14114237 -1.20000005,-0.26857662 6.15357399 -1.20000005,-0.30005711 6.16757154 -1.20000005,-0.33081076 6.18310118 -1.20000005,-0.36076304 6.20012522 -1.20000005,-0.38984144 6.21860218 -1.20000005,-0.41797552 6.23848724 -1.20000005,-0.44509709 6.25973272 -1.20000005,-0.4711405 6.28228712 -1.20000005,-2.5999999 6.69999981 -1.20000005,-0.69282031 6.69999981 -1.20000005,-0.68706095 6.66603279 -1.20000005,-0.67963725 6.63238955 -1.20000005,-0.67056727 6.59915304 -1.20000005,-0.65987289 6.56640244 -1.20000005,-0.64758009 6.53421831 -1.20000005,-0.63371867 6.50267744 -1.20000005,-0.61832207 6.47185707 -1.20000005,-0.60142773 6.44183159 -1.20000005,-0.58307654 6.41267347 -1.20000005,-0.56331289 6.38445377 -1.20000005,-0.54218471 6.35724068 -1.20000005,-0.51974314 6.33109999 -1.20000005,-0.49604264 6.3060956 -1.20000005              ]
            }
            coordIndex [
0,1,2,-1,3,0,2,-1,4,5,6,-1,7,4,0,-1,7,0,3,-1,7,5,4,-1,8,9,10,-1,11,9,8,-1,12,13,10,-1,12,10,9,-1,14,12,15,-1,14,13,12,-1,6,16,4,-1,17,16,6,-1,18,19,12,-1,12,19,15,-1,20,21,0,-1,0,21,1,-1,11,22,9,-1,23,22,11,-1,10,24,8,-1,10,25,24,-1,10,26,25,-1,10,27,26,-1,10,28,27,-1,10,29,28,-1,10,30,29,-1,10,31,30,-1,10,32,31,-1,10,33,32,-1,10,34,33,-1,35,3,2,-1,36,3,37,-1,37,3,38,-1,38,3,39,-1,39,3,40,-1,40,3,41,-1,41,3,42,-1,42,3,43,-1,43,3,44,-1,44,3,45,-1,45,3,35,-1,34,46,47,-1,47,46,48,-1,48,46,49,-1,49,46,50,-1,50,46,51,-1,51,46,52,-1,52,46,53,-1,53,46,54,-1,54,46,55,-1,55,46,56,-1,56,46,57,-1,57,46,58,-1,58,46,59,-1,59,46,60,-1,60,46,61,-1,61,46,62,-1,62,46,63,-1,63,46,64,-1,64,46,65,-1,65,46,66,-1,66,46,67,-1,10,46,34,-1,67,68,69,-1,69,68,70,-1,70,68,71,-1,71,68,72,-1,72,68,73,-1,73,68,74,-1,74,68,75,-1,75,68,76,-1,76,68,77,-1,77,68,78,-1,78,68,79,-1,79,68,80,-1,80,68,81,-1,81,68,82,-1,82,68,83,-1,83,68,84,-1,46,68,67,-1,84,68,85,-1,85,68,86,-1,86,68,87,-1,87,68,88,-1,88,68,89,-1,89,68,36,-1,36,68,3,-1,7,90,5,-1,7,91,90,-1,7,92,91,-1,7,93,92,-1,7,94,93,-1,7,95,94,-1,7,96,95,-1,7,97,96,-1,7,98,97,-1,7,99,98,-1,7,100,99,-1,101,13,14,-1,102,13,101,-1,103,13,102,-1,104,13,103,-1,105,13,104,-1,106,13,105,-1,107,13,106,-1,108,13,107,-1,109,13,108,-1,110,13,109,-1,111,13,110,-1,112,113,114,-1,115,113,112,-1,116,113,115,-1,117,113,116,-1,118,113,117,-1,119,113,118,-1,120,113,119,-1,121,113,120,-1,122,113,121,-1,123,113,122,-1,124,113,123,-1,125,113,124,-1,126,113,125,-1,127,113,126,-1,128,113,127,-1,129,113,128,-1,130,113,129,-1,131,113,130,-1,132,113,131,-1,133,113,132,-1,134,113,133,-1,100,113,134,-1,7,113,100,-1,135,136,111,-1,137,136,135,-1,138,136,137,-1,139,136,138,-1,140,136,139,-1,141,136,140,-1,142,136,141,-1,113,136,114,-1,143,136,142,-1,144,136,143,-1,145,136,144,-1,146,136,145,-1,147,136,146,-1,148,136,147,-1,149,136,148,-1,150,136,149,-1,151,136,150,-1,152,136,151,-1,153,136,152,-1,154,136,153,-1,155,136,154,-1,114,136,155,-1,111,136,13,-1,16,17,156,-1,157,16,156,-1,20,158,21,-1,159,20,16,-1,159,16,157,-1,159,158,20,-1,160,18,161,-1,19,18,160,-1,22,162,161,-1,22,161,18,-1,163,22,23,-1,163,162,22,-1,164,165,166,-1,167,165,164,-1,168,165,167,-1,166,169,170,-1,165,169,166,-1,171,172,173,-1,172,174,173,-1,173,175,176,-1,174,175,173,-1,175,177,176,-1,178,179,180,-1,180,181,182,-1,182,181,183,-1,183,181,184,-1,179,181,180,-1,185,186,187,-1,187,186,188,-1,186,189,188,-1,189,190,188,-1,190,191,188,-1,157,156,192,-1,157,192,193,-1,160,161,194,-1,160,194,195,-1,196,197,198,-1,196,199,197,-1,200,197,199,-1,201,196,198,-1,202,197,200,-1,203,201,198,-1,204,197,202,-1,205,203,198,-1,206,197,204,-1,207,205,198,-1,208,197,206,-1,209,207,198,-1,210,197,208,-1,211,209,198,-1,212,197,210,-1,213,211,198,-1,214,197,212,-1,215,213,198,-1,216,197,214,-1,217,215,198,-1,218,197,216,-1,219,217,198,-1,220,197,218,-1,221,219,198,-1,222,197,220,-1,223,221,198,-1,224,197,222,-1,225,223,198,-1,226,225,198,-1,227,226,198,-1,227,198,228,-1,229,227,228,-1,230,229,228,-1,231,230,228,-1,232,231,228,-1,233,232,228,-1,234,233,228,-1,235,234,228,-1,236,235,228,-1,237,236,228,-1,238,237,228,-1,239,238,228,-1,240,239,228,-1,241,240,228,-1,242,241,228,-1,243,242,228,-1,244,245,243,-1,244,246,245,-1,244,247,246,-1,244,248,247,-1,244,249,248,-1,244,250,249,-1,244,251,250,-1,244,252,251,-1,244,253,252,-1,244,254,253,-1,244,255,254,-1,244,256,255,-1,244,257,256,-1,244,258,257,-1,244,243,228,-1,158,159,259,-1,158,259,260,-1,162,163,261,-1,162,261,262,-1,263,264,265,-1,263,266,264,-1,267,264,266,-1,268,263,265,-1,269,264,267,-1,270,268,265,-1,271,264,269,-1,272,270,265,-1,273,264,271,-1,274,272,265,-1,275,264,273,-1,276,274,265,-1,277,264,275,-1,278,276,265,-1,279,264,277,-1,280,278,265,-1,281,264,279,-1,282,280,265,-1,283,264,281,-1,284,282,265,-1,285,264,283,-1,286,284,265,-1,287,264,285,-1,288,286,265,-1,289,264,287,-1,290,288,265,-1,291,264,289,-1,292,290,265,-1,293,292,265,-1,294,293,265,-1,294,265,295,-1,296,294,295,-1,297,296,295,-1,298,297,295,-1,299,298,295,-1,300,299,295,-1,301,300,295,-1,302,301,295,-1,303,302,295,-1,304,303,295,-1,305,304,295,-1,306,305,295,-1,307,306,295,-1,308,307,295,-1,309,308,295,-1,310,309,295,-1,311,312,313,-1,311,313,314,-1,311,314,315,-1,311,315,316,-1,311,316,317,-1,311,317,318,-1,311,318,319,-1,311,319,320,-1,311,320,321,-1,311,321,322,-1,311,322,323,-1,311,323,324,-1,311,324,325,-1,311,325,310,-1,311,310,295,-1,165,312,311,-1,165,168,312,-1,197,181,311,-1,311,181,165,-1,181,224,184,-1,197,224,181,-1,171,173,291,-1,173,264,291,-1,258,188,191,-1,188,244,173,-1,258,244,188,-1,173,244,264,-1,176,260,259,-1,176,177,260,-1,193,187,259,-1,259,187,176,-1,187,192,185,-1,193,192,187,-1,261,169,262,-1,170,169,261,-1,195,179,178,-1,179,194,169,-1,195,194,179,-1,169,194,262,-1,163,170,261,-1,23,8,163,-1,163,8,170,-1,23,11,8,-1,170,24,166,-1,8,24,170,-1,19,14,15,-1,160,178,19,-1,19,178,14,-1,160,195,178,-1,14,180,101,-1,178,180,14,-1,186,185,90,-1,90,185,5,-1,5,17,6,-1,192,156,185,-1,185,156,5,-1,5,156,17,-1,35,2,175,-1,175,2,177,-1,177,158,260,-1,1,21,2,-1,177,21,158,-1,2,21,177,-1,166,24,164,-1,164,25,167,-1,24,25,164,-1,168,313,312,-1,167,26,168,-1,25,26,167,-1,26,27,168,-1,313,28,314,-1,168,28,313,-1,27,28,168,-1,314,29,315,-1,28,29,314,-1,315,30,316,-1,29,30,315,-1,316,31,317,-1,30,31,316,-1,317,32,318,-1,31,32,317,-1,318,33,319,-1,32,33,318,-1,319,34,320,-1,33,34,319,-1,320,47,321,-1,34,47,320,-1,321,48,322,-1,47,48,321,-1,322,49,323,-1,48,49,322,-1,323,50,324,-1,49,50,323,-1,324,51,325,-1,50,51,324,-1,51,52,325,-1,325,52,310,-1,52,53,310,-1,310,53,309,-1,53,54,309,-1,309,54,308,-1,54,55,308,-1,308,55,307,-1,307,56,306,-1,55,56,307,-1,306,57,305,-1,56,57,306,-1,305,58,304,-1,57,58,305,-1,304,59,303,-1,58,59,304,-1,303,60,302,-1,59,60,303,-1,302,61,301,-1,60,61,302,-1,301,62,300,-1,61,62,301,-1,300,63,299,-1,62,63,300,-1,299,64,298,-1,63,64,299,-1,298,65,297,-1,64,65,298,-1,297,66,296,-1,65,66,297,-1,296,67,294,-1,66,67,296,-1,294,69,293,-1,67,69,294,-1,293,70,292,-1,69,70,293,-1,292,71,290,-1,70,71,292,-1,290,72,288,-1,71,72,290,-1,288,73,286,-1,72,73,288,-1,286,74,284,-1,73,74,286,-1,284,75,282,-1,74,75,284,-1,282,76,280,-1,75,76,282,-1,280,77,278,-1,76,77,280,-1,77,78,278,-1,278,78,276,-1,78,79,276,-1,276,79,274,-1,79,80,274,-1,274,80,272,-1,80,81,272,-1,272,81,270,-1,81,82,270,-1,270,82,268,-1,82,83,268,-1,268,83,263,-1,83,84,263,-1,263,84,266,-1,84,85,266,-1,266,85,267,-1,85,86,267,-1,267,86,269,-1,86,87,269,-1,269,87,271,-1,87,88,271,-1,271,88,273,-1,88,89,273,-1,273,89,275,-1,89,36,275,-1,275,36,277,-1,277,37,279,-1,36,37,277,-1,279,38,281,-1,37,38,279,-1,281,39,283,-1,38,39,281,-1,283,40,285,-1,39,40,283,-1,285,41,287,-1,40,41,285,-1,289,171,291,-1,287,42,289,-1,41,42,287,-1,289,42,171,-1,42,43,171,-1,171,44,172,-1,43,44,171,-1,172,45,174,-1,44,45,172,-1,174,35,175,-1,45,35,174,-1,180,182,101,-1,101,182,102,-1,102,183,103,-1,182,183,102,-1,103,184,104,-1,104,184,105,-1,183,184,103,-1,224,222,184,-1,184,222,105,-1,105,220,106,-1,222,220,105,-1,106,218,107,-1,220,218,106,-1,107,216,108,-1,218,216,107,-1,108,214,109,-1,216,214,108,-1,109,212,110,-1,214,212,109,-1,110,210,111,-1,212,210,110,-1,111,208,135,-1,210,208,111,-1,135,206,137,-1,208,206,135,-1,137,204,138,-1,206,204,137,-1,138,202,139,-1,204,202,138,-1,139,200,140,-1,202,200,139,-1,140,199,141,-1,200,199,140,-1,199,196,141,-1,141,196,142,-1,196,201,142,-1,142,201,143,-1,201,203,143,-1,143,203,144,-1,203,205,144,-1,144,205,145,-1,205,207,145,-1,145,207,146,-1,207,209,146,-1,146,209,147,-1,147,211,148,-1,209,211,147,-1,148,213,149,-1,211,213,148,-1,149,215,150,-1,213,215,149,-1,150,217,151,-1,215,217,150,-1,151,219,152,-1,217,219,151,-1,152,221,153,-1,219,221,152,-1,153,223,154,-1,221,223,153,-1,154,225,155,-1,223,225,154,-1,155,226,114,-1,225,226,155,-1,114,227,112,-1,226,227,114,-1,112,229,115,-1,227,229,112,-1,115,230,116,-1,229,230,115,-1,116,231,117,-1,230,231,116,-1,117,232,118,-1,231,232,117,-1,118,233,119,-1,232,233,118,-1,119,234,120,-1,233,234,119,-1,120,235,121,-1,234,235,120,-1,121,236,122,-1,235,236,121,-1,122,237,123,-1,236,237,122,-1,237,238,123,-1,123,238,124,-1,238,239,124,-1,124,239,125,-1,239,240,125,-1,125,240,126,-1,240,241,126,-1,126,241,127,-1,241,242,127,-1,127,242,128,-1,242,243,128,-1,128,243,129,-1,243,245,129,-1,129,245,130,-1,245,246,130,-1,130,246,131,-1,246,247,131,-1,131,247,132,-1,247,248,132,-1,132,248,133,-1,248,249,133,-1,133,249,134,-1,249,250,134,-1,134,250,100,-1,250,251,100,-1,100,251,99,-1,251,252,99,-1,99,252,98,-1,98,253,97,-1,252,253,98,-1,97,254,96,-1,253,254,97,-1,96,255,95,-1,254,255,96,-1,95,256,94,-1,255,256,95,-1,256,257,94,-1,94,191,93,-1,93,191,92,-1,257,191,94,-1,257,258,191,-1,92,190,91,-1,191,190,92,-1,91,189,90,-1,190,189,91,-1,189,186,90,-1,68,113,3,-1,3,113,7,-1,16,20,4,-1,4,20,0,-1,136,46,13,-1,13,46,10,-1,22,18,9,-1,9,18,12,-1,295,46,198,-1,198,46,136,-1,113,228,136,-1,136,228,198,-1,113,68,228,-1,68,265,228,-1,295,265,46,-1,46,265,68,-1,159,193,259,-1,159,157,193,-1,161,262,194,-1,161,162,262,-1,181,179,165,-1,165,179,169,-1,187,188,176,-1,176,188,173,-1,197,311,295,-1,197,295,198,-1,264,244,228,-1,264,228,265            ]
            ccw TRUE
          }
        }
      ]
    }
  ]
}
