#VRML V2.0 utf8


Group {
  children 
    DEF o0 Group {
      children [ 
        DEF o1 Group {
          children 
            DEF o2 Transform {
              translation -0 -0 -0
              rotation 0 0 1  0
              scale 1 1 1
              scaleOrientation 0 0 1  0
              center 0 0 0
              children 
                DEF o3 Group {
                  children [ 
                    DEF o4 Group {
                      children 
                        DEF o5 Transform {
                          translation 0 0 0
                          rotation 0 0 1  0
                          scale 1 1 1
                          scaleOrientation 0 0 1  0
                          center 0 0 0

                        }

                    },
                      
                    DEF o6 Group {
                      children 
                        DEF o7 Transform {
                          translation 0 0 0
                          rotation 1 0 0  1.5707964
                          scale 1 1 1
                          scaleOrientation 0 0 1  0
                          center 0 0 0

                        }

                    },
                      
                    DEF o8 Group {
                      children 
                        DEF o9 Transform {
                          translation 0 0 0
                          rotation 0 0 1  0
                          scale 1 1 1
                          scaleOrientation 0 0 1  0
                          center 0 0 0

                        }

                    },
                      
                    DEF o10 Group {
                      children 
                        DEF o11 Transform {
                          translation 0 -1.4971e-015 -6.8049998
                          rotation 1 0 0  3.1415927
                          scale 1 1 1
                          scaleOrientation 0 0 1  0
                          center 0 0 0

                        }

                    },
                      
                    DEF o12 Group {
                      children 
                        DEF o13 Transform {
                          translation 0 0 0
                          rotation 0 0 1  0
                          scale 1 1 1
                          scaleOrientation 0 0 1  0
                          center 0 0 0

                        }

                    },
                      
                    DEF o14 Group {
                      children 
                        DEF o15 Transform {
                          translation 0 -2.4000001 0
                          rotation 1 0 0  1.5707964
                          scale 1 1 1
                          scaleOrientation 0 0 1  0
                          center 0 0 0

                        }

                    },
                      
                    DEF o16 Group {
                      children 
                        DEF o17 Transform {
                          translation 0 0 0
                          rotation 0 0 1  0
                          scale 1 1 1
                          scaleOrientation 0 0 1  0
                          center 0 0 0

                        }

                    },
                      
                    DEF o18 Group {
                      children 
                        DEF o19 Transform {
                          translation 0 0 0
                          rotation 0 0.70710677 0.70710677  3.1415927
                          scale 1 1 1
                          scaleOrientation 0 0 1  0
                          center 0 0 0

                        }

                    },
                      
                    DEF o20 Group {
                      children 
                        DEF o21 Transform {
                          translation 0 0 0
                          rotation 0 0 1  0
                          scale 1 1 1
                          scaleOrientation 0 0 1  0
                          center 0 0 0

                        }

                    },
                      
                    DEF o22 Group {
                      children 
                        DEF o23 Transform {
                          translation 0 0 0
                          rotation 0 0.70710677 0.70710677  3.1415927
                          scale 1 1 1
                          scaleOrientation 0 0 1  0
                          center 0 0 0

                        }

                    },
                      
                    DEF o24 Group {
                      children 
                        DEF o25 Transform {
                          translation 0 0 0
                          rotation 0 0 1  0
                          scale 1 1 1
                          scaleOrientation 0 0 1  0
                          center 0 0 0

                        }

                    },
                      
                    DEF o26 Group {
                      children 
                        DEF o27 Transform {
                          translation 4.375 0 0
                          rotation 0.57735026 0.57735026 0.57735026  2.0943952
                          scale 1 1 1
                          scaleOrientation 0 0 1  0
                          center 0 0 0

                        }

                    },
                      
                    DEF o28 Group {
                      children 
                        DEF o29 Transform {
                          translation 0 0 0
                          rotation 0 0 1  0
                          scale 1 1 1
                          scaleOrientation 0 0 1  0
                          center 0 0 0

                        }

                    },
                      
                    DEF o30 Group {
                      children 
                        DEF o31 Transform {
                          translation 0 1.4971e-015 6.8049998
                          rotation 0 0 1  0
                          scale 1 1 1
                          scaleOrientation 0 0 1  0
                          center 0 0 0

                        }

                    },
                      
                    DEF o32 Group {
                      children 
                        DEF o33 Transform {
                          translation 0 0 0
                          rotation 0 0 1  0
                          scale 1 1 1
                          scaleOrientation 0 0 1  0
                          center 0 0 0
                          children 
                            DEF o34 Group {
                              children [ 
                                DEF o35 Group {
                                  children 
                                    DEF o36 Shape {
                                      appearance 
                                      Appearance {
                                        material 
                                        Material {
                                          emissiveColor 0.098039217 0.098039217 0.098039217

                                        }

                                      }
                                      geometry 
                                      PointSet {
                                        coord 
                                        DEF o37 Coordinate {
                                          point [ -4.375 -0.5 5.8099999,
                                              -4.375 -0.5 6.3099999,
                                              -4.375 0 5.8099999,
                                              -4.375 0 6.3099999,
                                              -4.375 -0.80000001 4.4450002,
                                              -4.375 -0.80000001 5.3099999,
                                              -4.375 -1.2 4.4450002,
                                              -4.375 -2.4000001 4.4450002,
                                              -4.375 -2.4000001 6.8049998,
                                              -4.375 2e-015 6.8049998,
                                              -4.375 2e-015 6.8099999,
                                              -4.375 0.64999998 6.5599999,
                                              -4.375 0.64999998 5.5599999,
                                              -4.375 0 5.3099999,
                                              -4.2249999 -0.80000001 5.3099999,
                                              -4.2249999 -0.80000001 4.4450002,
                                              -4.375 -0.80000001 5.3099999,
                                              -4.375 -0.80000001 4.4450002,
                                              -4.3063707 -0.80000001 4.4450002,
                                              -4.3063707 -0.80000001 4.3099999,
                                              -4.0915151 -0.80000001 4.3099999,
                                              -4.0915151 -0.80000001 4.4450002,
                                              -4.2249999 0 5.3099999,
                                              -4.2249999 -0.80000001 5.3099999,
                                              -4.375 0 5.3099999,
                                              -4.375 -0.80000001 5.3099999,
                                              -4.2249999 0.64999998 5.5599999,
                                              -4.2249999 0 5.3099999,
                                              -4.375 0.64999998 5.5599999,
                                              -4.375 0 5.3099999,
                                              -4.2249999 0.64999998 6.5599999,
                                              -4.375 0.64999998 6.5599999,
                                              -4.2249999 0.64999998 5.5599999,
                                              -4.375 0.64999998 5.5599999,
                                              -4.2249999 2e-015 6.8099999,
                                              -4.2249999 0.64999998 6.5599999,
                                              -4.375 2e-015 6.8099999,
                                              -4.375 0.64999998 6.5599999,
                                              -4.375 2e-015 6.8099999,
                                              -4.2249999 2e-015 6.8099999,
                                              -4.2249999 2e-015 6.8049998,
                                              -4.375 2e-015 6.8049998,
                                              -4.2249999 2e-015 6.8049998,
                                              -4.375 2e-015 6.8049998,
                                              -4.2249999 -0.94999999 6.8049998,
                                              -4.2249999 -0.95999998 6.8049998,
                                              -4.2249999 -2.3 6.8049998,
                                              -3.5 -2.3 6.8049998,
                                              -3.5 -2.4000001 6.8049998,
                                              -4.375 -2.4000001 6.8049998,
                                              -4.375 -2.4000001 6.8049998,
                                              -4.375 -2.4000001 4.4450002,
                                              -3.5 -2.4000001 6.8049998,
                                              -3.5 -2.4000001 6,
                                              3.5 -2.4000001 6,
                                              3.5 -2.4000001 6.8049998,
                                              4.375 -2.4000001 6.8049998,
                                              4.375 -2.4000001 4.4450002,
                                              3.175 -2.4000001 4.4450002,
                                              3.175 -2.4000001 -6.8049998,
                                              -3.175 -2.4000001 -6.8049998,
                                              -3.175 -2.4000001 4.4450002,
                                              -3.175 -2.4000001 4.4450002,
                                              -3.2399666 -2.3982401 4.4450002,
                                              -3.3047428 -2.3929656 4.4450002,
                                              -3.3691385 -2.3841918 4.4450002,
                                              -3.4329646 -2.3719447 4.4450002,
                                              -3.4960339 -2.3562601 4.4450002,
                                              -3.5581617 -2.3371837 4.4450002,
                                              -3.6191659 -2.3147721 4.4450002,
                                              -3.6788669 -2.2890904 4.4450002,
                                              -3.7370901 -2.2602146 4.4450002,
                                              -3.7936647 -2.2282286 4.4450002,
                                              -3.8484244 -2.1932268 4.4450002,
                                              -3.9012091 -2.1553116 4.4450002,
                                              -3.9518635 -2.1145945 4.4450002,
                                              -4.0002394 -2.0711946 4.4450002,
                                              -4.0461946 -2.0252395 4.4450002,
                                              -4.0895944 -1.9768635 4.4450002,
                                              -4.1303115 -1.9262091 4.4450002,
                                              -4.1682267 -1.8734245 4.4450002,
                                              -4.2032285 -1.8186647 4.4450002,
                                              -4.2352142 -1.7620901 4.4450002,
                                              -4.2640905 -1.703867 4.4450002,
                                              -4.289772 -1.6441658 4.4450002,
                                              -4.3121839 -1.5831618 4.4450002,
                                              -4.3312602 -1.521034 4.4450002,
                                              -4.3469448 -1.4579645 4.4450002,
                                              -4.3591919 -1.3941385 4.4450002,
                                              -4.3679657 -1.3297428 4.4450002,
                                              -4.37324 -1.2649667 4.4450002,
                                              -4.375 -1.2 4.4450002,
                                              -4.375 -2.4000001 4.4450002,
                                              -4.375 -1.2 4.4450002,
                                              -4.375 -0.80000001 4.4450002,
                                              -4.3735862 -1.1417651 4.4450002,
                                              -4.369348 -1.0836675 4.4450002,
                                              -4.3622952 -1.025844 4.4450002,
                                              -4.3524446 -0.96843082 4.4450002,
                                              -4.3398194 -0.9115634 4.4450002,
                                              -4.3244495 -0.85537565 4.4450002,
                                              -4.3063707 -0.80000001 4.4450002,
                                              -4.2249999 -0.5 6.3099999,
                                              -4.2249999 -0.5 5.8099999,
                                              -4.375 -0.5 6.3099999,
                                              -4.375 -0.5 5.8099999,
                                              -4.2249999 0 6.3099999,
                                              -4.2249999 -0.5 6.3099999,
                                              -4.375 0 6.3099999,
                                              -4.375 -0.5 6.3099999,
                                              -4.2249999 0 5.8099999,
                                              -4.2249999 0 6.3099999,
                                              -4.375 0 5.8099999,
                                              -4.375 0 6.3099999,
                                              -4.2249999 -0.5 5.8099999,
                                              -4.2249999 0 5.8099999,
                                              -4.375 -0.5 5.8099999,
                                              -4.375 0 5.8099999,
                                              -4.2249999 -0.5 6.3099999,
                                              -4.2249999 -0.5 5.8099999,
                                              -4.2249999 0 6.3099999,
                                              -4.2249999 0 5.8099999,
                                              -4.2249999 -0.80000001 4.4450002,
                                              -4.2249999 -0.95999998 4.4450002,
                                              -4.2249999 -0.80000001 5.3099999,
                                              -4.2249999 0 5.3099999,
                                              -4.2249999 0.64999998 5.5599999,
                                              -4.2249999 0.64999998 6.5599999,
                                              -4.2249999 2e-015 6.8099999,
                                              -4.2249999 2e-015 6.8049998,
                                              -4.2249999 -0.94999999 6.8049998,
                                              -4.2249999 -0.94999999 4.8049998,
                                              -4.2249999 -0.95999998 4.8049998,
                                              -4.2249999 -0.80000001 4.4450002,
                                              -4.2249999 -0.95999998 4.4450002,
                                              -4.0915151 -0.80000001 4.4450002,
                                              -4.1457729 -0.95999998 4.4450002,
                                              -4.1347589 -0.91917497 4.4450002,
                                              -4.1220288 -0.87885207 4.4450002,
                                              -4.1076059 -0.8391034 4.4450002,
                                              -3.175 -2.2 -6.8049998,
                                              -3.2300878 -2.1984816 -6.8049998,
                                              -3.2850082 -2.1939306 -6.8049998,
                                              -3.3395946 -2.1863613 -6.8049998,
                                              -3.393681 -2.1757963 -6.8049998,
                                              -3.4471035 -2.1622679 -6.8049998,
                                              -3.4996994 -2.1458173 -6.8049998,
                                              -3.5513093 -2.1264942 -6.8049998,
                                              -3.6017764 -2.1043572 -6.8049998,
                                              -3.6509473 -2.0794737 -6.8049998,
                                              -3.698673 -2.0519195 -6.8049998,
                                              -3.744808 -2.0217779 -6.8049998,
                                              -3.7892127 -1.9891405 -6.8049998,
                                              -3.8317521 -1.9541066 -6.8049998,
                                              -3.8722968 -1.9167825 -6.8049998,
                                              -3.9107239 -1.8772815 -6.8049998,
                                              -3.9469166 -1.8357238 -6.8049998,
                                              -3.9807651 -1.7922353 -6.8049998,
                                              -4.0121665 -1.7469481 -6.8049998,
                                              -4.0410256 -1.7 -6.8049998,
                                              -4.0672541 -1.6515334 -6.8049998,
                                              -4.0907731 -1.6016954 -6.8049998,
                                              -4.1115112 -1.5506376 -6.8049998,
                                              -4.129405 -1.4985148 -6.8049998,
                                              -4.1444001 -1.4454855 -6.8049998,
                                              -4.1564517 -1.3917106 -6.8049998,
                                              -4.1655221 -1.3373536 -6.8049998,
                                              -4.1715846 -1.2825793 -6.8049998,
                                              -4.1746202 -1.2275543 -6.8049998,
                                              -4.1746202 -1.1724457 -6.8049998,
                                              -4.1715846 -1.1174207 -6.8049998,
                                              -4.1655221 -1.0626464 -6.8049998,
                                              -4.1564517 -1.0082893 -6.8049998,
                                              -4.1444001 -0.9545145 -6.8049998,
                                              -4.129405 -0.9014852 -6.8049998,
                                              -4.1115112 -0.84936243 -6.8049998,
                                              -4.0907731 -0.79830456 -6.8049998,
                                              -4.0672541 -0.74846667 -6.8049998,
                                              -4.0410256 -0.69999999 -6.8049998,
                                              -4.0121665 -0.65305185 -6.8049998,
                                              -3.9807651 -0.60776472 -6.8049998,
                                              -3.9469166 -0.56427628 -6.8049998,
                                              -3.9107239 -0.52271843 -6.8049998,
                                              -3.8722968 -0.48321748 -6.8049998,
                                              -3.8317521 -0.44589338 -6.8049998,
                                              -3.7892127 -0.4108595 -6.8049998,
                                              -3.744808 -0.3782222 -6.8049998,
                                              -3.698673 -0.34808061 -6.8049998,
                                              -3.6509473 -0.32052624 -6.8049998,
                                              -3.6017764 -0.29564285 -6.8049998,
                                              -3.5513093 -0.27350593 -6.8049998,
                                              -3.4996994 -0.25418276 -6.8049998,
                                              -3.4471035 -0.23773199 -6.8049998,
                                              -3.393681 -0.22420362 -6.8049998,
                                              -3.3395946 -0.21363869 -6.8049998,
                                              -3.2850082 -0.20606932 -6.8049998,
                                              -3.2300878 -0.20151849 -6.8049998,
                                              -3.175 -0.2 -6.8049998,
                                              -3.175 -2.2 4.4450002,
                                              -3.2299166 -2.1984909 4.4450002,
                                              -3.2846675 -2.1939683 4.4450002,
                                              -3.3390875 -2.1864457 4.4450002,
                                              -3.3930123 -2.175946 4.4450002,
                                              -3.446279 -2.1625009 4.4450002,
                                              -3.4987268 -2.1461506 4.4450002,
                                              -3.5501978 -2.1269448 4.4450002,
                                              -3.6005363 -2.1049414 4.4450002,
                                              -3.6495905 -2.0802066 4.4450002,
                                              -3.6972125 -2.0528154 4.4450002,
                                              -3.743258 -2.0228503 4.4450002,
                                              -3.7875888 -1.9904017 4.4450002,
                                              -3.8300705 -1.9555677 4.4450002,
                                              -3.8705752 -1.9184532 4.4450002,
                                              -3.9089806 -1.8791703 4.4450002,
                                              -3.9451709 -1.8378377 4.4450002,
                                              -3.9790366 -1.7945799 4.4450002,
                                              -4.0104756 -1.7495277 4.4450002,
                                              -4.0393929 -1.7028168 4.4450002,
                                              -4.0657015 -1.6545885 4.4450002,
                                              -4.0893221 -1.6049881 4.4450002,
                                              -4.1101828 -1.5541655 4.4450002,
                                              -4.128221 -1.5022739 4.4450002,
                                              -4.1433825 -1.44947 4.4450002,
                                              -4.1556211 -1.3959132 4.4450002,
                                              -4.1649003 -1.3417652 4.4450002,
                                              -4.1711917 -1.2871891 4.4450002,
                                              -4.1744766 -1.23235 4.4450002,
                                              -4.1747451 -1.1774133 4.4450002,
                                              -4.1719956 -1.1225448 4.4450002,
                                              -4.1662378 -1.06791 4.4450002,
                                              -4.1574879 -1.0136738 4.4450002,
                                              -4.1457729 -0.95999998 4.4450002,
                                              -4.1347589 -0.91917497 4.4450002,
                                              -4.1220288 -0.87885207 4.4450002,
                                              -4.1076059 -0.8391034 4.4450002,
                                              -4.0915151 -0.80000001 4.4450002,
                                              -4.0915151 -0.80000001 4.3099999,
                                              -4.0680485 -0.75003994 4.3099999,
                                              -4.0418615 -0.70145077 4.3099999,
                                              -4.0130329 -0.6543805 4.3099999,
                                              -3.9816515 -0.60897255 4.3099999,
                                              -3.9478123 -0.56536525 4.3099999,
                                              -3.9116185 -0.52369153 4.3099999,
                                              -3.8731806 -0.48407832 4.3099999,
                                              -3.8326156 -0.44664627 4.3099999,
                                              -3.7900469 -0.41150945 4.3099999,
                                              -3.7456043 -0.37877491 4.3099999,
                                              -3.6994236 -0.34854239 4.3099999,
                                              -3.6516447 -0.32090402 4.3099999,
                                              -3.6024139 -0.29594395 4.3099999,
                                              -3.5518808 -0.27373824 4.3099999,
                                              -3.5001996 -0.25435457 4.3099999,
                                              -3.4475274 -0.23785199 4.3099999,
                                              -3.3940251 -0.22428076 4.3099999,
                                              -3.3398554 -0.21368225 4.3099999,
                                              -3.2851834 -0.20608872 4.3099999,
                                              -3.2301757 -0.20152335 4.3099999,
                                              -3.175 -0.2 4.3099999,
                                              3.175 -2e-015 4.3099999,
                                              3.2391932 -0.0017182224 4.3099999,
                                              3.3032029 -0.0068679694 4.3099999,
                                              3.3668451 -0.015434493 4.3099999,
                                              3.4299381 -0.027393261 4.3099999,
                                              3.492301 -0.042710029 4.3099999,
                                              3.5537553 -0.061340932 4.3099999,
                                              3.6141248 -0.083232619 4.3099999,
                                              3.6732368 -0.1083224 4.3099999,
                                              3.7309222 -0.13653842 4.3099999,
                                              3.7870154 -0.16779988 4.3099999,
                                              3.841356 -0.20201725 4.3099999,
                                              3.8937886 -0.23909254 4.3099999,
                                              3.9441624 -0.27891961 4.3099999,
                                              3.9923339 -0.32138437 4.3099999,
                                              4.0381646 -0.36636522 4.3099999,
                                              4.0815234 -0.41373333 4.3099999,
                                              4.1222863 -0.46335313 4.3099999,
                                              4.1603365 -0.51508242 4.3099999,
                                              4.1955647 -0.56877315 4.3099999,
                                              4.2278705 -0.62427151 4.3099999,
                                              4.2571616 -0.68141854 4.3099999,
                                              4.2833533 -0.74005073 4.3099999,
                                              4.3063707 -0.80000001 4.3099999,
                                              4.0915151 -0.80000001 4.3099999,
                                              3.175 -0.2 4.3099999,
                                              3.2301757 -0.20152335 4.3099999,
                                              3.2851834 -0.20608872 4.3099999,
                                              3.3398554 -0.21368225 4.3099999,
                                              3.3940251 -0.22428076 4.3099999,
                                              3.4475274 -0.23785199 4.3099999,
                                              3.5001996 -0.25435457 4.3099999,
                                              3.5518808 -0.27373824 4.3099999,
                                              3.6024139 -0.29594395 4.3099999,
                                              3.6516447 -0.32090402 4.3099999,
                                              3.6994236 -0.34854239 4.3099999,
                                              3.7456043 -0.37877491 4.3099999,
                                              3.7900469 -0.41150945 4.3099999,
                                              3.8326156 -0.44664627 4.3099999,
                                              3.8731806 -0.48407832 4.3099999,
                                              3.9116185 -0.52369153 4.3099999,
                                              3.9478123 -0.56536525 4.3099999,
                                              3.9816515 -0.60897255 4.3099999,
                                              4.0130329 -0.6543805 4.3099999,
                                              4.0418615 -0.70145077 4.3099999,
                                              4.0680485 -0.75003994 4.3099999,
                                              -3.175 -0.2 4.3099999,
                                              -4.0915151 -0.80000001 4.3099999,
                                              -4.0680485 -0.75003994 4.3099999,
                                              -4.0418615 -0.70145077 4.3099999,
                                              -4.0130329 -0.6543805 4.3099999,
                                              -3.9816515 -0.60897255 4.3099999,
                                              -3.9478123 -0.56536525 4.3099999,
                                              -3.9116185 -0.52369153 4.3099999,
                                              -3.8731806 -0.48407832 4.3099999,
                                              -3.8326156 -0.44664627 4.3099999,
                                              -3.7900469 -0.41150945 4.3099999,
                                              -3.7456043 -0.37877491 4.3099999,
                                              -3.6994236 -0.34854239 4.3099999,
                                              -3.6516447 -0.32090402 4.3099999,
                                              -3.6024139 -0.29594395 4.3099999,
                                              -3.5518808 -0.27373824 4.3099999,
                                              -3.5001996 -0.25435457 4.3099999,
                                              -3.4475274 -0.23785199 4.3099999,
                                              -3.3940251 -0.22428076 4.3099999,
                                              -3.3398554 -0.21368225 4.3099999,
                                              -3.2851834 -0.20608872 4.3099999,
                                              -3.2301757 -0.20152335 4.3099999,
                                              -4.3063707 -0.80000001 4.3099999,
                                              -4.2833533 -0.74005073 4.3099999,
                                              -4.2571616 -0.68141854 4.3099999,
                                              -4.2278705 -0.62427151 4.3099999,
                                              -4.1955647 -0.56877315 4.3099999,
                                              -4.1603365 -0.51508242 4.3099999,
                                              -4.1222863 -0.46335313 4.3099999,
                                              -4.0815234 -0.41373333 4.3099999,
                                              -4.0381646 -0.36636522 4.3099999,
                                              -3.9923339 -0.32138437 4.3099999,
                                              -3.9441624 -0.27891961 4.3099999,
                                              -3.8937886 -0.23909254 4.3099999,
                                              -3.841356 -0.20201725 4.3099999,
                                              -3.7870154 -0.16779988 4.3099999,
                                              -3.7309222 -0.13653842 4.3099999,
                                              -3.6732368 -0.1083224 4.3099999,
                                              -3.6141248 -0.083232619 4.3099999,
                                              -3.5537553 -0.061340932 4.3099999,
                                              -3.492301 -0.042710029 4.3099999,
                                              -3.4299381 -0.027393261 4.3099999,
                                              -3.3668451 -0.015434493 4.3099999,
                                              -3.3032029 -0.0068679694 4.3099999,
                                              -3.2391932 -0.0017182224 4.3099999,
                                              -3.175 -2e-015 4.3099999,
                                              -3.175 -2.4000001 -6.8049998,
                                              -3.175 -2.4000001 4.4450002,
                                              -3.2399666 -2.3982401 4.4450002,
                                              -3.3047428 -2.3929656 4.4450002,
                                              -3.3691385 -2.3841918 4.4450002,
                                              -3.4329646 -2.3719447 4.4450002,
                                              -3.4960339 -2.3562601 4.4450002,
                                              -3.5581617 -2.3371837 4.4450002,
                                              -3.6191659 -2.3147721 4.4450002,
                                              -3.6788669 -2.2890904 4.4450002,
                                              -3.7370901 -2.2602146 4.4450002,
                                              -3.7936647 -2.2282286 4.4450002,
                                              -3.8484244 -2.1932268 4.4450002,
                                              -3.9012091 -2.1553116 4.4450002,
                                              -3.9518635 -2.1145945 4.4450002,
                                              -4.0002394 -2.0711946 4.4450002,
                                              -4.0461946 -2.0252395 4.4450002,
                                              -4.0895944 -1.9768635 4.4450002,
                                              -4.1303115 -1.9262091 4.4450002,
                                              -4.1682267 -1.8734245 4.4450002,
                                              -4.2032285 -1.8186647 4.4450002,
                                              -4.2352142 -1.7620901 4.4450002,
                                              -4.2640905 -1.703867 4.4450002,
                                              -4.289772 -1.6441658 4.4450002,
                                              -4.3121839 -1.5831618 4.4450002,
                                              -4.3312602 -1.521034 4.4450002,
                                              -4.3469448 -1.4579645 4.4450002,
                                              -4.3591919 -1.3941385 4.4450002,
                                              -4.3679657 -1.3297428 4.4450002,
                                              -4.37324 -1.2649667 4.4450002,
                                              -4.375 -1.2 4.4450002,
                                              -4.3735862 -1.1417651 4.4450002,
                                              -4.369348 -1.0836675 4.4450002,
                                              -4.3622952 -1.025844 4.4450002,
                                              -4.3524446 -0.96843082 4.4450002,
                                              -4.3398194 -0.9115634 4.4450002,
                                              -4.3244495 -0.85537565 4.4450002,
                                              -4.3063707 -0.80000001 4.4450002,
                                              -4.3063707 -0.80000001 4.3099999,
                                              -4.2833533 -0.74005073 4.3099999,
                                              -4.2571616 -0.68141854 4.3099999,
                                              -4.2278705 -0.62427151 4.3099999,
                                              -4.1955647 -0.56877315 4.3099999,
                                              -4.1603365 -0.51508242 4.3099999,
                                              -4.1222863 -0.46335313 4.3099999,
                                              -4.0815234 -0.41373333 4.3099999,
                                              -4.0381646 -0.36636522 4.3099999,
                                              -3.9923339 -0.32138437 4.3099999,
                                              -3.9441624 -0.27891961 4.3099999,
                                              -3.8937886 -0.23909254 4.3099999,
                                              -3.841356 -0.20201725 4.3099999,
                                              -3.7870154 -0.16779988 4.3099999,
                                              -3.7309222 -0.13653842 4.3099999,
                                              -3.6732368 -0.1083224 4.3099999,
                                              -3.6141248 -0.083232619 4.3099999,
                                              -3.5537553 -0.061340932 4.3099999,
                                              -3.492301 -0.042710029 4.3099999,
                                              -3.4299381 -0.027393261 4.3099999,
                                              -3.3668451 -0.015434493 4.3099999,
                                              -3.3032029 -0.0068679694 4.3099999,
                                              -3.2391932 -0.0017182224 4.3099999,
                                              -3.175 -2e-015 4.3099999,
                                              -3.175 -2e-015 -6.8049998,
                                              -4.375 -1.2 -6.8049998,
                                              -4.37324 -1.1350334 -6.8049998,
                                              -4.3679657 -1.0702572 -6.8049998,
                                              -4.3591919 -1.0058616 -6.8049998,
                                              -4.3469448 -0.9420355 -6.8049998,
                                              -4.3312602 -0.87896597 -6.8049998,
                                              -4.3121839 -0.81683815 -6.8049998,
                                              -4.289772 -0.75583422 -6.8049998,
                                              -4.2640905 -0.69613308 -6.8049998,
                                              -4.2352142 -0.63790989 -6.8049998,
                                              -4.2032285 -0.58133537 -6.8049998,
                                              -4.1682267 -0.52657551 -6.8049998,
                                              -4.1303115 -0.47379094 -6.8049998,
                                              -4.0895944 -0.42313647 -6.8049998,
                                              -4.0461946 -0.37476066 -6.8049998,
                                              -4.0002394 -0.32880542 -6.8049998,
                                              -3.9518635 -0.28540555 -6.8049998,
                                              -3.9012091 -0.24468832 -6.8049998,
                                              -3.8484244 -0.20677321 -6.8049998,
                                              -3.7936647 -0.17177139 -6.8049998,
                                              -3.7370901 -0.13978554 -6.8049998,
                                              -3.6788669 -0.1109095 -6.8049998,
                                              -3.6191659 -0.085227937 -6.8049998,
                                              -3.5581617 -0.062816195 -6.8049998,
                                              -3.4960339 -0.043740008 -6.8049998,
                                              -3.4329646 -0.028055333 -6.8049998,
                                              -3.3691385 -0.015808173 -6.8049998,
                                              -3.3047428 -0.0070344512 -6.8049998,
                                              -3.2399666 -0.0017599034 -6.8049998,
                                              -3.2399666 -2.3982401 -6.8049998,
                                              -3.3047428 -2.3929656 -6.8049998,
                                              -3.3691385 -2.3841918 -6.8049998,
                                              -3.4329646 -2.3719447 -6.8049998,
                                              -3.4960339 -2.3562601 -6.8049998,
                                              -3.5581617 -2.3371837 -6.8049998,
                                              -3.6191659 -2.3147721 -6.8049998,
                                              -3.6788669 -2.2890904 -6.8049998,
                                              -3.7370901 -2.2602146 -6.8049998,
                                              -3.7936647 -2.2282286 -6.8049998,
                                              -3.8484244 -2.1932268 -6.8049998,
                                              -3.9012091 -2.1553116 -6.8049998,
                                              -3.9518635 -2.1145945 -6.8049998,
                                              -4.0002394 -2.0711946 -6.8049998,
                                              -4.0461946 -2.0252395 -6.8049998,
                                              -4.0895944 -1.9768635 -6.8049998,
                                              -4.1303115 -1.9262091 -6.8049998,
                                              -4.1682267 -1.8734245 -6.8049998,
                                              -4.2032285 -1.8186647 -6.8049998,
                                              -4.2352142 -1.7620901 -6.8049998,
                                              -4.2640905 -1.703867 -6.8049998,
                                              -4.289772 -1.6441658 -6.8049998,
                                              -4.3121839 -1.5831618 -6.8049998,
                                              -4.3312602 -1.521034 -6.8049998,
                                              -4.3469448 -1.4579645 -6.8049998,
                                              -4.3591919 -1.3941385 -6.8049998,
                                              -4.3679657 -1.3297428 -6.8049998,
                                              -4.37324 -1.2649667 -6.8049998,
                                              -3.5 -2.4000001 6.8049998,
                                              -3.5 -2.4000001 6,
                                              -3.5 -2.3 6.8049998,
                                              -3.5 -2.3 6,
                                              -4.2249999 -2.3 6.8049998,
                                              -3.5 -2.3 6.8049998,
                                              -4.2249999 -2.3 4.8049998,
                                              4.2249999 -2.3 4.8049998,
                                              4.2249999 -2.3 6.8049998,
                                              3.5 -2.3 6.8049998,
                                              3.5 -2.3 6,
                                              -3.5 -2.3 6,
                                              -4.2249999 -0.95999998 6.8049998,
                                              -4.2249999 -2.3 6.8049998,
                                              -4.2249999 -0.95999998 4.8049998,
                                              -4.2249999 -2.3 4.8049998,
                                              -4.2249999 -0.95999998 4.8049998,
                                              -4.2249999 -0.95999998 6.8049998,
                                              -4.2249999 -0.94999999 4.8049998,
                                              -4.2249999 -0.94999999 6.8049998,
                                              -4.375 -1.2 -6.8049998,
                                              -4.37324 -1.1350334 -6.8049998,
                                              -4.3679657 -1.0702572 -6.8049998,
                                              -4.3591919 -1.0058616 -6.8049998,
                                              -4.3469448 -0.9420355 -6.8049998,
                                              -4.3312602 -0.87896597 -6.8049998,
                                              -4.3121839 -0.81683815 -6.8049998,
                                              -4.289772 -0.75583422 -6.8049998,
                                              -4.2640905 -0.69613308 -6.8049998,
                                              -4.2352142 -0.63790989 -6.8049998,
                                              -4.2032285 -0.58133537 -6.8049998,
                                              -4.1682267 -0.52657551 -6.8049998,
                                              -4.1303115 -0.47379094 -6.8049998,
                                              -4.0895944 -0.42313647 -6.8049998,
                                              -4.0461946 -0.37476066 -6.8049998,
                                              -4.0002394 -0.32880542 -6.8049998,
                                              -3.9518635 -0.28540555 -6.8049998,
                                              -3.9012091 -0.24468832 -6.8049998,
                                              -3.8484244 -0.20677321 -6.8049998,
                                              -3.7936647 -0.17177139 -6.8049998,
                                              -3.7370901 -0.13978554 -6.8049998,
                                              -3.6788669 -0.1109095 -6.8049998,
                                              -3.6191659 -0.085227937 -6.8049998,
                                              -3.5581617 -0.062816195 -6.8049998,
                                              -3.4960339 -0.043740008 -6.8049998,
                                              -3.4329646 -0.028055333 -6.8049998,
                                              -3.3691385 -0.015808173 -6.8049998,
                                              -3.3047428 -0.0070344512 -6.8049998,
                                              -3.2399666 -0.0017599034 -6.8049998,
                                              -3.175 -2e-015 -6.8049998,
                                              -3.175 -2.4000001 -6.8049998,
                                              -3.2399666 -2.3982401 -6.8049998,
                                              -3.3047428 -2.3929656 -6.8049998,
                                              -3.3691385 -2.3841918 -6.8049998,
                                              -3.4329646 -2.3719447 -6.8049998,
                                              -3.4960339 -2.3562601 -6.8049998,
                                              -3.5581617 -2.3371837 -6.8049998,
                                              -3.6191659 -2.3147721 -6.8049998,
                                              -3.6788669 -2.2890904 -6.8049998,
                                              -3.7370901 -2.2602146 -6.8049998,
                                              -3.7936647 -2.2282286 -6.8049998,
                                              -3.8484244 -2.1932268 -6.8049998,
                                              -3.9012091 -2.1553116 -6.8049998,
                                              -3.9518635 -2.1145945 -6.8049998,
                                              -4.0002394 -2.0711946 -6.8049998,
                                              -4.0461946 -2.0252395 -6.8049998,
                                              -4.0895944 -1.9768635 -6.8049998,
                                              -4.1303115 -1.9262091 -6.8049998,
                                              -4.1682267 -1.8734245 -6.8049998,
                                              -4.2032285 -1.8186647 -6.8049998,
                                              -4.2352142 -1.7620901 -6.8049998,
                                              -4.2640905 -1.703867 -6.8049998,
                                              -4.289772 -1.6441658 -6.8049998,
                                              -4.3121839 -1.5831618 -6.8049998,
                                              -4.3312602 -1.521034 -6.8049998,
                                              -4.3469448 -1.4579645 -6.8049998,
                                              -4.3591919 -1.3941385 -6.8049998,
                                              -4.3679657 -1.3297428 -6.8049998,
                                              -4.37324 -1.2649667 -6.8049998,
                                              3.175 -2.4000001 -6.8049998,
                                              4.375 -1.2 -6.8049998,
                                              4.37324 -1.2649667 -6.8049998,
                                              4.3679657 -1.3297428 -6.8049998,
                                              4.3591919 -1.3941385 -6.8049998,
                                              4.3469448 -1.4579645 -6.8049998,
                                              4.3312602 -1.521034 -6.8049998,
                                              4.3121839 -1.5831618 -6.8049998,
                                              4.289772 -1.6441658 -6.8049998,
                                              4.2640905 -1.703867 -6.8049998,
                                              4.2352142 -1.7620901 -6.8049998,
                                              4.2032285 -1.8186647 -6.8049998,
                                              4.1682267 -1.8734245 -6.8049998,
                                              4.1303115 -1.9262091 -6.8049998,
                                              4.0895944 -1.9768635 -6.8049998,
                                              4.0461946 -2.0252395 -6.8049998,
                                              4.0002394 -2.0711946 -6.8049998,
                                              3.9518635 -2.1145945 -6.8049998,
                                              3.9012091 -2.1553116 -6.8049998,
                                              3.8484244 -2.1932268 -6.8049998,
                                              3.7936647 -2.2282286 -6.8049998,
                                              3.7370901 -2.2602146 -6.8049998,
                                              3.6788669 -2.2890904 -6.8049998,
                                              3.6191659 -2.3147721 -6.8049998,
                                              3.5581617 -2.3371837 -6.8049998,
                                              3.4960339 -2.3562601 -6.8049998,
                                              3.4329646 -2.3719447 -6.8049998,
                                              3.3691385 -2.3841918 -6.8049998,
                                              3.3047428 -2.3929656 -6.8049998,
                                              3.2399666 -2.3982401 -6.8049998,
                                              3.175 -2e-015 -6.8049998,
                                              3.2399666 -0.0017599034 -6.8049998,
                                              3.3047428 -0.0070344512 -6.8049998,
                                              3.3691385 -0.015808173 -6.8049998,
                                              3.4329646 -0.028055333 -6.8049998,
                                              3.4960339 -0.043740008 -6.8049998,
                                              3.5581617 -0.062816195 -6.8049998,
                                              3.6191659 -0.085227937 -6.8049998,
                                              3.6788669 -0.1109095 -6.8049998,
                                              3.7370901 -0.13978554 -6.8049998,
                                              3.7936647 -0.17177139 -6.8049998,
                                              3.8484244 -0.20677321 -6.8049998,
                                              3.9012091 -0.24468832 -6.8049998,
                                              3.9518635 -0.28540555 -6.8049998,
                                              4.0002394 -0.32880542 -6.8049998,
                                              4.0461946 -0.37476066 -6.8049998,
                                              4.0895944 -0.42313647 -6.8049998,
                                              4.1303115 -0.47379094 -6.8049998,
                                              4.1682267 -0.52657551 -6.8049998,
                                              4.2032285 -0.58133537 -6.8049998,
                                              4.2352142 -0.63790989 -6.8049998,
                                              4.2640905 -0.69613308 -6.8049998,
                                              4.289772 -0.75583422 -6.8049998,
                                              4.3121839 -0.81683815 -6.8049998,
                                              4.3312602 -0.87896597 -6.8049998,
                                              4.3469448 -0.9420355 -6.8049998,
                                              4.3591919 -1.0058616 -6.8049998,
                                              4.3679657 -1.0702572 -6.8049998,
                                              4.37324 -1.1350334 -6.8049998,
                                              -3.175 -2.2 -6.8049998,
                                              3.175 -2.2 -6.8049998,
                                              -3.2300878 -2.1984816 -6.8049998,
                                              -3.2850082 -2.1939306 -6.8049998,
                                              -3.3395946 -2.1863613 -6.8049998,
                                              -3.393681 -2.1757963 -6.8049998,
                                              -3.4471035 -2.1622679 -6.8049998,
                                              -3.4996994 -2.1458173 -6.8049998,
                                              -3.5513093 -2.1264942 -6.8049998,
                                              -3.6017764 -2.1043572 -6.8049998,
                                              -3.6509473 -2.0794737 -6.8049998,
                                              -3.698673 -2.0519195 -6.8049998,
                                              -3.744808 -2.0217779 -6.8049998,
                                              -3.7892127 -1.9891405 -6.8049998,
                                              -3.8317521 -1.9541066 -6.8049998,
                                              -3.8722968 -1.9167825 -6.8049998,
                                              -3.9107239 -1.8772815 -6.8049998,
                                              -3.9469166 -1.8357238 -6.8049998,
                                              -3.9807651 -1.7922353 -6.8049998,
                                              -4.0121665 -1.7469481 -6.8049998,
                                              -4.0410256 -1.7 -6.8049998,
                                              -4.0672541 -1.6515334 -6.8049998,
                                              -4.0907731 -1.6016954 -6.8049998,
                                              -4.1115112 -1.5506376 -6.8049998,
                                              -4.129405 -1.4985148 -6.8049998,
                                              -4.1444001 -1.4454855 -6.8049998,
                                              -4.1564517 -1.3917106 -6.8049998,
                                              -4.1655221 -1.3373536 -6.8049998,
                                              -4.1715846 -1.2825793 -6.8049998,
                                              -4.1746202 -1.2275543 -6.8049998,
                                              -4.1746202 -1.1724457 -6.8049998,
                                              -4.1715846 -1.1174207 -6.8049998,
                                              -4.1655221 -1.0626464 -6.8049998,
                                              -4.1564517 -1.0082893 -6.8049998,
                                              -4.1444001 -0.9545145 -6.8049998,
                                              -4.129405 -0.9014852 -6.8049998,
                                              -4.1115112 -0.84936243 -6.8049998,
                                              -4.0907731 -0.79830456 -6.8049998,
                                              -4.0672541 -0.74846667 -6.8049998,
                                              -4.0410256 -0.69999999 -6.8049998,
                                              -4.0121665 -0.65305185 -6.8049998,
                                              -3.9807651 -0.60776472 -6.8049998,
                                              -3.9469166 -0.56427628 -6.8049998,
                                              -3.9107239 -0.52271843 -6.8049998,
                                              -3.8722968 -0.48321748 -6.8049998,
                                              -3.8317521 -0.44589338 -6.8049998,
                                              -3.7892127 -0.4108595 -6.8049998,
                                              -3.744808 -0.3782222 -6.8049998,
                                              -3.698673 -0.34808061 -6.8049998,
                                              -3.6509473 -0.32052624 -6.8049998,
                                              -3.6017764 -0.29564285 -6.8049998,
                                              -3.5513093 -0.27350593 -6.8049998,
                                              -3.4996994 -0.25418276 -6.8049998,
                                              -3.4471035 -0.23773199 -6.8049998,
                                              -3.393681 -0.22420362 -6.8049998,
                                              -3.3395946 -0.21363869 -6.8049998,
                                              -3.2850082 -0.20606932 -6.8049998,
                                              -3.2300878 -0.20151849 -6.8049998,
                                              -3.175 -0.2 -6.8049998,
                                              3.175 -0.2 -6.8049998,
                                              3.2300878 -0.20151849 -6.8049998,
                                              3.2850082 -0.20606932 -6.8049998,
                                              3.3395946 -0.21363869 -6.8049998,
                                              3.393681 -0.22420362 -6.8049998,
                                              3.4471035 -0.23773199 -6.8049998,
                                              3.4996994 -0.25418276 -6.8049998,
                                              3.5513093 -0.27350593 -6.8049998,
                                              3.6017764 -0.29564285 -6.8049998,
                                              3.6509473 -0.32052624 -6.8049998,
                                              3.698673 -0.34808061 -6.8049998,
                                              3.744808 -0.3782222 -6.8049998,
                                              3.7892127 -0.4108595 -6.8049998,
                                              3.8317521 -0.44589338 -6.8049998,
                                              3.8722968 -0.48321748 -6.8049998,
                                              3.9107239 -0.52271843 -6.8049998,
                                              3.9469166 -0.56427628 -6.8049998,
                                              3.9807651 -0.60776472 -6.8049998,
                                              4.0121665 -0.65305185 -6.8049998,
                                              4.0410256 -0.69999999 -6.8049998,
                                              4.0672541 -0.74846667 -6.8049998,
                                              4.0907731 -0.79830456 -6.8049998,
                                              4.1115112 -0.84936243 -6.8049998,
                                              4.129405 -0.9014852 -6.8049998,
                                              4.1444001 -0.9545145 -6.8049998,
                                              4.1564517 -1.0082893 -6.8049998,
                                              4.1655221 -1.0626464 -6.8049998,
                                              4.1715846 -1.1174207 -6.8049998,
                                              4.1746202 -1.1724457 -6.8049998,
                                              4.1746202 -1.2275543 -6.8049998,
                                              4.1715846 -1.2825793 -6.8049998,
                                              4.1655221 -1.3373536 -6.8049998,
                                              4.1564517 -1.3917106 -6.8049998,
                                              4.1444001 -1.4454855 -6.8049998,
                                              4.129405 -1.4985148 -6.8049998,
                                              4.1115112 -1.5506376 -6.8049998,
                                              4.0907731 -1.6016954 -6.8049998,
                                              4.0672541 -1.6515334 -6.8049998,
                                              4.0410256 -1.7 -6.8049998,
                                              4.0121665 -1.7469481 -6.8049998,
                                              3.9807651 -1.7922353 -6.8049998,
                                              3.9469166 -1.8357238 -6.8049998,
                                              3.9107239 -1.8772815 -6.8049998,
                                              3.8722968 -1.9167825 -6.8049998,
                                              3.8317521 -1.9541066 -6.8049998,
                                              3.7892127 -1.9891405 -6.8049998,
                                              3.744808 -2.0217779 -6.8049998,
                                              3.698673 -2.0519195 -6.8049998,
                                              3.6509473 -2.0794737 -6.8049998,
                                              3.6017764 -2.1043572 -6.8049998,
                                              3.5513093 -2.1264942 -6.8049998,
                                              3.4996994 -2.1458173 -6.8049998,
                                              3.4471035 -2.1622679 -6.8049998,
                                              3.393681 -2.1757963 -6.8049998,
                                              3.3395946 -2.1863613 -6.8049998,
                                              3.2850082 -2.1939306 -6.8049998,
                                              3.2300878 -2.1984816 -6.8049998,
                                              4.3063707 -0.80000001 4.4450002,
                                              4.3244495 -0.85537565 4.4450002,
                                              4.3398194 -0.9115634 4.4450002,
                                              4.3524446 -0.96843082 4.4450002,
                                              4.3622952 -1.025844 4.4450002,
                                              4.369348 -1.0836675 4.4450002,
                                              4.3735862 -1.1417651 4.4450002,
                                              4.375 -1.2 4.4450002,
                                              4.37324 -1.2649667 4.4450002,
                                              4.3679657 -1.3297428 4.4450002,
                                              4.3591919 -1.3941385 4.4450002,
                                              4.3469448 -1.4579645 4.4450002,
                                              4.3312602 -1.521034 4.4450002,
                                              4.3121839 -1.5831618 4.4450002,
                                              4.289772 -1.6441658 4.4450002,
                                              4.2640905 -1.703867 4.4450002,
                                              4.2352142 -1.7620901 4.4450002,
                                              4.2032285 -1.8186647 4.4450002,
                                              4.1682267 -1.8734245 4.4450002,
                                              4.1303115 -1.9262091 4.4450002,
                                              4.0895944 -1.9768635 4.4450002,
                                              4.0461946 -2.0252395 4.4450002,
                                              4.0002394 -2.0711946 4.4450002,
                                              3.9518635 -2.1145945 4.4450002,
                                              3.9012091 -2.1553116 4.4450002,
                                              3.8484244 -2.1932268 4.4450002,
                                              3.7936647 -2.2282286 4.4450002,
                                              3.7370901 -2.2602146 4.4450002,
                                              3.6788669 -2.2890904 4.4450002,
                                              3.6191659 -2.3147721 4.4450002,
                                              3.5581617 -2.3371837 4.4450002,
                                              3.4960339 -2.3562601 4.4450002,
                                              3.4329646 -2.3719447 4.4450002,
                                              3.3691385 -2.3841918 4.4450002,
                                              3.3047428 -2.3929656 4.4450002,
                                              3.2399666 -2.3982401 4.4450002,
                                              3.175 -2.4000001 4.4450002,
                                              3.175 -2.4000001 -6.8049998,
                                              4.375 -1.2 -6.8049998,
                                              4.37324 -1.2649667 -6.8049998,
                                              4.3679657 -1.3297428 -6.8049998,
                                              4.3591919 -1.3941385 -6.8049998,
                                              4.3469448 -1.4579645 -6.8049998,
                                              4.3312602 -1.521034 -6.8049998,
                                              4.3121839 -1.5831618 -6.8049998,
                                              4.289772 -1.6441658 -6.8049998,
                                              4.2640905 -1.703867 -6.8049998,
                                              4.2352142 -1.7620901 -6.8049998,
                                              4.2032285 -1.8186647 -6.8049998,
                                              4.1682267 -1.8734245 -6.8049998,
                                              4.1303115 -1.9262091 -6.8049998,
                                              4.0895944 -1.9768635 -6.8049998,
                                              4.0461946 -2.0252395 -6.8049998,
                                              4.0002394 -2.0711946 -6.8049998,
                                              3.9518635 -2.1145945 -6.8049998,
                                              3.9012091 -2.1553116 -6.8049998,
                                              3.8484244 -2.1932268 -6.8049998,
                                              3.7936647 -2.2282286 -6.8049998,
                                              3.7370901 -2.2602146 -6.8049998,
                                              3.6788669 -2.2890904 -6.8049998,
                                              3.6191659 -2.3147721 -6.8049998,
                                              3.5581617 -2.3371837 -6.8049998,
                                              3.4960339 -2.3562601 -6.8049998,
                                              3.4329646 -2.3719447 -6.8049998,
                                              3.3691385 -2.3841918 -6.8049998,
                                              3.3047428 -2.3929656 -6.8049998,
                                              3.2399666 -2.3982401 -6.8049998,
                                              3.175 -2e-015 -6.8049998,
                                              3.2399666 -0.0017599034 -6.8049998,
                                              3.3047428 -0.0070344512 -6.8049998,
                                              3.3691385 -0.015808173 -6.8049998,
                                              3.4329646 -0.028055333 -6.8049998,
                                              3.4960339 -0.043740008 -6.8049998,
                                              3.5581617 -0.062816195 -6.8049998,
                                              3.6191659 -0.085227937 -6.8049998,
                                              3.6788669 -0.1109095 -6.8049998,
                                              3.7370901 -0.13978554 -6.8049998,
                                              3.7936647 -0.17177139 -6.8049998,
                                              3.8484244 -0.20677321 -6.8049998,
                                              3.9012091 -0.24468832 -6.8049998,
                                              3.9518635 -0.28540555 -6.8049998,
                                              4.0002394 -0.32880542 -6.8049998,
                                              4.0461946 -0.37476066 -6.8049998,
                                              4.0895944 -0.42313647 -6.8049998,
                                              4.1303115 -0.47379094 -6.8049998,
                                              4.1682267 -0.52657551 -6.8049998,
                                              4.2032285 -0.58133537 -6.8049998,
                                              4.2352142 -0.63790989 -6.8049998,
                                              4.2640905 -0.69613308 -6.8049998,
                                              4.289772 -0.75583422 -6.8049998,
                                              4.3121839 -0.81683815 -6.8049998,
                                              4.3312602 -0.87896597 -6.8049998,
                                              4.3469448 -0.9420355 -6.8049998,
                                              4.3591919 -1.0058616 -6.8049998,
                                              4.3679657 -1.0702572 -6.8049998,
                                              4.37324 -1.1350334 -6.8049998,
                                              3.175 -2e-015 4.3099999,
                                              3.2391932 -0.0017182224 4.3099999,
                                              3.3032029 -0.0068679694 4.3099999,
                                              3.3668451 -0.015434493 4.3099999,
                                              3.4299381 -0.027393261 4.3099999,
                                              3.492301 -0.042710029 4.3099999,
                                              3.5537553 -0.061340932 4.3099999,
                                              3.6141248 -0.083232619 4.3099999,
                                              3.6732368 -0.1083224 4.3099999,
                                              3.7309222 -0.13653842 4.3099999,
                                              3.7870154 -0.16779988 4.3099999,
                                              3.841356 -0.20201725 4.3099999,
                                              3.8937886 -0.23909254 4.3099999,
                                              3.9441624 -0.27891961 4.3099999,
                                              3.9923339 -0.32138437 4.3099999,
                                              4.0381646 -0.36636522 4.3099999,
                                              4.0815234 -0.41373333 4.3099999,
                                              4.1222863 -0.46335313 4.3099999,
                                              4.1603365 -0.51508242 4.3099999,
                                              4.1955647 -0.56877315 4.3099999,
                                              4.2278705 -0.62427151 4.3099999,
                                              4.2571616 -0.68141854 4.3099999,
                                              4.2833533 -0.74005073 4.3099999,
                                              4.3063707 -0.80000001 4.3099999,
                                              4.375 -1.2 4.4450002,
                                              4.37324 -1.2649667 4.4450002,
                                              4.3679657 -1.3297428 4.4450002,
                                              4.3591919 -1.3941385 4.4450002,
                                              4.3469448 -1.4579645 4.4450002,
                                              4.3312602 -1.521034 4.4450002,
                                              4.3121839 -1.5831618 4.4450002,
                                              4.289772 -1.6441658 4.4450002,
                                              4.2640905 -1.703867 4.4450002,
                                              4.2352142 -1.7620901 4.4450002,
                                              4.2032285 -1.8186647 4.4450002,
                                              4.1682267 -1.8734245 4.4450002,
                                              4.1303115 -1.9262091 4.4450002,
                                              4.0895944 -1.9768635 4.4450002,
                                              4.0461946 -2.0252395 4.4450002,
                                              4.0002394 -2.0711946 4.4450002,
                                              3.9518635 -2.1145945 4.4450002,
                                              3.9012091 -2.1553116 4.4450002,
                                              3.8484244 -2.1932268 4.4450002,
                                              3.7936647 -2.2282286 4.4450002,
                                              3.7370901 -2.2602146 4.4450002,
                                              3.6788669 -2.2890904 4.4450002,
                                              3.6191659 -2.3147721 4.4450002,
                                              3.5581617 -2.3371837 4.4450002,
                                              3.4960339 -2.3562601 4.4450002,
                                              3.4329646 -2.3719447 4.4450002,
                                              3.3691385 -2.3841918 4.4450002,
                                              3.3047428 -2.3929656 4.4450002,
                                              3.2399666 -2.3982401 4.4450002,
                                              3.175 -2.4000001 4.4450002,
                                              4.375 -2.4000001 4.4450002,
                                              4.375 -0.5 6.3099999,
                                              4.375 -0.5 5.8099999,
                                              4.375 0 6.3099999,
                                              4.375 0 5.8099999,
                                              4.375 -1.2 4.4450002,
                                              4.375 -0.80000001 4.4450002,
                                              4.375 -0.80000001 5.3099999,
                                              4.375 0 5.3099999,
                                              4.375 0.64999998 5.5599999,
                                              4.375 0.64999998 6.5599999,
                                              4.375 1e-015 6.8099999,
                                              4.375 2e-015 6.8049998,
                                              4.375 -2.4000001 6.8049998,
                                              4.375 -2.4000001 4.4450002,
                                              4.375 2e-015 6.8049998,
                                              4.2249999 2e-015 6.8049998,
                                              4.375 -2.4000001 6.8049998,
                                              3.5 -2.4000001 6.8049998,
                                              3.5 -2.3 6.8049998,
                                              4.2249999 -2.3 6.8049998,
                                              4.2249999 -0.95999998 6.8049998,
                                              4.2249999 -0.94999999 6.8049998,
                                              3.5 -2.4000001 6,
                                              3.5 -2.4000001 6.8049998,
                                              3.5 -2.3 6,
                                              3.5 -2.3 6.8049998,
                                              -3.5 -2.4000001 6,
                                              3.5 -2.4000001 6,
                                              -3.5 -2.3 6,
                                              3.5 -2.3 6,
                                              -4.2249999 -0.95999998 4.8049998,
                                              4.2249999 -0.95999998 4.8049998,
                                              4.2249999 -0.95999998 4.4450002,
                                              4.1457729 -0.95999998 4.4450002,
                                              -4.1457729 -0.95999998 4.4450002,
                                              -4.2249999 -0.95999998 4.4450002,
                                              3.175 -0.2 -6.8049998,
                                              -3.175 -0.2 -6.8049998,
                                              3.175 -0.2 4.3099999,
                                              -3.175 -0.2 4.3099999,
                                              -3.175 -2.2 4.4450002,
                                              -3.2299166 -2.1984909 4.4450002,
                                              -3.2846675 -2.1939683 4.4450002,
                                              -3.3390875 -2.1864457 4.4450002,
                                              -3.3930123 -2.175946 4.4450002,
                                              -3.446279 -2.1625009 4.4450002,
                                              -3.4987268 -2.1461506 4.4450002,
                                              -3.5501978 -2.1269448 4.4450002,
                                              -3.6005363 -2.1049414 4.4450002,
                                              -3.6495905 -2.0802066 4.4450002,
                                              -3.6972125 -2.0528154 4.4450002,
                                              -3.743258 -2.0228503 4.4450002,
                                              -3.7875888 -1.9904017 4.4450002,
                                              -3.8300705 -1.9555677 4.4450002,
                                              -3.8705752 -1.9184532 4.4450002,
                                              -3.9089806 -1.8791703 4.4450002,
                                              -3.9451709 -1.8378377 4.4450002,
                                              -3.9790366 -1.7945799 4.4450002,
                                              -4.0104756 -1.7495277 4.4450002,
                                              -4.0393929 -1.7028168 4.4450002,
                                              -4.0657015 -1.6545885 4.4450002,
                                              -4.0893221 -1.6049881 4.4450002,
                                              -4.1101828 -1.5541655 4.4450002,
                                              -4.128221 -1.5022739 4.4450002,
                                              -4.1433825 -1.44947 4.4450002,
                                              -4.1556211 -1.3959132 4.4450002,
                                              -4.1649003 -1.3417652 4.4450002,
                                              -4.1711917 -1.2871891 4.4450002,
                                              -4.1744766 -1.23235 4.4450002,
                                              -4.1747451 -1.1774133 4.4450002,
                                              -4.1719956 -1.1225448 4.4450002,
                                              -4.1662378 -1.06791 4.4450002,
                                              -4.1574879 -1.0136738 4.4450002,
                                              -4.1457729 -0.95999998 4.4450002,
                                              3.175 -2.2 4.4450002,
                                              4.1457729 -0.95999998 4.4450002,
                                              4.1574879 -1.0136738 4.4450002,
                                              4.1662378 -1.06791 4.4450002,
                                              4.1719956 -1.1225448 4.4450002,
                                              4.1747451 -1.1774133 4.4450002,
                                              4.1744766 -1.23235 4.4450002,
                                              4.1711917 -1.2871891 4.4450002,
                                              4.1649003 -1.3417652 4.4450002,
                                              4.1556211 -1.3959132 4.4450002,
                                              4.1433825 -1.44947 4.4450002,
                                              4.128221 -1.5022739 4.4450002,
                                              4.1101828 -1.5541655 4.4450002,
                                              4.0893221 -1.6049881 4.4450002,
                                              4.0657015 -1.6545885 4.4450002,
                                              4.0393929 -1.7028168 4.4450002,
                                              4.0104756 -1.7495277 4.4450002,
                                              3.9790366 -1.7945799 4.4450002,
                                              3.9451709 -1.8378377 4.4450002,
                                              3.9089806 -1.8791703 4.4450002,
                                              3.8705752 -1.9184532 4.4450002,
                                              3.8300705 -1.9555677 4.4450002,
                                              3.7875888 -1.9904017 4.4450002,
                                              3.743258 -2.0228503 4.4450002,
                                              3.6972125 -2.0528154 4.4450002,
                                              3.6495905 -2.0802066 4.4450002,
                                              3.6005363 -2.1049414 4.4450002,
                                              3.5501978 -2.1269448 4.4450002,
                                              3.4987268 -2.1461506 4.4450002,
                                              3.446279 -2.1625009 4.4450002,
                                              3.3930123 -2.175946 4.4450002,
                                              3.3390875 -2.1864457 4.4450002,
                                              3.2846675 -2.1939683 4.4450002,
                                              3.2299166 -2.1984909 4.4450002,
                                              -3.175 -2.2 -6.8049998,
                                              -3.175 -2.2 4.4450002,
                                              3.175 -2.2 4.4450002,
                                              3.175 -2.2 -6.8049998,
                                              -3.175 -2e-015 -6.8049998,
                                              3.175 -2e-015 -6.8049998,
                                              -3.175 -2e-015 4.3099999,
                                              3.175 -2e-015 4.3099999,
                                              3.175 -0.2 -6.8049998,
                                              3.2300878 -0.20151849 -6.8049998,
                                              3.2850082 -0.20606932 -6.8049998,
                                              3.3395946 -0.21363869 -6.8049998,
                                              3.393681 -0.22420362 -6.8049998,
                                              3.4471035 -0.23773199 -6.8049998,
                                              3.4996994 -0.25418276 -6.8049998,
                                              3.5513093 -0.27350593 -6.8049998,
                                              3.6017764 -0.29564285 -6.8049998,
                                              3.6509473 -0.32052624 -6.8049998,
                                              3.698673 -0.34808061 -6.8049998,
                                              3.744808 -0.3782222 -6.8049998,
                                              3.7892127 -0.4108595 -6.8049998,
                                              3.8317521 -0.44589338 -6.8049998,
                                              3.8722968 -0.48321748 -6.8049998,
                                              3.9107239 -0.52271843 -6.8049998,
                                              3.9469166 -0.56427628 -6.8049998,
                                              3.9807651 -0.60776472 -6.8049998,
                                              4.0121665 -0.65305185 -6.8049998,
                                              4.0410256 -0.69999999 -6.8049998,
                                              4.0672541 -0.74846667 -6.8049998,
                                              4.0907731 -0.79830456 -6.8049998,
                                              4.1115112 -0.84936243 -6.8049998,
                                              4.129405 -0.9014852 -6.8049998,
                                              4.1444001 -0.9545145 -6.8049998,
                                              4.1564517 -1.0082893 -6.8049998,
                                              4.1655221 -1.0626464 -6.8049998,
                                              4.1715846 -1.1174207 -6.8049998,
                                              4.1746202 -1.1724457 -6.8049998,
                                              4.1746202 -1.2275543 -6.8049998,
                                              4.1715846 -1.2825793 -6.8049998,
                                              4.1655221 -1.3373536 -6.8049998,
                                              4.1564517 -1.3917106 -6.8049998,
                                              4.1444001 -1.4454855 -6.8049998,
                                              4.129405 -1.4985148 -6.8049998,
                                              4.1115112 -1.5506376 -6.8049998,
                                              4.0907731 -1.6016954 -6.8049998,
                                              4.0672541 -1.6515334 -6.8049998,
                                              4.0410256 -1.7 -6.8049998,
                                              4.0121665 -1.7469481 -6.8049998,
                                              3.9807651 -1.7922353 -6.8049998,
                                              3.9469166 -1.8357238 -6.8049998,
                                              3.9107239 -1.8772815 -6.8049998,
                                              3.8722968 -1.9167825 -6.8049998,
                                              3.8317521 -1.9541066 -6.8049998,
                                              3.7892127 -1.9891405 -6.8049998,
                                              3.744808 -2.0217779 -6.8049998,
                                              3.698673 -2.0519195 -6.8049998,
                                              3.6509473 -2.0794737 -6.8049998,
                                              3.6017764 -2.1043572 -6.8049998,
                                              3.5513093 -2.1264942 -6.8049998,
                                              3.4996994 -2.1458173 -6.8049998,
                                              3.4471035 -2.1622679 -6.8049998,
                                              3.393681 -2.1757963 -6.8049998,
                                              3.3395946 -2.1863613 -6.8049998,
                                              3.2850082 -2.1939306 -6.8049998,
                                              3.2300878 -2.1984816 -6.8049998,
                                              3.175 -2.2 -6.8049998,
                                              3.175 -0.2 4.3099999,
                                              3.2301757 -0.20152335 4.3099999,
                                              3.2851834 -0.20608872 4.3099999,
                                              3.3398554 -0.21368225 4.3099999,
                                              3.3940251 -0.22428076 4.3099999,
                                              3.4475274 -0.23785199 4.3099999,
                                              3.5001996 -0.25435457 4.3099999,
                                              3.5518808 -0.27373824 4.3099999,
                                              3.6024139 -0.29594395 4.3099999,
                                              3.6516447 -0.32090402 4.3099999,
                                              3.6994236 -0.34854239 4.3099999,
                                              3.7456043 -0.37877491 4.3099999,
                                              3.7900469 -0.41150945 4.3099999,
                                              3.8326156 -0.44664627 4.3099999,
                                              3.8731806 -0.48407832 4.3099999,
                                              3.9116185 -0.52369153 4.3099999,
                                              3.9478123 -0.56536525 4.3099999,
                                              3.9816515 -0.60897255 4.3099999,
                                              4.0130329 -0.6543805 4.3099999,
                                              4.0418615 -0.70145077 4.3099999,
                                              4.0680485 -0.75003994 4.3099999,
                                              4.0915151 -0.80000001 4.3099999,
                                              4.0915151 -0.80000001 4.4450002,
                                              4.1076059 -0.8391034 4.4450002,
                                              4.1220288 -0.87885207 4.4450002,
                                              4.1347589 -0.91917497 4.4450002,
                                              4.1457729 -0.95999998 4.4450002,
                                              4.1574879 -1.0136738 4.4450002,
                                              4.1662378 -1.06791 4.4450002,
                                              4.1719956 -1.1225448 4.4450002,
                                              4.1747451 -1.1774133 4.4450002,
                                              4.1744766 -1.23235 4.4450002,
                                              4.1711917 -1.2871891 4.4450002,
                                              4.1649003 -1.3417652 4.4450002,
                                              4.1556211 -1.3959132 4.4450002,
                                              4.1433825 -1.44947 4.4450002,
                                              4.128221 -1.5022739 4.4450002,
                                              4.1101828 -1.5541655 4.4450002,
                                              4.0893221 -1.6049881 4.4450002,
                                              4.0657015 -1.6545885 4.4450002,
                                              4.0393929 -1.7028168 4.4450002,
                                              4.0104756 -1.7495277 4.4450002,
                                              3.9790366 -1.7945799 4.4450002,
                                              3.9451709 -1.8378377 4.4450002,
                                              3.9089806 -1.8791703 4.4450002,
                                              3.8705752 -1.9184532 4.4450002,
                                              3.8300705 -1.9555677 4.4450002,
                                              3.7875888 -1.9904017 4.4450002,
                                              3.743258 -2.0228503 4.4450002,
                                              3.6972125 -2.0528154 4.4450002,
                                              3.6495905 -2.0802066 4.4450002,
                                              3.6005363 -2.1049414 4.4450002,
                                              3.5501978 -2.1269448 4.4450002,
                                              3.4987268 -2.1461506 4.4450002,
                                              3.446279 -2.1625009 4.4450002,
                                              3.3930123 -2.175946 4.4450002,
                                              3.3390875 -2.1864457 4.4450002,
                                              3.2846675 -2.1939683 4.4450002,
                                              3.2299166 -2.1984909 4.4450002,
                                              3.175 -2.2 4.4450002,
                                              4.375 -0.80000001 5.3099999,
                                              4.375 -0.80000001 4.4450002,
                                              4.2249999 -0.80000001 5.3099999,
                                              4.2249999 -0.80000001 4.4450002,
                                              4.0915151 -0.80000001 4.4450002,
                                              4.0915151 -0.80000001 4.3099999,
                                              4.3063707 -0.80000001 4.3099999,
                                              4.3063707 -0.80000001 4.4450002,
                                              4.2249999 -2.3 6.8049998,
                                              4.2249999 -0.95999998 6.8049998,
                                              4.2249999 -2.3 4.8049998,
                                              4.2249999 -0.95999998 4.8049998,
                                              4.2249999 -2.3 4.8049998,
                                              4.2249999 -0.95999998 4.8049998,
                                              -4.2249999 -0.95999998 4.8049998,
                                              -4.2249999 -2.3 4.8049998,
                                              4.3063707 -0.80000001 4.4450002,
                                              4.375 -0.80000001 4.4450002,
                                              4.3244495 -0.85537565 4.4450002,
                                              4.3398194 -0.9115634 4.4450002,
                                              4.3524446 -0.96843082 4.4450002,
                                              4.3622952 -1.025844 4.4450002,
                                              4.369348 -1.0836675 4.4450002,
                                              4.3735862 -1.1417651 4.4450002,
                                              4.375 -1.2 4.4450002,
                                              4.2249999 2e-015 6.8099999,
                                              4.375 1e-015 6.8099999,
                                              4.375 2e-015 6.8049998,
                                              4.2249999 2e-015 6.8049998,
                                              4.2249999 2e-015 6.8099999,
                                              4.375 1e-015 6.8099999,
                                              4.2249999 0.64999998 6.5599999,
                                              4.375 0.64999998 6.5599999,
                                              4.375 0.64999998 6.5599999,
                                              4.2249999 0.64999998 6.5599999,
                                              4.375 0.64999998 5.5599999,
                                              4.2249999 0.64999998 5.5599999,
                                              4.375 0.64999998 5.5599999,
                                              4.375 0 5.3099999,
                                              4.2249999 0.64999998 5.5599999,
                                              4.2249999 0 5.3099999,
                                              4.375 0 5.3099999,
                                              4.375 -0.80000001 5.3099999,
                                              4.2249999 0 5.3099999,
                                              4.2249999 -0.80000001 5.3099999,
                                              4.375 -0.5 6.3099999,
                                              4.375 -0.5 5.8099999,
                                              4.2249999 -0.5 6.3099999,
                                              4.2249999 -0.5 5.8099999,
                                              4.375 -0.5 5.8099999,
                                              4.375 0 5.8099999,
                                              4.2249999 -0.5 5.8099999,
                                              4.2249999 0 5.8099999,
                                              4.375 0 5.8099999,
                                              4.375 0 6.3099999,
                                              4.2249999 0 5.8099999,
                                              4.2249999 0 6.3099999,
                                              4.375 0 6.3099999,
                                              4.375 -0.5 6.3099999,
                                              4.2249999 0 6.3099999,
                                              4.2249999 -0.5 6.3099999,
                                              4.2249999 -0.5 5.8099999,
                                              4.2249999 -0.5 6.3099999,
                                              4.2249999 0 5.8099999,
                                              4.2249999 0 6.3099999,
                                              4.2249999 2e-015 6.8049998,
                                              4.2249999 -0.94999999 6.8049998,
                                              4.2249999 2e-015 6.8099999,
                                              4.2249999 0.64999998 6.5599999,
                                              4.2249999 0.64999998 5.5599999,
                                              4.2249999 0 5.3099999,
                                              4.2249999 -0.80000001 5.3099999,
                                              4.2249999 -0.80000001 4.4450002,
                                              4.2249999 -0.95999998 4.4450002,
                                              4.2249999 -0.95999998 4.8049998,
                                              4.2249999 -0.94999999 4.8049998,
                                              4.2249999 -0.94999999 6.8049998,
                                              4.2249999 -0.95999998 6.8049998,
                                              4.2249999 -0.94999999 4.8049998,
                                              4.2249999 -0.95999998 4.8049998,
                                              4.2249999 -0.80000001 4.4450002,
                                              4.0915151 -0.80000001 4.4450002,
                                              4.2249999 -0.95999998 4.4450002,
                                              4.1457729 -0.95999998 4.4450002,
                                              4.1076059 -0.8391034 4.4450002,
                                              4.1220288 -0.87885207 4.4450002,
                                              4.1347589 -0.91917497 4.4450002,
                                              -4.375 -0.80000001 4.4450002,
                                              -4.375 -0.80000001 5.3099999,
                                              -4.375 0 5.3099999,
                                              -4.375 0.64999998 5.5599999,
                                              -4.375 0.64999998 6.5599999,
                                              -4.375 2e-015 6.8099999,
                                              -4.375 2e-015 6.8049998,
                                              -4.375 -2.4000001 6.8049998,
                                              -4.375 -2.4000001 4.4450002,
                                              -4.375 -1.2 4.4450002,
                                              -4.375 -0.5 5.8099999,
                                              -4.375 -0.5 6.3099999,
                                              -4.375 0 6.3099999,
                                              -4.375 0 5.8099999,
                                              -4.2249999 -0.80000001 5.3099999,
                                              -4.2249999 -0.80000001 4.4450002,
                                              -4.0915151 -0.80000001 4.4450002,
                                              -4.0915151 -0.80000001 4.3099999,
                                              -4.3063707 -0.80000001 4.3099999,
                                              -4.3063707 -0.80000001 4.4450002,
                                              -4.2249999 0 5.3099999,
                                              -4.2249999 0.64999998 5.5599999,
                                              -4.2249999 0.64999998 6.5599999,
                                              -4.2249999 2e-015 6.8099999,
                                              -4.2249999 2e-015 6.8049998,
                                              -3.5 -2.4000001 6.8049998,
                                              -3.5 -2.3 6.8049998,
                                              -4.2249999 -2.3 6.8049998,
                                              -4.2249999 -0.95999998 6.8049998,
                                              -4.2249999 -0.94999999 6.8049998,
                                              -3.175 -2.4000001 4.4450002,
                                              -3.175 -2.4000001 -6.8049998,
                                              3.175 -2.4000001 -6.8049998,
                                              3.175 -2.4000001 4.4450002,
                                              4.375 -2.4000001 4.4450002,
                                              4.375 -2.4000001 6.8049998,
                                              3.5 -2.4000001 6.8049998,
                                              3.5 -2.4000001 6,
                                              -3.5 -2.4000001 6,
                                              -4.2249999 -0.5 6.3099999,
                                              -4.2249999 -0.5 5.8099999,
                                              -4.2249999 0 6.3099999,
                                              -4.2249999 0 5.8099999,
                                              -4.2249999 -0.95999998 4.4450002,
                                              -4.2249999 -0.95999998 4.8049998,
                                              -4.2249999 -0.94999999 4.8049998,
                                              -4.1457729 -0.95999998 4.4450002,
                                              -3.175 -2.2 -6.8049998,
                                              -3.175 -0.2 -6.8049998,
                                              -3.175 -0.2 4.3099999,
                                              -3.175 -2.2 4.4450002,
                                              3.175 -2e-015 4.3099999,
                                              4.3063707 -0.80000001 4.3099999,
                                              -3.175 -2e-015 4.3099999,
                                              3.175 -0.2 4.3099999,
                                              4.0915151 -0.80000001 4.3099999,
                                              -4.375 -1.2 -6.8049998,
                                              -3.175 -2e-015 -6.8049998,
                                              -3.5 -2.3 6,
                                              3.5 -2.3 6,
                                              3.5 -2.3 6.8049998,
                                              4.2249999 -2.3 6.8049998,
                                              4.2249999 -2.3 4.8049998,
                                              -4.2249999 -2.3 4.8049998,
                                              3.175 -2e-015 -6.8049998,
                                              4.375 -1.2 -6.8049998,
                                              3.175 -2.2 -6.8049998,
                                              3.175 -0.2 -6.8049998,
                                              4.3063707 -0.80000001 4.4450002,
                                              4.375 -1.2 4.4450002,
                                              4.375 -0.80000001 4.4450002,
                                              4.375 2e-015 6.8049998,
                                              4.375 1e-015 6.8099999,
                                              4.375 0.64999998 6.5599999,
                                              4.375 0.64999998 5.5599999,
                                              4.375 0 5.3099999,
                                              4.375 -0.80000001 5.3099999,
                                              4.375 -0.5 6.3099999,
                                              4.375 -0.5 5.8099999,
                                              4.375 0 5.8099999,
                                              4.375 0 6.3099999,
                                              4.2249999 2e-015 6.8049998,
                                              4.2249999 -0.94999999 6.8049998,
                                              4.2249999 -0.95999998 6.8049998,
                                              4.2249999 -0.95999998 4.8049998,
                                              4.1457729 -0.95999998 4.4450002,
                                              4.2249999 -0.95999998 4.4450002,
                                              3.175 -2.2 4.4450002,
                                              4.0915151 -0.80000001 4.4450002,
                                              4.2249999 -0.80000001 4.4450002,
                                              4.2249999 -0.80000001 5.3099999,
                                              4.2249999 2e-015 6.8099999,
                                              4.2249999 0.64999998 6.5599999,
                                              4.2249999 0.64999998 5.5599999,
                                              4.2249999 0 5.3099999,
                                              4.2249999 -0.5 5.8099999,
                                              4.2249999 -0.5 6.3099999,
                                              4.2249999 0 5.8099999,
                                              4.2249999 0 6.3099999,
                                              4.2249999 -0.94999999 4.8049998 ]

                                        }

                                      }

                                    }

                                },
                                  
                                DEF o38 Group {
                                  children 
                                    DEF o39 Shape {
                                      appearance 
                                      Appearance {
                                        material 
                                        Material {
                                          diffuseColor 0.098039217 0.098039217 0.098039217
                                          shininess 1

                                        }

                                      }
                                      geometry 
                                      IndexedLineSet {
                                        coord 
                                        USE o37
                                        coordIndex [ 4, 5, -1, 5, 13, -1, 13, 12,
                                            -1, 12, 11, -1, 11, 10, -1, 9,
                                            10, -1, 9, 8, -1, 8, 7, -1,
                                            7, 6, -1, 6, 4, -1, 0, 1,
                                            -1, 1, 3, -1, 3, 2, -1, 2,
                                            0, -1, 14, 15, -1, 21, 15, -1,
                                            21, 20, -1, 20, 19, -1, 18, 19,
                                            -1, 17, 18, -1, 14, 16, -1, 22,
                                            23, -1, 22, 24, -1, 26, 27, -1,
                                            26, 28, -1, 30, 31, -1, 30, 32,
                                            -1, 34, 35, -1, 36, 34, -1, 40,
                                            41, -1, 39, 40, -1, 48, 49, -1,
                                            48, 47, -1, 46, 47, -1, 45, 46,
                                            -1, 44, 45, -1, 42, 44, -1, 61,
                                            51, -1, 60, 61, -1, 60, 59, -1,
                                            59, 58, -1, 58, 57, -1, 57, 56,
                                            -1, 56, 55, -1, 54, 55, -1, 53,
                                            54, -1, 52, 53, -1, 62, 63, 64,
                                            65, 66, 67, 68, 69, 70, 71, 72,
                                            73, 74, 75, 76, 77, 78, 79, 80,
                                            81, 82, 83, 84, 85, 86, 87, 88,
                                            89, 90, 91, -1, 93, 95, 96, 97,
                                            98, 99, 100, 101, -1, 102, 103, -1,
                                            103, 105, -1, 102, 104, -1, 106, 107,
                                            -1, 106, 108, -1, 110, 111, -1, 110,
                                            112, -1, 114, 115, -1, 122, 123, -1,
                                            123, 132, -1, 131, 132, -1, 130, 131,
                                            -1, 136, 134, -1, 136, 137, 138, 139,
                                            135, -1, 140, 141, 142, 143, 144, 145,
                                            146, 147, 148, 149, 150, 151, 152, 153,
                                            154, 155, 156, 157, 158, 159, 160, 161,
                                            162, 163, 164, 165, 166, 167, 168, 169,
                                            170, 171, 172, 173, 174, 175, 176, 177,
                                            178, 179, 180, 181, 182, 183, 184, 185,
                                            186, 187, 188, 189, 190, 191, 192, 193,
                                            194, 195, 196, 197, -1, 197, 257, -1,
                                            236, 237, 238, 239, 240, 241, 242, 243,
                                            244, 245, 246, 247, 248, 249, 250, 251,
                                            252, 253, 254, 255, 256, 257, -1, 198,
                                            199, 200, 201, 202, 203, 204, 205, 206,
                                            207, 208, 209, 210, 211, 212, 213, 214,
                                            215, 216, 217, 218, 219, 220, 221, 222,
                                            223, 224, 225, 226, 227, 228, 229, 230,
                                            231, -1, 140, 198, -1, 258, 259, 260,
                                            261, 262, 263, 264, 265, 266, 267, 268,
                                            269, 270, 271, 272, 273, 274, 275, 276,
                                            277, 278, 279, 280, 281, -1, 258, 349,
                                            -1, 326, 327, 328, 329, 330, 331, 332,
                                            333, 334, 335, 336, 337, 338, 339, 340,
                                            341, 342, 343, 344, 345, 346, 347, 348,
                                            349, -1, 304, 283, -1, 283, 284, 285,
                                            286, 287, 288, 289, 290, 291, 292, 293,
                                            294, 295, 296, 297, 298, 299, 300, 301,
                                            302, 303, 282, -1, 281, 282, -1, 350,
                                            442, 443, 444, 445, 446, 447, 448, 449,
                                            450, 451, 452, 453, 454, 455, 456, 457,
                                            458, 459, 460, 461, 462, 463, 464, 465,
                                            466, 467, 468, 469, 413, -1, 413, 414,
                                            415, 416, 417, 418, 419, 420, 421, 422,
                                            423, 424, 425, 426, 427, 428, 429, 430,
                                            431, 432, 433, 434, 435, 436, 437, 438,
                                            439, 440, 441, 412, -1, 412, 411, -1,
                                            471, 473, -1, 473, 472, -1, 480, 481,
                                            -1, 479, 480, -1, 479, 478, -1, 478,
                                            477, -1, 476, 477, -1, 474, 476, -1,
                                            484, 485, -1, 484, 482, -1, 519, 579,
                                            -1, 579, 580, 581, 582, 583, 584, 585,
                                            586, 587, 588, 589, 590, 591, 592, 593,
                                            594, 595, 596, 597, 598, 599, 600, 601,
                                            602, 603, 604, 605, 606, 607, 550, -1,
                                            550, 551, 552, 553, 554, 555, 556, 557,
                                            558, 559, 560, 561, 562, 563, 564, 565,
                                            566, 567, 568, 569, 570, 571, 572, 573,
                                            574, 575, 576, 577, 578, 549, -1, 608,
                                            609, -1, 667, 668, 669, 670, 671, 672,
                                            673, 674, 675, 676, 677, 678, 679, 680,
                                            681, 682, 683, 684, 685, 686, 687, 688,
                                            689, 690, 691, 692, 693, 694, 695, 696,
                                            697, 698, 699, 700, 701, 702, 703, 704,
                                            705, 706, 707, 708, 709, 710, 711, 712,
                                            713, 714, 715, 716, 717, 718, 719, 720,
                                            721, 722, 723, 609, -1, 667, 666, -1,
                                            724, 725, 726, 727, 728, 729, 730, 731,
                                            -1, 724, 843, -1, 791, 820, -1, 731,
                                            732, 733, 734, 735, 736, 737, 738, 739,
                                            740, 741, 742, 743, 744, 745, 746, 747,
                                            748, 749, 750, 751, 752, 753, 754, 755,
                                            756, 757, 758, 759, 760, -1, 874, 844,
                                            -1, 879, 880, -1, 886, 887, -1, 885,
                                            886, -1, 885, 884, -1, 884, 883, -1,
                                            883, 882, -1, 882, 881, -1, 881, 880,
                                            -1, 875, 876, -1, 876, 878, -1, 878,
                                            877, -1, 877, 875, -1, 889, 890, -1,
                                            890, 896, -1, 896, 895, -1, 894, 895,
                                            -1, 893, 892, -1, 897, 899, -1, 905,
                                            906, -1, 908, 909, -1, 907, 908, -1,
                                            906, 907, -1, 911, 913, -1, 950, 951,
                                            952, 953, 954, 955, 956, 957, 958, 959,
                                            960, 961, 962, 963, 964, 965, 966, 967,
                                            968, 969, 970, 971, 972, 973, 974, 975,
                                            976, 977, 978, 979, 980, 981, 982, 949,
                                            -1, 915, 949, -1, 986, 985, -1, 1071,
                                            1072, 1073, 1074, 1075, -1, 1071, 1070, -1,
                                            1116, 1110, -1, 1112, 1113, -1, 1112, 1111,
                                            -1, 1109, 1111, -1, 1118, 1120, -1, 1119,
                                            1120, -1, 1134, 1135, -1, 1137, 1134, -1,
                                            1141, 1140, -1, 1140, 1138, -1, 1145, 1143,
                                            -1, 1144, 1145, -1, 1147, 1149, -1, 1149,
                                            1148, -1, 1153, 1152, -1, 1155, 1157, -1,
                                            1157, 1156, -1, 1154, 1156, -1, 1159, 1161,
                                            -1, 1161, 1160, -1, 1163, 1165, -1, 1165,
                                            1164, -1, 1169, 1168, -1, 1175, 1184, -1,
                                            1183, 1184, -1, 1181, 1182, -1 ]

                                      }

                                    }

                                },
                                  
                                DEF o40 Group {
                                  children 
                                    DEF o41 Shape {
                                      appearance 
                                      Appearance {
                                        material 
                                        Material {
                                          diffuseColor 0.67843139 0.70980394 0.74117649
                                          ambientIntensity 0.33333334
                                          specularColor 0.53333336 0.53333336 0.53333336
                                          shininess 0.89999998

                                        }

                                      }
                                      geometry 
                                      IndexedFaceSet {
                                        coord 
                                        USE o37
                                        coordIndex [ 9, 10, 11, -1, 3, 9, 11, -1,
                                            1, 9, 3, -1, 2, 11, 12, -1,
                                            2, 3, 11, -1, 13, 2, 12, -1,
                                            0, 2, 13, -1, 5, 1, 0, -1,
                                            5, 0, 13, -1, 8, 1, 5, -1,
                                            6, 5, 4, -1, 7, 8, 5, -1,
                                            7, 5, 6, -1, 8, 9, 1, -1,
                                            14, 18, 16, -1, 16, 18, 17, -1,
                                            14, 15, 18, -1, 15, 19, 18, -1,
                                            21, 20, 15, -1, 15, 20, 19, -1,
                                            22, 23, 24, -1, 24, 23, 25, -1,
                                            26, 29, 28, -1, 26, 27, 29, -1,
                                            31, 32, 33, -1, 30, 32, 31, -1,
                                            34, 37, 36, -1, 34, 35, 37, -1,
                                            40, 39, 41, -1, 41, 39, 38, -1,
                                            47, 46, 48, -1, 46, 49, 48, -1,
                                            46, 45, 49, -1, 42, 43, 44, -1,
                                            43, 49, 44, -1, 44, 49, 45, -1,
                                            51, 53, 50, -1, 61, 53, 51, -1,
                                            53, 52, 50, -1, 59, 58, 60, -1,
                                            60, 58, 61, -1, 57, 54, 58, -1,
                                            58, 54, 61, -1, 61, 54, 53, -1,
                                            54, 56, 55, -1, 57, 56, 54, -1,
                                            77, 76, 92, -1, 92, 78, 77, -1,
                                            76, 75, 92, -1, 92, 79, 78, -1,
                                            75, 74, 92, -1, 92, 80, 79, -1,
                                            74, 73, 92, -1, 92, 81, 80, -1,
                                            73, 72, 92, -1, 92, 82, 81, -1,
                                            72, 71, 92, -1, 92, 83, 82, -1,
                                            71, 70, 92, -1, 92, 84, 83, -1,
                                            70, 69, 92, -1, 92, 85, 84, -1,
                                            69, 68, 92, -1, 92, 86, 85, -1,
                                            68, 67, 92, -1, 92, 87, 86, -1,
                                            67, 66, 92, -1, 66, 65, 92, -1,
                                            65, 64, 92, -1, 92, 91, 90, -1,
                                            92, 90, 89, -1, 92, 89, 88, -1,
                                            92, 88, 87, -1, 62, 92, 63, -1,
                                            63, 92, 64, -1, 98, 94, 99, -1,
                                            99, 94, 100, -1, 94, 101, 100, -1,
                                            93, 94, 95, -1, 95, 94, 96, -1,
                                            96, 94, 97, -1, 97, 94, 98, -1,
                                            102, 103, 104, -1, 104, 103, 105, -1,
                                            106, 107, 108, -1, 108, 107, 109, -1,
                                            110, 113, 112, -1, 110, 111, 113, -1,
                                            114, 115, 116, -1, 116, 115, 117, -1,
                                            131, 123, 122, -1, 132, 123, 131, -1,
                                            121, 125, 126, -1, 119, 124, 125, -1,
                                            119, 125, 121, -1, 120, 126, 127, -1,
                                            120, 121, 126, -1, 129, 120, 127, -1,
                                            118, 120, 129, -1, 128, 129, 127, -1,
                                            130, 119, 118, -1, 130, 124, 119, -1,
                                            130, 118, 129, -1, 122, 124, 131, -1,
                                            130, 131, 124, -1, 137, 134, 136, -1,
                                            138, 133, 137, -1, 139, 133, 138, -1,
                                            135, 133, 139, -1, 137, 133, 134, -1,
                                            198, 140, 199, -1, 140, 141, 199, -1,
                                            199, 141, 200, -1, 141, 142, 200, -1,
                                            200, 142, 201, -1, 142, 143, 201, -1,
                                            201, 143, 202, -1, 143, 144, 202, -1,
                                            202, 144, 203, -1, 144, 145, 203, -1,
                                            203, 145, 204, -1, 145, 146, 204, -1,
                                            204, 146, 205, -1, 146, 147, 205, -1,
                                            205, 147, 206, -1, 147, 148, 206, -1,
                                            206, 148, 207, -1, 148, 149, 207, -1,
                                            207, 149, 208, -1, 149, 150, 208, -1,
                                            208, 150, 209, -1, 150, 151, 209, -1,
                                            209, 151, 210, -1, 210, 152, 211, -1,
                                            151, 152, 210, -1, 211, 153, 212, -1,
                                            152, 153, 211, -1, 212, 154, 213, -1,
                                            153, 154, 212, -1, 213, 155, 214, -1,
                                            154, 155, 213, -1, 214, 156, 215, -1,
                                            155, 156, 214, -1, 215, 157, 216, -1,
                                            156, 157, 215, -1, 216, 158, 217, -1,
                                            157, 158, 216, -1, 217, 159, 218, -1,
                                            158, 159, 217, -1, 159, 160, 218, -1,
                                            218, 160, 219, -1, 160, 161, 219, -1,
                                            219, 161, 220, -1, 161, 162, 220, -1,
                                            220, 162, 221, -1, 162, 163, 221, -1,
                                            221, 163, 222, -1, 163, 164, 222, -1,
                                            222, 164, 223, -1, 164, 165, 223, -1,
                                            223, 165, 224, -1, 165, 166, 224, -1,
                                            224, 166, 225, -1, 166, 167, 225, -1,
                                            225, 167, 226, -1, 167, 168, 226, -1,
                                            226, 168, 227, -1, 168, 169, 227, -1,
                                            227, 169, 228, -1, 169, 170, 228, -1,
                                            228, 170, 229, -1, 170, 171, 229, -1,
                                            229, 171, 230, -1, 171, 172, 230, -1,
                                            230, 172, 231, -1, 172, 173, 231, -1,
                                            231, 173, 232, -1, 234, 236, 235, -1,
                                            173, 174, 232, -1, 232, 174, 233, -1,
                                            174, 175, 233, -1, 233, 175, 234, -1,
                                            234, 176, 236, -1, 175, 176, 234, -1,
                                            236, 176, 237, -1, 176, 177, 237, -1,
                                            237, 177, 238, -1, 177, 178, 238, -1,
                                            238, 178, 239, -1, 178, 179, 239, -1,
                                            239, 179, 240, -1, 240, 180, 241, -1,
                                            179, 180, 240, -1, 241, 181, 242, -1,
                                            180, 181, 241, -1, 242, 182, 243, -1,
                                            181, 182, 242, -1, 243, 183, 244, -1,
                                            182, 183, 243, -1, 183, 184, 244, -1,
                                            244, 184, 245, -1, 245, 185, 246, -1,
                                            184, 185, 245, -1, 246, 186, 247, -1,
                                            185, 186, 246, -1, 247, 187, 248, -1,
                                            186, 187, 247, -1, 248, 188, 249, -1,
                                            187, 188, 248, -1, 249, 189, 250, -1,
                                            188, 189, 249, -1, 250, 190, 251, -1,
                                            189, 190, 250, -1, 251, 191, 252, -1,
                                            190, 191, 251, -1, 252, 192, 253, -1,
                                            191, 192, 252, -1, 253, 193, 254, -1,
                                            192, 193, 253, -1, 254, 194, 255, -1,
                                            193, 194, 254, -1, 255, 195, 256, -1,
                                            194, 195, 255, -1, 256, 196, 257, -1,
                                            195, 196, 256, -1, 196, 197, 257, -1,
                                            326, 305, 327, -1, 327, 305, 328, -1,
                                            328, 306, 329, -1, 305, 306, 328, -1,
                                            306, 307, 329, -1, 329, 307, 330, -1,
                                            307, 308, 330, -1, 330, 308, 331, -1,
                                            308, 309, 331, -1, 309, 332, 331, -1,
                                            309, 310, 332, -1, 310, 333, 332, -1,
                                            310, 311, 333, -1, 311, 334, 333, -1,
                                            311, 312, 334, -1, 312, 335, 334, -1,
                                            312, 313, 335, -1, 313, 336, 335, -1,
                                            313, 314, 336, -1, 314, 337, 336, -1,
                                            314, 315, 337, -1, 315, 338, 337, -1,
                                            316, 338, 315, -1, 316, 339, 338, -1,
                                            317, 339, 316, -1, 317, 340, 339, -1,
                                            318, 340, 317, -1, 318, 341, 340, -1,
                                            319, 341, 318, -1, 319, 342, 341, -1,
                                            320, 342, 319, -1, 320, 343, 342, -1,
                                            321, 343, 320, -1, 322, 344, 321, -1,
                                            321, 344, 343, -1, 323, 345, 322, -1,
                                            322, 345, 344, -1, 324, 346, 323, -1,
                                            323, 346, 345, -1, 324, 347, 346, -1,
                                            325, 347, 324, -1, 325, 348, 347, -1,
                                            304, 348, 325, -1, 304, 349, 348, -1,
                                            283, 258, 304, -1, 304, 258, 349, -1,
                                            284, 259, 283, -1, 283, 259, 258, -1,
                                            285, 260, 284, -1, 284, 260, 259, -1,
                                            286, 261, 285, -1, 285, 261, 260, -1,
                                            287, 262, 286, -1, 286, 262, 261, -1,
                                            288, 263, 287, -1, 287, 263, 262, -1,
                                            288, 264, 263, -1, 289, 264, 288, -1,
                                            290, 265, 289, -1, 289, 265, 264, -1,
                                            281, 280, 282, -1, 291, 266, 290, -1,
                                            290, 266, 265, -1, 280, 279, 282, -1,
                                            282, 279, 303, -1, 292, 267, 291, -1,
                                            291, 267, 266, -1, 303, 278, 302, -1,
                                            279, 278, 303, -1, 293, 268, 292, -1,
                                            292, 268, 267, -1, 302, 277, 301, -1,
                                            278, 277, 302, -1, 294, 269, 293, -1,
                                            293, 269, 268, -1, 277, 276, 301, -1,
                                            301, 276, 300, -1, 295, 270, 294, -1,
                                            294, 270, 269, -1, 300, 275, 299, -1,
                                            276, 275, 300, -1, 295, 271, 270, -1,
                                            296, 271, 295, -1, 275, 274, 299, -1,
                                            299, 274, 298, -1, 297, 272, 296, -1,
                                            296, 272, 271, -1, 274, 273, 298, -1,
                                            298, 273, 297, -1, 297, 273, 272, -1,
                                            442, 350, 351, -1, 442, 351, 352, -1,
                                            442, 352, 353, -1, 443, 442, 353, -1,
                                            444, 353, 354, -1, 444, 443, 353, -1,
                                            445, 354, 355, -1, 445, 444, 354, -1,
                                            446, 355, 356, -1, 446, 445, 355, -1,
                                            447, 356, 357, -1, 447, 446, 356, -1,
                                            448, 357, 358, -1, 448, 447, 357, -1,
                                            449, 358, 359, -1, 449, 448, 358, -1,
                                            450, 359, 360, -1, 450, 360, 361, -1,
                                            450, 449, 359, -1, 451, 450, 361, -1,
                                            452, 361, 362, -1, 452, 451, 361, -1,
                                            453, 362, 363, -1, 453, 452, 362, -1,
                                            454, 363, 364, -1, 454, 364, 365, -1,
                                            454, 453, 363, -1, 455, 454, 365, -1,
                                            456, 365, 366, -1, 456, 455, 365, -1,
                                            457, 366, 367, -1, 457, 456, 366, -1,
                                            458, 367, 368, -1, 458, 457, 367, -1,
                                            459, 368, 369, -1, 459, 458, 368, -1,
                                            460, 369, 370, -1, 460, 459, 369, -1,
                                            461, 370, 371, -1, 461, 460, 370, -1,
                                            462, 461, 371, -1, 462, 371, 372, -1,
                                            462, 372, 373, -1, 463, 462, 373, -1,
                                            463, 373, 374, -1, 464, 463, 374, -1,
                                            465, 464, 374, -1, 465, 374, 375, -1,
                                            466, 465, 375, -1, 466, 375, 376, -1,
                                            467, 376, 377, -1, 467, 466, 376, -1,
                                            468, 377, 378, -1, 468, 467, 377, -1,
                                            469, 378, 379, -1, 469, 468, 378, -1,
                                            413, 379, 380, -1, 413, 380, 381, -1,
                                            413, 469, 379, -1, 414, 381, 382, -1,
                                            414, 413, 381, -1, 415, 382, 383, -1,
                                            415, 414, 382, -1, 416, 383, 384, -1,
                                            416, 415, 383, -1, 417, 384, 385, -1,
                                            417, 416, 384, -1, 388, 386, 387, -1,
                                            418, 385, 386, -1, 418, 417, 385, -1,
                                            419, 386, 388, -1, 419, 418, 386, -1,
                                            420, 388, 389, -1, 420, 419, 388, -1,
                                            421, 389, 390, -1, 421, 420, 389, -1,
                                            422, 390, 391, -1, 422, 421, 390, -1,
                                            423, 391, 392, -1, 423, 422, 391, -1,
                                            424, 392, 393, -1, 424, 423, 392, -1,
                                            425, 393, 394, -1, 425, 424, 393, -1,
                                            426, 394, 395, -1, 426, 425, 394, -1,
                                            427, 395, 396, -1, 427, 426, 395, -1,
                                            428, 427, 396, -1, 428, 396, 397, -1,
                                            429, 428, 397, -1, 429, 397, 398, -1,
                                            430, 429, 398, -1, 430, 398, 399, -1,
                                            431, 430, 399, -1, 431, 399, 400, -1,
                                            432, 431, 400, -1, 432, 400, 401, -1,
                                            433, 432, 401, -1, 433, 401, 402, -1,
                                            434, 433, 402, -1, 434, 402, 403, -1,
                                            435, 434, 403, -1, 435, 403, 404, -1,
                                            436, 435, 404, -1, 436, 404, 405, -1,
                                            437, 436, 405, -1, 437, 405, 406, -1,
                                            438, 437, 406, -1, 438, 406, 407, -1,
                                            439, 438, 407, -1, 439, 407, 408, -1,
                                            440, 439, 408, -1, 440, 408, 409, -1,
                                            441, 440, 409, -1, 441, 409, 410, -1,
                                            412, 441, 410, -1, 412, 410, 411, -1,
                                            470, 471, 472, -1, 472, 471, 473, -1,
                                            476, 474, 481, -1, 474, 475, 481, -1,
                                            476, 480, 477, -1, 481, 480, 476, -1,
                                            479, 478, 480, -1, 480, 478, 477, -1,
                                            482, 483, 484, -1, 484, 483, 485, -1,
                                            487, 486, 488, -1, 487, 488, 489, -1,
                                            535, 623, 534, -1, 536, 624, 535, -1,
                                            535, 624, 623, -1, 534, 622, 533, -1,
                                            623, 622, 534, -1, 537, 625, 536, -1,
                                            536, 625, 624, -1, 533, 621, 532, -1,
                                            622, 621, 533, -1, 538, 626, 537, -1,
                                            537, 626, 625, -1, 532, 620, 531, -1,
                                            621, 620, 532, -1, 538, 627, 626, -1,
                                            539, 627, 538, -1, 531, 619, 530, -1,
                                            620, 619, 531, -1, 540, 628, 539, -1,
                                            539, 628, 627, -1, 530, 618, 529, -1,
                                            619, 618, 530, -1, 541, 629, 540, -1,
                                            540, 629, 628, -1, 618, 617, 529, -1,
                                            529, 617, 528, -1, 542, 630, 541, -1,
                                            541, 630, 629, -1, 528, 616, 527, -1,
                                            617, 616, 528, -1, 542, 631, 630, -1,
                                            543, 631, 542, -1, 527, 615, 526, -1,
                                            616, 615, 527, -1, 544, 632, 543, -1,
                                            543, 632, 631, -1, 526, 614, 525, -1,
                                            615, 614, 526, -1, 545, 633, 544, -1,
                                            544, 633, 632, -1, 614, 613, 525, -1,
                                            525, 613, 524, -1, 545, 634, 633, -1,
                                            546, 634, 545, -1, 524, 612, 523, -1,
                                            613, 612, 524, -1, 547, 635, 546, -1,
                                            546, 635, 634, -1, 523, 611, 522, -1,
                                            612, 611, 523, -1, 547, 636, 635, -1,
                                            548, 636, 547, -1, 611, 610, 522, -1,
                                            522, 610, 521, -1, 548, 637, 636, -1,
                                            490, 637, 548, -1, 521, 608, 520, -1,
                                            610, 608, 521, -1, 491, 638, 490, -1,
                                            490, 638, 637, -1, 492, 639, 491, -1,
                                            491, 639, 638, -1, 493, 640, 492, -1,
                                            492, 640, 639, -1, 494, 641, 493, -1,
                                            493, 641, 640, -1, 495, 642, 494, -1,
                                            494, 642, 641, -1, 496, 643, 495, -1,
                                            495, 643, 642, -1, 497, 644, 496, -1,
                                            496, 644, 643, -1, 498, 645, 497, -1,
                                            497, 645, 644, -1, 499, 646, 498, -1,
                                            498, 646, 645, -1, 500, 647, 499, -1,
                                            499, 647, 646, -1, 501, 648, 500, -1,
                                            500, 648, 647, -1, 502, 649, 501, -1,
                                            501, 649, 648, -1, 503, 650, 502, -1,
                                            502, 650, 649, -1, 503, 651, 650, -1,
                                            503, 504, 651, -1, 504, 652, 651, -1,
                                            504, 505, 652, -1, 505, 653, 652, -1,
                                            505, 506, 653, -1, 506, 654, 653, -1,
                                            506, 507, 654, -1, 507, 655, 654, -1,
                                            507, 508, 655, -1, 508, 656, 655, -1,
                                            508, 509, 656, -1, 656, 509, 657, -1,
                                            509, 510, 657, -1, 657, 510, 658, -1,
                                            510, 511, 658, -1, 658, 511, 659, -1,
                                            511, 512, 659, -1, 659, 512, 660, -1,
                                            512, 513, 660, -1, 660, 513, 661, -1,
                                            513, 514, 661, -1, 661, 514, 662, -1,
                                            514, 515, 662, -1, 662, 515, 663, -1,
                                            515, 516, 663, -1, 663, 516, 664, -1,
                                            516, 517, 664, -1, 664, 517, 665, -1,
                                            517, 518, 665, -1, 665, 518, 666, -1,
                                            518, 519, 666, -1, 608, 609, 520, -1,
                                            520, 609, 549, -1, 549, 609, 578, -1,
                                            609, 723, 578, -1, 578, 723, 577, -1,
                                            723, 722, 577, -1, 577, 722, 576, -1,
                                            576, 721, 575, -1, 722, 721, 576, -1,
                                            575, 720, 574, -1, 721, 720, 575, -1,
                                            574, 719, 573, -1, 720, 719, 574, -1,
                                            573, 718, 572, -1, 719, 718, 573, -1,
                                            572, 717, 571, -1, 718, 717, 572, -1,
                                            717, 716, 571, -1, 571, 716, 570, -1,
                                            716, 715, 570, -1, 570, 715, 569, -1,
                                            715, 714, 569, -1, 714, 568, 569, -1,
                                            714, 713, 568, -1, 713, 567, 568, -1,
                                            713, 712, 567, -1, 712, 566, 567, -1,
                                            712, 711, 566, -1, 711, 565, 566, -1,
                                            711, 710, 565, -1, 710, 564, 565, -1,
                                            710, 709, 564, -1, 708, 563, 709, -1,
                                            709, 563, 564, -1, 707, 562, 708, -1,
                                            708, 562, 563, -1, 706, 561, 707, -1,
                                            707, 561, 562, -1, 705, 560, 706, -1,
                                            706, 560, 561, -1, 704, 559, 705, -1,
                                            705, 559, 560, -1, 703, 558, 704, -1,
                                            704, 558, 559, -1, 702, 557, 703, -1,
                                            703, 557, 558, -1, 701, 556, 702, -1,
                                            702, 556, 557, -1, 700, 555, 701, -1,
                                            701, 555, 556, -1, 699, 554, 700, -1,
                                            700, 554, 555, -1, 698, 553, 699, -1,
                                            699, 553, 554, -1, 697, 552, 698, -1,
                                            698, 552, 553, -1, 696, 551, 697, -1,
                                            697, 551, 552, -1, 695, 550, 696, -1,
                                            696, 550, 551, -1, 519, 579, 666, -1,
                                            666, 579, 667, -1, 694, 607, 695, -1,
                                            695, 607, 550, -1, 579, 580, 667, -1,
                                            667, 580, 668, -1, 693, 606, 694, -1,
                                            694, 606, 607, -1, 580, 581, 668, -1,
                                            668, 581, 669, -1, 692, 605, 693, -1,
                                            693, 605, 606, -1, 581, 582, 669, -1,
                                            669, 582, 670, -1, 691, 604, 692, -1,
                                            692, 604, 605, -1, 582, 583, 670, -1,
                                            670, 583, 671, -1, 691, 603, 604, -1,
                                            690, 603, 691, -1, 583, 584, 671, -1,
                                            671, 584, 672, -1, 690, 602, 603, -1,
                                            689, 602, 690, -1, 584, 585, 672, -1,
                                            672, 585, 673, -1, 689, 601, 602, -1,
                                            688, 601, 689, -1, 585, 586, 673, -1,
                                            673, 586, 674, -1, 688, 600, 601, -1,
                                            687, 600, 688, -1, 586, 587, 674, -1,
                                            674, 587, 675, -1, 687, 599, 600, -1,
                                            686, 599, 687, -1, 587, 588, 675, -1,
                                            675, 588, 676, -1, 686, 598, 599, -1,
                                            685, 598, 686, -1, 676, 589, 677, -1,
                                            588, 589, 676, -1, 685, 597, 598, -1,
                                            684, 597, 685, -1, 589, 590, 677, -1,
                                            677, 590, 678, -1, 684, 596, 597, -1,
                                            683, 596, 684, -1, 590, 591, 678, -1,
                                            678, 591, 679, -1, 679, 592, 680, -1,
                                            591, 592, 679, -1, 683, 595, 596, -1,
                                            682, 595, 683, -1, 680, 593, 681, -1,
                                            592, 593, 680, -1, 681, 594, 682, -1,
                                            593, 594, 681, -1, 682, 594, 595, -1,
                                            791, 820, 821, -1, 792, 791, 821, -1,
                                            792, 821, 822, -1, 793, 792, 822, -1,
                                            793, 822, 823, -1, 794, 793, 823, -1,
                                            794, 823, 824, -1, 795, 824, 825, -1,
                                            795, 794, 824, -1, 796, 825, 826, -1,
                                            796, 795, 825, -1, 797, 826, 827, -1,
                                            797, 796, 826, -1, 798, 827, 828, -1,
                                            798, 797, 827, -1, 799, 828, 829, -1,
                                            799, 798, 828, -1, 800, 829, 830, -1,
                                            800, 799, 829, -1, 801, 830, 831, -1,
                                            801, 800, 830, -1, 802, 831, 832, -1,
                                            802, 801, 831, -1, 803, 832, 833, -1,
                                            803, 802, 832, -1, 804, 833, 834, -1,
                                            804, 803, 833, -1, 805, 834, 835, -1,
                                            805, 804, 834, -1, 806, 835, 836, -1,
                                            806, 805, 835, -1, 807, 836, 837, -1,
                                            807, 806, 836, -1, 808, 837, 838, -1,
                                            808, 807, 837, -1, 809, 838, 839, -1,
                                            809, 808, 838, -1, 810, 839, 840, -1,
                                            810, 809, 839, -1, 811, 810, 840, -1,
                                            811, 840, 841, -1, 812, 811, 841, -1,
                                            812, 841, 842, -1, 725, 843, 724, -1,
                                            813, 812, 842, -1, 813, 842, 843, -1,
                                            814, 843, 725, -1, 814, 813, 843, -1,
                                            815, 725, 726, -1, 815, 814, 725, -1,
                                            816, 726, 727, -1, 816, 815, 726, -1,
                                            817, 727, 728, -1, 817, 816, 727, -1,
                                            818, 728, 729, -1, 818, 817, 728, -1,
                                            819, 729, 730, -1, 819, 818, 729, -1,
                                            762, 730, 731, -1, 762, 819, 730, -1,
                                            763, 731, 732, -1, 763, 762, 731, -1,
                                            764, 732, 733, -1, 764, 763, 732, -1,
                                            765, 733, 734, -1, 765, 764, 733, -1,
                                            766, 734, 735, -1, 766, 765, 734, -1,
                                            767, 735, 736, -1, 767, 766, 735, -1,
                                            768, 736, 737, -1, 768, 767, 736, -1,
                                            769, 737, 738, -1, 769, 768, 737, -1,
                                            770, 738, 739, -1, 770, 769, 738, -1,
                                            771, 739, 740, -1, 771, 770, 739, -1,
                                            772, 740, 741, -1, 772, 771, 740, -1,
                                            773, 741, 742, -1, 773, 772, 741, -1,
                                            774, 742, 743, -1, 774, 773, 742, -1,
                                            775, 743, 744, -1, 775, 774, 743, -1,
                                            776, 744, 745, -1, 776, 775, 744, -1,
                                            777, 776, 745, -1, 777, 745, 746, -1,
                                            778, 777, 746, -1, 778, 746, 747, -1,
                                            779, 778, 747, -1, 779, 747, 748, -1,
                                            780, 779, 748, -1, 780, 748, 749, -1,
                                            780, 749, 750, -1, 781, 780, 750, -1,
                                            782, 781, 750, -1, 782, 750, 751, -1,
                                            783, 782, 751, -1, 783, 751, 752, -1,
                                            784, 752, 753, -1, 784, 783, 752, -1,
                                            785, 753, 754, -1, 785, 784, 753, -1,
                                            786, 754, 755, -1, 786, 785, 754, -1,
                                            787, 755, 756, -1, 787, 786, 755, -1,
                                            788, 756, 757, -1, 788, 757, 758, -1,
                                            788, 787, 756, -1, 789, 758, 759, -1,
                                            789, 788, 758, -1, 790, 789, 759, -1,
                                            761, 759, 760, -1, 761, 790, 759, -1,
                                            859, 874, 860, -1, 860, 874, 861, -1,
                                            861, 874, 862, -1, 862, 874, 863, -1,
                                            863, 874, 864, -1, 864, 874, 865, -1,
                                            865, 874, 866, -1, 866, 874, 867, -1,
                                            867, 874, 868, -1, 868, 874, 869, -1,
                                            869, 874, 870, -1, 870, 874, 871, -1,
                                            859, 858, 874, -1, 858, 857, 874, -1,
                                            857, 856, 874, -1, 856, 855, 874, -1,
                                            855, 854, 874, -1, 854, 853, 874, -1,
                                            853, 852, 874, -1, 852, 851, 874, -1,
                                            851, 850, 874, -1, 850, 849, 874, -1,
                                            849, 848, 874, -1, 874, 873, 872, -1,
                                            874, 872, 871, -1, 844, 874, 845, -1,
                                            845, 874, 846, -1, 846, 874, 847, -1,
                                            847, 874, 848, -1, 878, 882, 883, -1,
                                            881, 879, 880, -1, 876, 881, 882, -1,
                                            876, 882, 878, -1, 877, 883, 884, -1,
                                            877, 878, 883, -1, 886, 877, 884, -1,
                                            885, 886, 884, -1, 875, 881, 876, -1,
                                            875, 877, 886, -1, 888, 879, 881, -1,
                                            887, 881, 875, -1, 887, 888, 881, -1,
                                            886, 887, 875, -1, 894, 892, 891, -1,
                                            894, 893, 892, -1, 891, 895, 894, -1,
                                            889, 890, 896, -1, 891, 889, 895, -1,
                                            895, 889, 896, -1, 897, 898, 899, -1,
                                            899, 898, 900, -1, 901, 902, 903, -1,
                                            903, 902, 904, -1, 905, 909, 910, -1,
                                            908, 909, 905, -1, 906, 907, 908, -1,
                                            906, 908, 905, -1, 912, 911, 913, -1,
                                            912, 913, 914, -1, 931, 933, 930, -1,
                                            932, 933, 931, -1, 927, 925, 926, -1,
                                            928, 925, 927, -1, 930, 934, 929, -1,
                                            933, 934, 930, -1, 925, 923, 924, -1,
                                            935, 938, 934, -1, 936, 938, 935, -1,
                                            937, 938, 936, -1, 921, 919, 920, -1,
                                            922, 919, 921, -1, 923, 919, 922, -1,
                                            939, 940, 938, -1, 941, 942, 940, -1,
                                            942, 943, 940, -1, 917, 915, 916, -1,
                                            918, 915, 917, -1, 919, 948, 918, -1,
                                            923, 948, 919, -1, 943, 948, 940, -1,
                                            929, 948, 928, -1, 940, 948, 938, -1,
                                            918, 948, 915, -1, 944, 948, 943, -1,
                                            945, 948, 944, -1, 946, 948, 945, -1,
                                            947, 948, 946, -1, 934, 948, 929, -1,
                                            928, 948, 925, -1, 925, 948, 923, -1,
                                            938, 948, 934, -1, 948, 949, 915, -1,
                                            949, 981, 982, -1, 949, 980, 981, -1,
                                            949, 977, 980, -1, 979, 977, 978, -1,
                                            980, 977, 979, -1, 949, 973, 977, -1,
                                            975, 973, 974, -1, 976, 973, 975, -1,
                                            977, 973, 976, -1, 949, 972, 973, -1,
                                            949, 971, 972, -1, 971, 969, 970, -1,
                                            949, 969, 971, -1, 949, 968, 969, -1,
                                            967, 965, 966, -1, 968, 965, 967, -1,
                                            965, 963, 964, -1, 968, 963, 965, -1,
                                            968, 962, 963, -1, 962, 960, 961, -1,
                                            968, 960, 962, -1, 959, 957, 958, -1,
                                            960, 957, 959, -1, 957, 955, 956, -1,
                                            960, 955, 957, -1, 948, 950, 949, -1,
                                            952, 950, 951, -1, 953, 950, 952, -1,
                                            954, 950, 953, -1, 955, 950, 954, -1,
                                            949, 950, 968, -1, 968, 950, 960, -1,
                                            960, 950, 955, -1, 986, 983, 984, -1,
                                            986, 984, 985, -1, 990, 988, 987, -1,
                                            990, 987, 989, -1, 991, 992, 1049, -1,
                                            1049, 992, 1050, -1, 992, 993, 1050, -1,
                                            1050, 993, 1051, -1, 993, 994, 1051, -1,
                                            1051, 994, 1052, -1, 994, 995, 1052, -1,
                                            1052, 995, 1053, -1, 995, 996, 1053, -1,
                                            1053, 996, 1054, -1, 996, 997, 1054, -1,
                                            1054, 997, 1055, -1, 997, 998, 1055, -1,
                                            1055, 998, 1056, -1, 998, 999, 1056, -1,
                                            1056, 999, 1057, -1, 999, 1000, 1057, -1,
                                            1057, 1000, 1058, -1, 1000, 1001, 1058, -1,
                                            1058, 1001, 1059, -1, 1001, 1002, 1059, -1,
                                            1059, 1002, 1060, -1, 1060, 1003, 1061, -1,
                                            1002, 1003, 1060, -1, 1061, 1004, 1062, -1,
                                            1003, 1004, 1061, -1, 1062, 1005, 1063, -1,
                                            1004, 1005, 1062, -1, 1063, 1006, 1064, -1,
                                            1005, 1006, 1063, -1, 1064, 1007, 1065, -1,
                                            1006, 1007, 1064, -1, 1065, 1008, 1066, -1,
                                            1007, 1008, 1065, -1, 1066, 1009, 1067, -1,
                                            1008, 1009, 1066, -1, 1067, 1010, 1068, -1,
                                            1009, 1010, 1067, -1, 1070, 1072, 1071, -1,
                                            1068, 1011, 1069, -1, 1010, 1011, 1068, -1,
                                            1070, 1012, 1072, -1, 1011, 1012, 1069, -1,
                                            1069, 1012, 1070, -1, 1072, 1013, 1073, -1,
                                            1012, 1013, 1072, -1, 1013, 1014, 1073, -1,
                                            1073, 1014, 1074, -1, 1014, 1015, 1074, -1,
                                            1074, 1015, 1075, -1, 1015, 1016, 1075, -1,
                                            1075, 1016, 1076, -1, 1016, 1017, 1076, -1,
                                            1076, 1017, 1077, -1, 1017, 1018, 1077, -1,
                                            1077, 1018, 1078, -1, 1018, 1019, 1078, -1,
                                            1078, 1019, 1079, -1, 1019, 1020, 1079, -1,
                                            1079, 1020, 1080, -1, 1020, 1021, 1080, -1,
                                            1080, 1021, 1081, -1, 1021, 1022, 1081, -1,
                                            1081, 1022, 1082, -1, 1022, 1023, 1082, -1,
                                            1082, 1023, 1083, -1, 1023, 1024, 1083, -1,
                                            1083, 1024, 1084, -1, 1024, 1025, 1084, -1,
                                            1084, 1025, 1085, -1, 1025, 1026, 1085, -1,
                                            1085, 1026, 1086, -1, 1026, 1027, 1086, -1,
                                            1086, 1027, 1087, -1, 1027, 1028, 1087, -1,
                                            1087, 1028, 1088, -1, 1028, 1029, 1088, -1,
                                            1088, 1029, 1089, -1, 1029, 1030, 1089, -1,
                                            1089, 1030, 1090, -1, 1030, 1031, 1090, -1,
                                            1090, 1031, 1091, -1, 1091, 1032, 1092, -1,
                                            1031, 1032, 1091, -1, 1092, 1033, 1093, -1,
                                            1032, 1033, 1092, -1, 1093, 1034, 1094, -1,
                                            1033, 1034, 1093, -1, 1094, 1035, 1095, -1,
                                            1034, 1035, 1094, -1, 1095, 1036, 1096, -1,
                                            1035, 1036, 1095, -1, 1036, 1037, 1096, -1,
                                            1096, 1037, 1097, -1, 1097, 1038, 1098, -1,
                                            1037, 1038, 1097, -1, 1098, 1039, 1099, -1,
                                            1038, 1039, 1098, -1, 1099, 1040, 1100, -1,
                                            1039, 1040, 1099, -1, 1100, 1041, 1101, -1,
                                            1040, 1041, 1100, -1, 1101, 1042, 1102, -1,
                                            1041, 1042, 1101, -1, 1102, 1043, 1103, -1,
                                            1042, 1043, 1102, -1, 1103, 1044, 1104, -1,
                                            1043, 1044, 1103, -1, 1104, 1045, 1105, -1,
                                            1044, 1045, 1104, -1, 1105, 1046, 1106, -1,
                                            1045, 1046, 1105, -1, 1106, 1047, 1107, -1,
                                            1046, 1047, 1106, -1, 1047, 1048, 1107, -1,
                                            1107, 1048, 1108, -1, 1112, 1114, 1113, -1,
                                            1109, 1116, 1111, -1, 1111, 1116, 1112, -1,
                                            1109, 1110, 1116, -1, 1116, 1115, 1112, -1,
                                            1112, 1115, 1114, -1, 1117, 1118, 1119, -1,
                                            1119, 1118, 1120, -1, 1122, 1123, 1124, -1,
                                            1122, 1124, 1121, -1, 1125, 1126, 1127, -1,
                                            1127, 1126, 1128, -1, 1128, 1126, 1129, -1,
                                            1126, 1133, 1132, -1, 1126, 1132, 1131, -1,
                                            1126, 1131, 1130, -1, 1126, 1130, 1129, -1,
                                            1136, 1135, 1137, -1, 1137, 1135, 1134, -1,
                                            1139, 1140, 1138, -1, 1139, 1141, 1140, -1,
                                            1142, 1144, 1145, -1, 1142, 1145, 1143, -1,
                                            1146, 1147, 1148, -1, 1148, 1147, 1149, -1,
                                            1150, 1151, 1152, -1, 1152, 1151, 1153, -1,
                                            1154, 1155, 1156, -1, 1156, 1155, 1157, -1,
                                            1158, 1161, 1160, -1, 1158, 1159, 1161, -1,
                                            1162, 1163, 1164, -1, 1164, 1163, 1165, -1,
                                            1166, 1167, 1168, -1, 1168, 1167, 1169, -1,
                                            1184, 1181, 1182, -1, 1183, 1184, 1182, -1,
                                            1172, 1178, 1179, -1, 1173, 1177, 1178, -1,
                                            1173, 1178, 1172, -1, 1170, 1179, 1180, -1,
                                            1170, 1172, 1179, -1, 1174, 1177, 1173, -1,
                                            1176, 1177, 1174, -1, 1171, 1174, 1173, -1,
                                            1175, 1171, 1170, -1, 1175, 1170, 1180, -1,
                                            1175, 1174, 1171, -1, 1180, 1181, 1184, -1,
                                            1180, 1184, 1175, -1, 1186, 1185, 1187, -1,
                                            1186, 1187, 1188, -1, 1191, 1195, 1192, -1,
                                            1191, 1189, 1195, -1, 1189, 1194, 1195, -1,
                                            1189, 1193, 1194, -1, 1189, 1190, 1193, -1 ]
                                        ccw TRUE
                                        solid FALSE
                                        convex TRUE
                                        creaseAngle 0

                                      }

                                    }

                                } ]

                            }

                        }

                    } ]

                }

            }

        },
          
        DEF o42 Group {
          children 
            DEF o43 Transform {
              translation -0 -0 -0
              rotation 0 0 1  0
              scale 1 1 1
              scaleOrientation 0 0 1  0
              center 0 0 0
              children 
                DEF o44 Group {
                  children [ 
                    DEF o45 Group {
                      children 
                        DEF o46 Transform {
                          translation 0 0 0
                          rotation 0 0 1  0
                          scale 1 1 1
                          scaleOrientation 0 0 1  0
                          center 0 0 0

                        }

                    },
                      
                    DEF o47 Group {
                      children 
                        DEF o48 Transform {
                          translation 0 0 0
                          rotation 1 0 0  1.5707964
                          scale 1 1 1
                          scaleOrientation 0 0 1  0
                          center 0 0 0

                        }

                    },
                      
                    DEF o49 Group {
                      children 
                        DEF o50 Transform {
                          translation 0 0 0
                          rotation 1 0 0  1.5707964
                          scale 1 1 1
                          scaleOrientation 0 0 1  0
                          center 0 0 0

                        }

                    },
                      
                    DEF o51 Group {
                      children 
                        DEF o52 Transform {
                          translation -2.9000001 0 0
                          rotation 0.70710677 0 -0.70710677  3.1415927
                          scale 1 1 1
                          scaleOrientation 0 0 1  0
                          center 0 0 0

                        }

                    },
                      
                    DEF o53 Group {
                      children 
                        DEF o54 Transform {
                          translation 0 0 0
                          rotation 1 0 0  1.5707964
                          scale 1 1 1
                          scaleOrientation 0 0 1  0
                          center 0 0 0
                          children 
                            DEF o55 Group {
                              children [ 
                                DEF o56 Group {
                                  children 
                                    DEF o57 Shape {
                                      appearance 
                                      Appearance {
                                        material 
                                        Material {
                                          emissiveColor 0.098039217 0.098039217 0.098039217

                                        }

                                      }
                                      geometry 
                                      PointSet {
                                        coord 
                                        DEF o58 Coordinate {
                                          point [ -2.9000001 4.5999999 1.35,
                                              -2.9000001 4.5999999 1.45,
                                              -2.9000001 5.0585785 1.35,
                                              -2.9000001 5.3797917 1.0287868,
                                              -2.9000001 5.5700002 0.94999999,
                                              -2.9000001 5.5175219 0.95516866,
                                              -2.9000001 5.4670601 0.97047603,
                                              -2.9000001 5.4205546 0.99533385,
                                              -2.9000001 6.4000001 0.94999999,
                                              -2.9000001 6.4000001 1.05,
                                              -2.9000001 5.5700002 1.05,
                                              -2.9000001 5.5370307 1.0532472,
                                              -2.9000001 5.5053287 1.0628639,
                                              -2.9000001 5.4761114 1.0784808,
                                              -2.9000001 5.4505024 1.0994974,
                                              -2.9000001 5.0999999 1.45,
                                              -2.9000001 4.5999999 1.35,
                                              2.9000001 4.5999999 1.35,
                                              -2.9000001 4.5999999 1.45,
                                              2.9000001 4.5999999 1.45,
                                              -2.9000001 4.5999999 1.45,
                                              -2.9000001 5.0999999 1.45,
                                              2.9000001 4.5999999 1.45,
                                              2.9000001 5.0999999 1.45,
                                              2.5999999 5.0999999 1.45,
                                              2.5999999 4.6999998 1.45,
                                              2.4000001 4.6999998 1.45,
                                              2.4000001 5.0999999 1.45,
                                              2.0999999 5.0999999 1.45,
                                              2.0999999 4.6999998 1.45,
                                              1.9 4.6999998 1.45,
                                              1.9 5.0999999 1.45,
                                              1.6 5.0999999 1.45,
                                              1.6 4.6999998 1.45,
                                              1.4 4.6999998 1.45,
                                              1.4 5.0999999 1.45,
                                              1.1 5.0999999 1.45,
                                              1.1 4.6999998 1.45,
                                              0.89999998 4.6999998 1.45,
                                              0.89999998 5.0999999 1.45,
                                              0.60000002 5.0999999 1.45,
                                              0.60000002 4.6999998 1.45,
                                              0.40000001 4.6999998 1.45,
                                              0.40000001 5.0999999 1.45,
                                              0.1 5.0999999 1.45,
                                              0.1 4.6999998 1.45,
                                              -0.1 4.6999998 1.45,
                                              -0.1 5.0999999 1.45,
                                              -0.40000001 5.0999999 1.45,
                                              -0.40000001 4.6999998 1.45,
                                              -0.60000002 4.6999998 1.45,
                                              -0.60000002 5.0999999 1.45,
                                              -0.89999998 5.0999999 1.45,
                                              -0.89999998 4.6999998 1.45,
                                              -1.1 4.6999998 1.45,
                                              -1.1 5.0999999 1.45,
                                              -1.4 5.0999999 1.45,
                                              -1.4 4.6999998 1.45,
                                              -1.6 4.6999998 1.45,
                                              -1.6 5.0999999 1.45,
                                              -1.9 5.0999999 1.45,
                                              -1.9 4.6999998 1.45,
                                              -2.0999999 4.6999998 1.45,
                                              -2.0999999 5.0999999 1.45,
                                              -2.4000001 5.0999999 1.45,
                                              -2.4000001 4.6999998 1.45,
                                              -2.5999999 4.6999998 1.45,
                                              -2.5999999 5.0999999 1.45,
                                              -2.9000001 5.0999999 1.45,
                                              -2.9000001 5.4505024 1.0994974,
                                              -2.5999999 5.0999999 1.45,
                                              -2.5999999 5.4505024 1.0994974,
                                              -2.9000001 5.5700002 1.05,
                                              -2.9000001 5.5370307 1.0532472,
                                              -2.9000001 5.5053287 1.0628639,
                                              -2.9000001 5.4761114 1.0784808,
                                              -2.9000001 5.4505024 1.0994974,
                                              -2.5999999 5.5700002 1.05,
                                              -2.5999999 5.5370307 1.0532472,
                                              -2.5999999 5.5053287 1.0628639,
                                              -2.5999999 5.4761114 1.0784808,
                                              -2.5999999 5.4505024 1.0994974,
                                              -2.9000001 5.5700002 1.05,
                                              -2.9000001 6.4000001 1.05,
                                              -2.5999999 5.5700002 1.05,
                                              -2.5999999 6.4000001 1.05,
                                              -2.9000001 6.4000001 1.05,
                                              -2.9000001 6.4000001 0.94999999,
                                              -2.5999999 6.4000001 1.05,
                                              -2.5999999 6.4000001 0.94999999,
                                              -2.9000001 6.4000001 0.94999999,
                                              -2.9000001 5.5700002 0.94999999,
                                              -2.5999999 6.4000001 0.94999999,
                                              -2.5999999 5.5700002 0.94999999,
                                              -2.9000001 5.5700002 0.94999999,
                                              -2.9000001 5.5175219 0.95516866,
                                              -2.9000001 5.4670601 0.97047603,
                                              -2.9000001 5.4205546 0.99533385,
                                              -2.9000001 5.3797917 1.0287868,
                                              -2.5999999 5.5700002 0.94999999,
                                              -2.5999999 5.5175219 0.95516866,
                                              -2.5999999 5.4670601 0.97047603,
                                              -2.5999999 5.4205546 0.99533385,
                                              -2.5999999 5.3797917 1.0287868,
                                              -2.9000001 5.3797917 1.0287868,
                                              -2.9000001 5.0585785 1.35,
                                              -2.5999999 5.3797917 1.0287868,
                                              -2.5999999 5.0585785 1.35,
                                              -2.9000001 5.0585785 1.35,
                                              -2.9000001 4.5999999 1.35,
                                              -2.5999999 5.0585785 1.35,
                                              -2.5999999 4.6999998 1.35,
                                              -2.4000001 4.6999998 1.35,
                                              -2.4000001 5.0585785 1.35,
                                              -2.0999999 5.0585785 1.35,
                                              -2.0999999 4.6999998 1.35,
                                              -1.9 4.6999998 1.35,
                                              -1.9 5.0585785 1.35,
                                              -1.6 5.0585785 1.35,
                                              -1.6 4.6999998 1.35,
                                              -1.4 4.6999998 1.35,
                                              -1.4 5.0585785 1.35,
                                              -1.1 5.0585785 1.35,
                                              -1.1 4.6999998 1.35,
                                              -0.89999998 4.6999998 1.35,
                                              -0.89999998 5.0585785 1.35,
                                              -0.60000002 5.0585785 1.35,
                                              -0.60000002 4.6999998 1.35,
                                              -0.40000001 4.6999998 1.35,
                                              -0.40000001 5.0585785 1.35,
                                              -0.1 5.0585785 1.35,
                                              -0.1 4.6999998 1.35,
                                              0.1 4.6999998 1.35,
                                              0.1 5.0585785 1.35,
                                              0.40000001 5.0585785 1.35,
                                              0.40000001 4.6999998 1.35,
                                              0.60000002 4.6999998 1.35,
                                              0.60000002 5.0585785 1.35,
                                              0.89999998 5.0585785 1.35,
                                              0.89999998 4.6999998 1.35,
                                              1.1 4.6999998 1.35,
                                              1.1 5.0585785 1.35,
                                              1.4 5.0585785 1.35,
                                              1.4 4.6999998 1.35,
                                              1.6 4.6999998 1.35,
                                              1.6 5.0585785 1.35,
                                              1.9 5.0585785 1.35,
                                              1.9 4.6999998 1.35,
                                              2.0999999 4.6999998 1.35,
                                              2.0999999 5.0585785 1.35,
                                              2.4000001 5.0585785 1.35,
                                              2.4000001 4.6999998 1.35,
                                              2.5999999 4.6999998 1.35,
                                              2.5999999 5.0585785 1.35,
                                              2.9000001 5.0585785 1.35,
                                              2.9000001 4.5999999 1.35,
                                              2.9000001 5.0585785 1.35,
                                              2.9000001 4.5999999 1.35,
                                              2.9000001 4.5999999 1.45,
                                              2.9000001 5.0999999 1.45,
                                              2.9000001 5.4505024 1.0994974,
                                              2.9000001 5.5700002 1.05,
                                              2.9000001 5.5370307 1.0532472,
                                              2.9000001 5.5053287 1.0628639,
                                              2.9000001 5.4761114 1.0784808,
                                              2.9000001 6.4000001 1.05,
                                              2.9000001 6.4000001 0.94999999,
                                              2.9000001 5.5700002 0.94999999,
                                              2.9000001 5.5175219 0.95516866,
                                              2.9000001 5.4670601 0.97047603,
                                              2.9000001 5.4205546 0.99533385,
                                              2.9000001 5.3797917 1.0287868,
                                              -2.5999999 5.0585785 1.35,
                                              -2.5999999 4.6999998 1.35,
                                              -2.5999999 4.6999998 1.45,
                                              -2.5999999 5.0999999 1.45,
                                              -2.5999999 5.4505024 1.0994974,
                                              -2.5999999 5.5700002 1.05,
                                              -2.5999999 5.5370307 1.0532472,
                                              -2.5999999 5.5053287 1.0628639,
                                              -2.5999999 5.4761114 1.0784808,
                                              -2.5999999 6.4000001 1.05,
                                              -2.5999999 6.4000001 0.94999999,
                                              -2.5999999 5.5700002 0.94999999,
                                              -2.5999999 5.5175219 0.95516866,
                                              -2.5999999 5.4670601 0.97047603,
                                              -2.5999999 5.4205546 0.99533385,
                                              -2.5999999 5.3797917 1.0287868,
                                              -2.5999999 4.6999998 1.35,
                                              -2.4000001 4.6999998 1.35,
                                              -2.4000001 4.6999998 1.45,
                                              -2.5999999 4.6999998 1.45,
                                              -2.4000001 4.6999998 1.35,
                                              -2.4000001 4.6999998 1.45,
                                              -2.4000001 5.0585785 1.35,
                                              -2.4000001 5.3797917 1.0287868,
                                              -2.4000001 5.5700002 0.94999999,
                                              -2.4000001 5.5175219 0.95516866,
                                              -2.4000001 5.4670601 0.97047603,
                                              -2.4000001 5.4205546 0.99533385,
                                              -2.4000001 6.4000001 0.94999999,
                                              -2.4000001 6.4000001 1.05,
                                              -2.4000001 5.5700002 1.05,
                                              -2.4000001 5.5370307 1.0532472,
                                              -2.4000001 5.5053287 1.0628639,
                                              -2.4000001 5.4761114 1.0784808,
                                              -2.4000001 5.4505024 1.0994974,
                                              -2.4000001 5.0999999 1.45,
                                              -2.4000001 5.4505024 1.0994974,
                                              -2.4000001 5.0999999 1.45,
                                              -2.0999999 5.0999999 1.45,
                                              -2.0999999 5.4505024 1.0994974,
                                              -2.0999999 5.0585785 1.35,
                                              -2.0999999 4.6999998 1.35,
                                              -2.0999999 4.6999998 1.45,
                                              -2.0999999 5.0999999 1.45,
                                              -2.0999999 5.4505024 1.0994974,
                                              -2.0999999 5.5700002 1.05,
                                              -2.0999999 5.5370307 1.0532472,
                                              -2.0999999 5.5053287 1.0628639,
                                              -2.0999999 5.4761114 1.0784808,
                                              -2.0999999 6.4000001 1.05,
                                              -2.0999999 6.4000001 0.94999999,
                                              -2.0999999 5.5700002 0.94999999,
                                              -2.0999999 5.5175219 0.95516866,
                                              -2.0999999 5.4670601 0.97047603,
                                              -2.0999999 5.4205546 0.99533385,
                                              -2.0999999 5.3797917 1.0287868,
                                              -2.0999999 4.6999998 1.35,
                                              -1.9 4.6999998 1.35,
                                              -1.9 4.6999998 1.45,
                                              -2.0999999 4.6999998 1.45,
                                              -1.9 4.6999998 1.35,
                                              -1.9 4.6999998 1.45,
                                              -1.9 5.0585785 1.35,
                                              -1.9 5.3797917 1.0287868,
                                              -1.9 5.5700002 0.94999999,
                                              -1.9 5.5175219 0.95516866,
                                              -1.9 5.4670601 0.97047603,
                                              -1.9 5.4205546 0.99533385,
                                              -1.9 6.4000001 0.94999999,
                                              -1.9 6.4000001 1.05,
                                              -1.9 5.5700002 1.05,
                                              -1.9 5.5370307 1.0532472,
                                              -1.9 5.5053287 1.0628639,
                                              -1.9 5.4761114 1.0784808,
                                              -1.9 5.4505024 1.0994974,
                                              -1.9 5.0999999 1.45,
                                              -1.9 5.4505024 1.0994974,
                                              -1.9 5.0999999 1.45,
                                              -1.6 5.0999999 1.45,
                                              -1.6 5.4505024 1.0994974,
                                              -1.6 5.0585785 1.35,
                                              -1.6 4.6999998 1.35,
                                              -1.6 4.6999998 1.45,
                                              -1.6 5.0999999 1.45,
                                              -1.6 5.4505024 1.0994974,
                                              -1.6 5.5700002 1.05,
                                              -1.6 5.5370307 1.0532472,
                                              -1.6 5.5053287 1.0628639,
                                              -1.6 5.4761114 1.0784808,
                                              -1.6 6.4000001 1.05,
                                              -1.6 6.4000001 0.94999999,
                                              -1.6 5.5700002 0.94999999,
                                              -1.6 5.5175219 0.95516866,
                                              -1.6 5.4670601 0.97047603,
                                              -1.6 5.4205546 0.99533385,
                                              -1.6 5.3797917 1.0287868,
                                              -1.6 4.6999998 1.35,
                                              -1.4 4.6999998 1.35,
                                              -1.4 4.6999998 1.45,
                                              -1.6 4.6999998 1.45,
                                              -1.4 4.6999998 1.35,
                                              -1.4 4.6999998 1.45,
                                              -1.4 5.0585785 1.35,
                                              -1.4 5.3797917 1.0287868,
                                              -1.4 5.5700002 0.94999999,
                                              -1.4 5.5175219 0.95516866,
                                              -1.4 5.4670601 0.97047603,
                                              -1.4 5.4205546 0.99533385,
                                              -1.4 6.4000001 0.94999999,
                                              -1.4 6.4000001 1.05,
                                              -1.4 5.5700002 1.05,
                                              -1.4 5.5370307 1.0532472,
                                              -1.4 5.5053287 1.0628639,
                                              -1.4 5.4761114 1.0784808,
                                              -1.4 5.4505024 1.0994974,
                                              -1.4 5.0999999 1.45,
                                              -1.4 5.4505024 1.0994974,
                                              -1.4 5.0999999 1.45,
                                              -1.1 5.0999999 1.45,
                                              -1.1 5.4505024 1.0994974,
                                              -1.1 5.0585785 1.35,
                                              -1.1 4.6999998 1.35,
                                              -1.1 4.6999998 1.45,
                                              -1.1 5.0999999 1.45,
                                              -1.1 5.4505024 1.0994974,
                                              -1.1 5.5700002 1.05,
                                              -1.1 5.5370307 1.0532472,
                                              -1.1 5.5053287 1.0628639,
                                              -1.1 5.4761114 1.0784808,
                                              -1.1 6.4000001 1.05,
                                              -1.1 6.4000001 0.94999999,
                                              -1.1 5.5700002 0.94999999,
                                              -1.1 5.5175219 0.95516866,
                                              -1.1 5.4670601 0.97047603,
                                              -1.1 5.4205546 0.99533385,
                                              -1.1 5.3797917 1.0287868,
                                              -1.1 4.6999998 1.35,
                                              -0.89999998 4.6999998 1.35,
                                              -0.89999998 4.6999998 1.45,
                                              -1.1 4.6999998 1.45,
                                              -0.89999998 4.6999998 1.35,
                                              -0.89999998 4.6999998 1.45,
                                              -0.89999998 5.0585785 1.35,
                                              -0.89999998 5.3797917 1.0287868,
                                              -0.89999998 5.5700002 0.94999999,
                                              -0.89999998 5.5175219 0.95516866,
                                              -0.89999998 5.4670601 0.97047603,
                                              -0.89999998 5.4205546 0.99533385,
                                              -0.89999998 6.4000001 0.94999999,
                                              -0.89999998 6.4000001 1.05,
                                              -0.89999998 5.5700002 1.05,
                                              -0.89999998 5.5370307 1.0532472,
                                              -0.89999998 5.5053287 1.0628639,
                                              -0.89999998 5.4761114 1.0784808,
                                              -0.89999998 5.4505024 1.0994974,
                                              -0.89999998 5.0999999 1.45,
                                              -0.89999998 5.4505024 1.0994974,
                                              -0.89999998 5.0999999 1.45,
                                              -0.60000002 5.0999999 1.45,
                                              -0.60000002 5.4505024 1.0994974,
                                              -0.60000002 5.0585785 1.35,
                                              -0.60000002 4.6999998 1.35,
                                              -0.60000002 4.6999998 1.45,
                                              -0.60000002 5.0999999 1.45,
                                              -0.60000002 5.4505024 1.0994974,
                                              -0.60000002 5.5700002 1.05,
                                              -0.60000002 5.5370307 1.0532472,
                                              -0.60000002 5.5053287 1.0628639,
                                              -0.60000002 5.4761114 1.0784808,
                                              -0.60000002 6.4000001 1.05,
                                              -0.60000002 6.4000001 0.94999999,
                                              -0.60000002 5.5700002 0.94999999,
                                              -0.60000002 5.5175219 0.95516866,
                                              -0.60000002 5.4670601 0.97047603,
                                              -0.60000002 5.4205546 0.99533385,
                                              -0.60000002 5.3797917 1.0287868,
                                              -0.60000002 4.6999998 1.35,
                                              -0.40000001 4.6999998 1.35,
                                              -0.40000001 4.6999998 1.45,
                                              -0.60000002 4.6999998 1.45,
                                              -0.40000001 4.6999998 1.35,
                                              -0.40000001 4.6999998 1.45,
                                              -0.40000001 5.0585785 1.35,
                                              -0.40000001 5.3797917 1.0287868,
                                              -0.40000001 5.5700002 0.94999999,
                                              -0.40000001 5.5175219 0.95516866,
                                              -0.40000001 5.4670601 0.97047603,
                                              -0.40000001 5.4205546 0.99533385,
                                              -0.40000001 6.4000001 0.94999999,
                                              -0.40000001 6.4000001 1.05,
                                              -0.40000001 5.5700002 1.05,
                                              -0.40000001 5.5370307 1.0532472,
                                              -0.40000001 5.5053287 1.0628639,
                                              -0.40000001 5.4761114 1.0784808,
                                              -0.40000001 5.4505024 1.0994974,
                                              -0.40000001 5.0999999 1.45,
                                              -0.40000001 5.4505024 1.0994974,
                                              -0.40000001 5.0999999 1.45,
                                              -0.1 5.0999999 1.45,
                                              -0.1 5.4505024 1.0994974,
                                              -0.1 5.0585785 1.35,
                                              -0.1 4.6999998 1.35,
                                              -0.1 4.6999998 1.45,
                                              -0.1 5.0999999 1.45,
                                              -0.1 5.4505024 1.0994974,
                                              -0.1 5.5700002 1.05,
                                              -0.1 5.5370307 1.0532472,
                                              -0.1 5.5053287 1.0628639,
                                              -0.1 5.4761114 1.0784808,
                                              -0.1 6.4000001 1.05,
                                              -0.1 6.4000001 0.94999999,
                                              -0.1 5.5700002 0.94999999,
                                              -0.1 5.5175219 0.95516866,
                                              -0.1 5.4670601 0.97047603,
                                              -0.1 5.4205546 0.99533385,
                                              -0.1 5.3797917 1.0287868,
                                              -0.1 4.6999998 1.35,
                                              0.1 4.6999998 1.35,
                                              0.1 4.6999998 1.45,
                                              -0.1 4.6999998 1.45,
                                              0.1 4.6999998 1.35,
                                              0.1 4.6999998 1.45,
                                              0.1 5.0585785 1.35,
                                              0.1 5.3797917 1.0287868,
                                              0.1 5.5700002 0.94999999,
                                              0.1 5.5175219 0.95516866,
                                              0.1 5.4670601 0.97047603,
                                              0.1 5.4205546 0.99533385,
                                              0.1 6.4000001 0.94999999,
                                              0.1 6.4000001 1.05,
                                              0.1 5.5700002 1.05,
                                              0.1 5.5370307 1.0532472,
                                              0.1 5.5053287 1.0628639,
                                              0.1 5.4761114 1.0784808,
                                              0.1 5.4505024 1.0994974,
                                              0.1 5.0999999 1.45,
                                              0.1 5.4505024 1.0994974,
                                              0.1 5.0999999 1.45,
                                              0.40000001 5.0999999 1.45,
                                              0.40000001 5.4505024 1.0994974,
                                              0.40000001 5.0585785 1.35,
                                              0.40000001 4.6999998 1.35,
                                              0.40000001 4.6999998 1.45,
                                              0.40000001 5.0999999 1.45,
                                              0.40000001 5.4505024 1.0994974,
                                              0.40000001 5.5700002 1.05,
                                              0.40000001 5.5370307 1.0532472,
                                              0.40000001 5.5053287 1.0628639,
                                              0.40000001 5.4761114 1.0784808,
                                              0.40000001 6.4000001 1.05,
                                              0.40000001 6.4000001 0.94999999,
                                              0.40000001 5.5700002 0.94999999,
                                              0.40000001 5.5175219 0.95516866,
                                              0.40000001 5.4670601 0.97047603,
                                              0.40000001 5.4205546 0.99533385,
                                              0.40000001 5.3797917 1.0287868,
                                              0.40000001 4.6999998 1.35,
                                              0.60000002 4.6999998 1.35,
                                              0.60000002 4.6999998 1.45,
                                              0.40000001 4.6999998 1.45,
                                              0.60000002 4.6999998 1.35,
                                              0.60000002 4.6999998 1.45,
                                              0.60000002 5.0585785 1.35,
                                              0.60000002 5.3797917 1.0287868,
                                              0.60000002 5.5700002 0.94999999,
                                              0.60000002 5.5175219 0.95516866,
                                              0.60000002 5.4670601 0.97047603,
                                              0.60000002 5.4205546 0.99533385,
                                              0.60000002 6.4000001 0.94999999,
                                              0.60000002 6.4000001 1.05,
                                              0.60000002 5.5700002 1.05,
                                              0.60000002 5.5370307 1.0532472,
                                              0.60000002 5.5053287 1.0628639,
                                              0.60000002 5.4761114 1.0784808,
                                              0.60000002 5.4505024 1.0994974,
                                              0.60000002 5.0999999 1.45,
                                              0.60000002 5.4505024 1.0994974,
                                              0.60000002 5.0999999 1.45,
                                              0.89999998 5.0999999 1.45,
                                              0.89999998 5.4505024 1.0994974,
                                              0.89999998 5.0585785 1.35,
                                              0.89999998 4.6999998 1.35,
                                              0.89999998 4.6999998 1.45,
                                              0.89999998 5.0999999 1.45,
                                              0.89999998 5.4505024 1.0994974,
                                              0.89999998 5.5700002 1.05,
                                              0.89999998 5.5370307 1.0532472,
                                              0.89999998 5.5053287 1.0628639,
                                              0.89999998 5.4761114 1.0784808,
                                              0.89999998 6.4000001 1.05,
                                              0.89999998 6.4000001 0.94999999,
                                              0.89999998 5.5700002 0.94999999,
                                              0.89999998 5.5175219 0.95516866,
                                              0.89999998 5.4670601 0.97047603,
                                              0.89999998 5.4205546 0.99533385,
                                              0.89999998 5.3797917 1.0287868,
                                              0.89999998 4.6999998 1.35,
                                              1.1 4.6999998 1.35,
                                              1.1 4.6999998 1.45,
                                              0.89999998 4.6999998 1.45,
                                              1.1 4.6999998 1.35,
                                              1.1 4.6999998 1.45,
                                              1.1 5.0585785 1.35,
                                              1.1 5.3797917 1.0287868,
                                              1.1 5.5700002 0.94999999,
                                              1.1 5.5175219 0.95516866,
                                              1.1 5.4670601 0.97047603,
                                              1.1 5.4205546 0.99533385,
                                              1.1 6.4000001 0.94999999,
                                              1.1 6.4000001 1.05,
                                              1.1 5.5700002 1.05,
                                              1.1 5.5370307 1.0532472,
                                              1.1 5.5053287 1.0628639,
                                              1.1 5.4761114 1.0784808,
                                              1.1 5.4505024 1.0994974,
                                              1.1 5.0999999 1.45,
                                              1.1 5.4505024 1.0994974,
                                              1.1 5.0999999 1.45,
                                              1.4 5.0999999 1.45,
                                              1.4 5.4505024 1.0994974,
                                              1.4 5.0585785 1.35,
                                              1.4 4.6999998 1.35,
                                              1.4 4.6999998 1.45,
                                              1.4 5.0999999 1.45,
                                              1.4 5.4505024 1.0994974,
                                              1.4 5.5700002 1.05,
                                              1.4 5.5370307 1.0532472,
                                              1.4 5.5053287 1.0628639,
                                              1.4 5.4761114 1.0784808,
                                              1.4 6.4000001 1.05,
                                              1.4 6.4000001 0.94999999,
                                              1.4 5.5700002 0.94999999,
                                              1.4 5.5175219 0.95516866,
                                              1.4 5.4670601 0.97047603,
                                              1.4 5.4205546 0.99533385,
                                              1.4 5.3797917 1.0287868,
                                              1.4 4.6999998 1.35,
                                              1.6 4.6999998 1.35,
                                              1.6 4.6999998 1.45,
                                              1.4 4.6999998 1.45,
                                              1.6 4.6999998 1.35,
                                              1.6 4.6999998 1.45,
                                              1.6 5.0585785 1.35,
                                              1.6 5.3797917 1.0287868,
                                              1.6 5.5700002 0.94999999,
                                              1.6 5.5175219 0.95516866,
                                              1.6 5.4670601 0.97047603,
                                              1.6 5.4205546 0.99533385,
                                              1.6 6.4000001 0.94999999,
                                              1.6 6.4000001 1.05,
                                              1.6 5.5700002 1.05,
                                              1.6 5.5370307 1.0532472,
                                              1.6 5.5053287 1.0628639,
                                              1.6 5.4761114 1.0784808,
                                              1.6 5.4505024 1.0994974,
                                              1.6 5.0999999 1.45,
                                              1.6 5.4505024 1.0994974,
                                              1.6 5.0999999 1.45,
                                              1.9 5.0999999 1.45,
                                              1.9 5.4505024 1.0994974,
                                              1.9 5.0585785 1.35,
                                              1.9 4.6999998 1.35,
                                              1.9 4.6999998 1.45,
                                              1.9 5.0999999 1.45,
                                              1.9 5.4505024 1.0994974,
                                              1.9 5.5700002 1.05,
                                              1.9 5.5370307 1.0532472,
                                              1.9 5.5053287 1.0628639,
                                              1.9 5.4761114 1.0784808,
                                              1.9 6.4000001 1.05,
                                              1.9 6.4000001 0.94999999,
                                              1.9 5.5700002 0.94999999,
                                              1.9 5.5175219 0.95516866,
                                              1.9 5.4670601 0.97047603,
                                              1.9 5.4205546 0.99533385,
                                              1.9 5.3797917 1.0287868,
                                              1.9 4.6999998 1.35,
                                              2.0999999 4.6999998 1.35,
                                              2.0999999 4.6999998 1.45,
                                              1.9 4.6999998 1.45,
                                              2.0999999 4.6999998 1.35,
                                              2.0999999 4.6999998 1.45,
                                              2.0999999 5.0585785 1.35,
                                              2.0999999 5.3797917 1.0287868,
                                              2.0999999 5.5700002 0.94999999,
                                              2.0999999 5.5175219 0.95516866,
                                              2.0999999 5.4670601 0.97047603,
                                              2.0999999 5.4205546 0.99533385,
                                              2.0999999 6.4000001 0.94999999,
                                              2.0999999 6.4000001 1.05,
                                              2.0999999 5.5700002 1.05,
                                              2.0999999 5.5370307 1.0532472,
                                              2.0999999 5.5053287 1.0628639,
                                              2.0999999 5.4761114 1.0784808,
                                              2.0999999 5.4505024 1.0994974,
                                              2.0999999 5.0999999 1.45,
                                              2.0999999 5.4505024 1.0994974,
                                              2.0999999 5.0999999 1.45,
                                              2.4000001 5.0999999 1.45,
                                              2.4000001 5.4505024 1.0994974,
                                              2.4000001 5.0585785 1.35,
                                              2.4000001 4.6999998 1.35,
                                              2.4000001 4.6999998 1.45,
                                              2.4000001 5.0999999 1.45,
                                              2.4000001 5.4505024 1.0994974,
                                              2.4000001 5.5700002 1.05,
                                              2.4000001 5.5370307 1.0532472,
                                              2.4000001 5.5053287 1.0628639,
                                              2.4000001 5.4761114 1.0784808,
                                              2.4000001 6.4000001 1.05,
                                              2.4000001 6.4000001 0.94999999,
                                              2.4000001 5.5700002 0.94999999,
                                              2.4000001 5.5175219 0.95516866,
                                              2.4000001 5.4670601 0.97047603,
                                              2.4000001 5.4205546 0.99533385,
                                              2.4000001 5.3797917 1.0287868,
                                              2.4000001 4.6999998 1.35,
                                              2.5999999 4.6999998 1.35,
                                              2.5999999 4.6999998 1.45,
                                              2.4000001 4.6999998 1.45,
                                              2.5999999 4.6999998 1.35,
                                              2.5999999 4.6999998 1.45,
                                              2.5999999 5.0585785 1.35,
                                              2.5999999 5.3797917 1.0287868,
                                              2.5999999 5.5700002 0.94999999,
                                              2.5999999 5.5175219 0.95516866,
                                              2.5999999 5.4670601 0.97047603,
                                              2.5999999 5.4205546 0.99533385,
                                              2.5999999 6.4000001 0.94999999,
                                              2.5999999 6.4000001 1.05,
                                              2.5999999 5.5700002 1.05,
                                              2.5999999 5.5370307 1.0532472,
                                              2.5999999 5.5053287 1.0628639,
                                              2.5999999 5.4761114 1.0784808,
                                              2.5999999 5.4505024 1.0994974,
                                              2.5999999 5.0999999 1.45,
                                              2.5999999 5.4505024 1.0994974,
                                              2.5999999 5.0999999 1.45,
                                              2.9000001 5.0999999 1.45,
                                              2.9000001 5.4505024 1.0994974,
                                              2.5999999 5.0585785 1.35,
                                              2.5999999 5.3797917 1.0287868,
                                              2.9000001 5.3797917 1.0287868,
                                              2.9000001 5.0585785 1.35,
                                              2.0999999 5.0585785 1.35,
                                              2.0999999 5.3797917 1.0287868,
                                              2.4000001 5.3797917 1.0287868,
                                              2.4000001 5.0585785 1.35,
                                              1.6 5.0585785 1.35,
                                              1.6 5.3797917 1.0287868,
                                              1.9 5.3797917 1.0287868,
                                              1.9 5.0585785 1.35,
                                              1.1 5.0585785 1.35,
                                              1.1 5.3797917 1.0287868,
                                              1.4 5.3797917 1.0287868,
                                              1.4 5.0585785 1.35,
                                              0.60000002 5.0585785 1.35,
                                              0.60000002 5.3797917 1.0287868,
                                              0.89999998 5.3797917 1.0287868,
                                              0.89999998 5.0585785 1.35,
                                              0.1 5.0585785 1.35,
                                              0.1 5.3797917 1.0287868,
                                              0.40000001 5.3797917 1.0287868,
                                              0.40000001 5.0585785 1.35,
                                              -0.40000001 5.0585785 1.35,
                                              -0.40000001 5.3797917 1.0287868,
                                              -0.1 5.3797917 1.0287868,
                                              -0.1 5.0585785 1.35,
                                              -0.89999998 5.0585785 1.35,
                                              -0.89999998 5.3797917 1.0287868,
                                              -0.60000002 5.3797917 1.0287868,
                                              -0.60000002 5.0585785 1.35,
                                              -1.4 5.0585785 1.35,
                                              -1.4 5.3797917 1.0287868,
                                              -1.1 5.3797917 1.0287868,
                                              -1.1 5.0585785 1.35,
                                              -1.9 5.0585785 1.35,
                                              -1.9 5.3797917 1.0287868,
                                              -1.6 5.3797917 1.0287868,
                                              -1.6 5.0585785 1.35,
                                              -2.4000001 5.0585785 1.35,
                                              -2.4000001 5.3797917 1.0287868,
                                              -2.0999999 5.3797917 1.0287868,
                                              -2.0999999 5.0585785 1.35,
                                              2.5999999 5.5700002 0.94999999,
                                              2.5999999 5.5175219 0.95516866,
                                              2.5999999 5.4670601 0.97047603,
                                              2.5999999 5.4205546 0.99533385,
                                              2.5999999 5.3797917 1.0287868,
                                              2.9000001 5.5700002 0.94999999,
                                              2.9000001 5.5175219 0.95516866,
                                              2.9000001 5.4670601 0.97047603,
                                              2.9000001 5.4205546 0.99533385,
                                              2.9000001 5.3797917 1.0287868,
                                              2.5999999 5.5700002 0.94999999,
                                              2.5999999 6.4000001 0.94999999,
                                              2.9000001 6.4000001 0.94999999,
                                              2.9000001 5.5700002 0.94999999,
                                              2.5999999 6.4000001 0.94999999,
                                              2.5999999 6.4000001 1.05,
                                              2.9000001 6.4000001 1.05,
                                              2.9000001 6.4000001 0.94999999,
                                              2.5999999 6.4000001 1.05,
                                              2.5999999 5.5700002 1.05,
                                              2.9000001 5.5700002 1.05,
                                              2.9000001 6.4000001 1.05,
                                              2.5999999 5.5700002 1.05,
                                              2.5999999 5.5370307 1.0532472,
                                              2.5999999 5.5053287 1.0628639,
                                              2.5999999 5.4761114 1.0784808,
                                              2.5999999 5.4505024 1.0994974,
                                              2.9000001 5.5700002 1.05,
                                              2.9000001 5.5370307 1.0532472,
                                              2.9000001 5.5053287 1.0628639,
                                              2.9000001 5.4761114 1.0784808,
                                              2.9000001 5.4505024 1.0994974,
                                              -2.4000001 5.5700002 1.05,
                                              -2.4000001 5.5370307 1.0532472,
                                              -2.4000001 5.5053287 1.0628639,
                                              -2.4000001 5.4761114 1.0784808,
                                              -2.4000001 5.4505024 1.0994974,
                                              -2.0999999 5.5700002 1.05,
                                              -2.0999999 5.5370307 1.0532472,
                                              -2.0999999 5.5053287 1.0628639,
                                              -2.0999999 5.4761114 1.0784808,
                                              -2.0999999 5.4505024 1.0994974,
                                              -2.4000001 6.4000001 1.05,
                                              -2.4000001 5.5700002 1.05,
                                              -2.0999999 5.5700002 1.05,
                                              -2.0999999 6.4000001 1.05,
                                              -2.4000001 6.4000001 0.94999999,
                                              -2.4000001 6.4000001 1.05,
                                              -2.0999999 6.4000001 1.05,
                                              -2.0999999 6.4000001 0.94999999,
                                              -2.4000001 5.5700002 0.94999999,
                                              -2.4000001 6.4000001 0.94999999,
                                              -2.0999999 6.4000001 0.94999999,
                                              -2.0999999 5.5700002 0.94999999,
                                              -2.4000001 5.5700002 0.94999999,
                                              -2.4000001 5.5175219 0.95516866,
                                              -2.4000001 5.4670601 0.97047603,
                                              -2.4000001 5.4205546 0.99533385,
                                              -2.4000001 5.3797917 1.0287868,
                                              -2.0999999 5.5700002 0.94999999,
                                              -2.0999999 5.5175219 0.95516866,
                                              -2.0999999 5.4670601 0.97047603,
                                              -2.0999999 5.4205546 0.99533385,
                                              -2.0999999 5.3797917 1.0287868,
                                              -1.9 5.5700002 1.05,
                                              -1.9 5.5370307 1.0532472,
                                              -1.9 5.5053287 1.0628639,
                                              -1.9 5.4761114 1.0784808,
                                              -1.9 5.4505024 1.0994974,
                                              -1.6 5.5700002 1.05,
                                              -1.6 5.5370307 1.0532472,
                                              -1.6 5.5053287 1.0628639,
                                              -1.6 5.4761114 1.0784808,
                                              -1.6 5.4505024 1.0994974,
                                              -1.9 6.4000001 1.05,
                                              -1.9 5.5700002 1.05,
                                              -1.6 5.5700002 1.05,
                                              -1.6 6.4000001 1.05,
                                              -1.9 6.4000001 0.94999999,
                                              -1.9 6.4000001 1.05,
                                              -1.6 6.4000001 1.05,
                                              -1.6 6.4000001 0.94999999,
                                              -1.9 5.5700002 0.94999999,
                                              -1.9 6.4000001 0.94999999,
                                              -1.6 6.4000001 0.94999999,
                                              -1.6 5.5700002 0.94999999,
                                              -1.9 5.5700002 0.94999999,
                                              -1.9 5.5175219 0.95516866,
                                              -1.9 5.4670601 0.97047603,
                                              -1.9 5.4205546 0.99533385,
                                              -1.9 5.3797917 1.0287868,
                                              -1.6 5.5700002 0.94999999,
                                              -1.6 5.5175219 0.95516866,
                                              -1.6 5.4670601 0.97047603,
                                              -1.6 5.4205546 0.99533385,
                                              -1.6 5.3797917 1.0287868,
                                              -1.4 5.5700002 1.05,
                                              -1.4 5.5370307 1.0532472,
                                              -1.4 5.5053287 1.0628639,
                                              -1.4 5.4761114 1.0784808,
                                              -1.4 5.4505024 1.0994974,
                                              -1.1 5.5700002 1.05,
                                              -1.1 5.5370307 1.0532472,
                                              -1.1 5.5053287 1.0628639,
                                              -1.1 5.4761114 1.0784808,
                                              -1.1 5.4505024 1.0994974,
                                              -1.4 6.4000001 1.05,
                                              -1.4 5.5700002 1.05,
                                              -1.1 5.5700002 1.05,
                                              -1.1 6.4000001 1.05,
                                              -1.4 6.4000001 0.94999999,
                                              -1.4 6.4000001 1.05,
                                              -1.1 6.4000001 1.05,
                                              -1.1 6.4000001 0.94999999,
                                              -1.4 5.5700002 0.94999999,
                                              -1.4 6.4000001 0.94999999,
                                              -1.1 6.4000001 0.94999999,
                                              -1.1 5.5700002 0.94999999,
                                              -1.4 5.5700002 0.94999999,
                                              -1.4 5.5175219 0.95516866,
                                              -1.4 5.4670601 0.97047603,
                                              -1.4 5.4205546 0.99533385,
                                              -1.4 5.3797917 1.0287868,
                                              -1.1 5.5700002 0.94999999,
                                              -1.1 5.5175219 0.95516866,
                                              -1.1 5.4670601 0.97047603,
                                              -1.1 5.4205546 0.99533385,
                                              -1.1 5.3797917 1.0287868,
                                              -0.89999998 5.5700002 1.05,
                                              -0.89999998 5.5370307 1.0532472,
                                              -0.89999998 5.5053287 1.0628639,
                                              -0.89999998 5.4761114 1.0784808,
                                              -0.89999998 5.4505024 1.0994974,
                                              -0.60000002 5.5700002 1.05,
                                              -0.60000002 5.5370307 1.0532472,
                                              -0.60000002 5.5053287 1.0628639,
                                              -0.60000002 5.4761114 1.0784808,
                                              -0.60000002 5.4505024 1.0994974,
                                              -0.89999998 6.4000001 1.05,
                                              -0.89999998 5.5700002 1.05,
                                              -0.60000002 5.5700002 1.05,
                                              -0.60000002 6.4000001 1.05,
                                              -0.89999998 6.4000001 0.94999999,
                                              -0.89999998 6.4000001 1.05,
                                              -0.60000002 6.4000001 1.05,
                                              -0.60000002 6.4000001 0.94999999,
                                              -0.89999998 5.5700002 0.94999999,
                                              -0.89999998 6.4000001 0.94999999,
                                              -0.60000002 6.4000001 0.94999999,
                                              -0.60000002 5.5700002 0.94999999,
                                              -0.89999998 5.5700002 0.94999999,
                                              -0.89999998 5.5175219 0.95516866,
                                              -0.89999998 5.4670601 0.97047603,
                                              -0.89999998 5.4205546 0.99533385,
                                              -0.89999998 5.3797917 1.0287868,
                                              -0.60000002 5.5700002 0.94999999,
                                              -0.60000002 5.5175219 0.95516866,
                                              -0.60000002 5.4670601 0.97047603,
                                              -0.60000002 5.4205546 0.99533385,
                                              -0.60000002 5.3797917 1.0287868,
                                              -0.40000001 5.5700002 1.05,
                                              -0.40000001 5.5370307 1.0532472,
                                              -0.40000001 5.5053287 1.0628639,
                                              -0.40000001 5.4761114 1.0784808,
                                              -0.40000001 5.4505024 1.0994974,
                                              -0.1 5.5700002 1.05,
                                              -0.1 5.5370307 1.0532472,
                                              -0.1 5.5053287 1.0628639,
                                              -0.1 5.4761114 1.0784808,
                                              -0.1 5.4505024 1.0994974,
                                              -0.40000001 6.4000001 1.05,
                                              -0.40000001 5.5700002 1.05,
                                              -0.1 5.5700002 1.05,
                                              -0.1 6.4000001 1.05,
                                              -0.40000001 6.4000001 0.94999999,
                                              -0.40000001 6.4000001 1.05,
                                              -0.1 6.4000001 1.05,
                                              -0.1 6.4000001 0.94999999,
                                              -0.40000001 5.5700002 0.94999999,
                                              -0.40000001 6.4000001 0.94999999,
                                              -0.1 6.4000001 0.94999999,
                                              -0.1 5.5700002 0.94999999,
                                              -0.40000001 5.5700002 0.94999999,
                                              -0.40000001 5.5175219 0.95516866,
                                              -0.40000001 5.4670601 0.97047603,
                                              -0.40000001 5.4205546 0.99533385,
                                              -0.40000001 5.3797917 1.0287868,
                                              -0.1 5.5700002 0.94999999,
                                              -0.1 5.5175219 0.95516866,
                                              -0.1 5.4670601 0.97047603,
                                              -0.1 5.4205546 0.99533385,
                                              -0.1 5.3797917 1.0287868,
                                              0.1 5.5700002 1.05,
                                              0.1 5.5370307 1.0532472,
                                              0.1 5.5053287 1.0628639,
                                              0.1 5.4761114 1.0784808,
                                              0.1 5.4505024 1.0994974,
                                              0.40000001 5.5700002 1.05,
                                              0.40000001 5.5370307 1.0532472,
                                              0.40000001 5.5053287 1.0628639,
                                              0.40000001 5.4761114 1.0784808,
                                              0.40000001 5.4505024 1.0994974,
                                              0.1 6.4000001 1.05,
                                              0.1 5.5700002 1.05,
                                              0.40000001 5.5700002 1.05,
                                              0.40000001 6.4000001 1.05,
                                              0.1 6.4000001 0.94999999,
                                              0.1 6.4000001 1.05,
                                              0.40000001 6.4000001 1.05,
                                              0.40000001 6.4000001 0.94999999,
                                              0.1 5.5700002 0.94999999,
                                              0.1 6.4000001 0.94999999,
                                              0.40000001 6.4000001 0.94999999,
                                              0.40000001 5.5700002 0.94999999,
                                              0.1 5.5700002 0.94999999,
                                              0.1 5.5175219 0.95516866,
                                              0.1 5.4670601 0.97047603,
                                              0.1 5.4205546 0.99533385,
                                              0.1 5.3797917 1.0287868,
                                              0.40000001 5.5700002 0.94999999,
                                              0.40000001 5.5175219 0.95516866,
                                              0.40000001 5.4670601 0.97047603,
                                              0.40000001 5.4205546 0.99533385,
                                              0.40000001 5.3797917 1.0287868,
                                              0.60000002 5.5700002 1.05,
                                              0.60000002 5.5370307 1.0532472,
                                              0.60000002 5.5053287 1.0628639,
                                              0.60000002 5.4761114 1.0784808,
                                              0.60000002 5.4505024 1.0994974,
                                              0.89999998 5.5700002 1.05,
                                              0.89999998 5.5370307 1.0532472,
                                              0.89999998 5.5053287 1.0628639,
                                              0.89999998 5.4761114 1.0784808,
                                              0.89999998 5.4505024 1.0994974,
                                              0.60000002 6.4000001 1.05,
                                              0.60000002 5.5700002 1.05,
                                              0.89999998 5.5700002 1.05,
                                              0.89999998 6.4000001 1.05,
                                              0.60000002 6.4000001 0.94999999,
                                              0.60000002 6.4000001 1.05,
                                              0.89999998 6.4000001 1.05,
                                              0.89999998 6.4000001 0.94999999,
                                              0.60000002 5.5700002 0.94999999,
                                              0.60000002 6.4000001 0.94999999,
                                              0.89999998 6.4000001 0.94999999,
                                              0.89999998 5.5700002 0.94999999,
                                              0.60000002 5.5700002 0.94999999,
                                              0.60000002 5.5175219 0.95516866,
                                              0.60000002 5.4670601 0.97047603,
                                              0.60000002 5.4205546 0.99533385,
                                              0.60000002 5.3797917 1.0287868,
                                              0.89999998 5.5700002 0.94999999,
                                              0.89999998 5.5175219 0.95516866,
                                              0.89999998 5.4670601 0.97047603,
                                              0.89999998 5.4205546 0.99533385,
                                              0.89999998 5.3797917 1.0287868,
                                              1.1 5.5700002 1.05,
                                              1.1 5.5370307 1.0532472,
                                              1.1 5.5053287 1.0628639,
                                              1.1 5.4761114 1.0784808,
                                              1.1 5.4505024 1.0994974,
                                              1.4 5.5700002 1.05,
                                              1.4 5.5370307 1.0532472,
                                              1.4 5.5053287 1.0628639,
                                              1.4 5.4761114 1.0784808,
                                              1.4 5.4505024 1.0994974,
                                              1.1 6.4000001 1.05,
                                              1.1 5.5700002 1.05,
                                              1.4 5.5700002 1.05,
                                              1.4 6.4000001 1.05,
                                              1.1 6.4000001 0.94999999,
                                              1.1 6.4000001 1.05,
                                              1.4 6.4000001 1.05,
                                              1.4 6.4000001 0.94999999,
                                              1.1 5.5700002 0.94999999,
                                              1.1 6.4000001 0.94999999,
                                              1.4 6.4000001 0.94999999,
                                              1.4 5.5700002 0.94999999,
                                              1.1 5.5700002 0.94999999,
                                              1.1 5.5175219 0.95516866,
                                              1.1 5.4670601 0.97047603,
                                              1.1 5.4205546 0.99533385,
                                              1.1 5.3797917 1.0287868,
                                              1.4 5.5700002 0.94999999,
                                              1.4 5.5175219 0.95516866,
                                              1.4 5.4670601 0.97047603,
                                              1.4 5.4205546 0.99533385,
                                              1.4 5.3797917 1.0287868,
                                              1.6 5.5700002 1.05,
                                              1.6 5.5370307 1.0532472,
                                              1.6 5.5053287 1.0628639,
                                              1.6 5.4761114 1.0784808,
                                              1.6 5.4505024 1.0994974,
                                              1.9 5.5700002 1.05,
                                              1.9 5.5370307 1.0532472,
                                              1.9 5.5053287 1.0628639,
                                              1.9 5.4761114 1.0784808,
                                              1.9 5.4505024 1.0994974,
                                              1.6 6.4000001 1.05,
                                              1.6 5.5700002 1.05,
                                              1.9 5.5700002 1.05,
                                              1.9 6.4000001 1.05,
                                              1.6 6.4000001 0.94999999,
                                              1.6 6.4000001 1.05,
                                              1.9 6.4000001 1.05,
                                              1.9 6.4000001 0.94999999,
                                              1.6 5.5700002 0.94999999,
                                              1.6 6.4000001 0.94999999,
                                              1.9 6.4000001 0.94999999,
                                              1.9 5.5700002 0.94999999,
                                              1.6 5.5700002 0.94999999,
                                              1.6 5.5175219 0.95516866,
                                              1.6 5.4670601 0.97047603,
                                              1.6 5.4205546 0.99533385,
                                              1.6 5.3797917 1.0287868,
                                              1.9 5.5700002 0.94999999,
                                              1.9 5.5175219 0.95516866,
                                              1.9 5.4670601 0.97047603,
                                              1.9 5.4205546 0.99533385,
                                              1.9 5.3797917 1.0287868,
                                              2.0999999 5.5700002 1.05,
                                              2.0999999 5.5370307 1.0532472,
                                              2.0999999 5.5053287 1.0628639,
                                              2.0999999 5.4761114 1.0784808,
                                              2.0999999 5.4505024 1.0994974,
                                              2.4000001 5.5700002 1.05,
                                              2.4000001 5.5370307 1.0532472,
                                              2.4000001 5.5053287 1.0628639,
                                              2.4000001 5.4761114 1.0784808,
                                              2.4000001 5.4505024 1.0994974,
                                              2.0999999 6.4000001 1.05,
                                              2.0999999 5.5700002 1.05,
                                              2.4000001 5.5700002 1.05,
                                              2.4000001 6.4000001 1.05,
                                              2.0999999 6.4000001 0.94999999,
                                              2.0999999 6.4000001 1.05,
                                              2.4000001 6.4000001 1.05,
                                              2.4000001 6.4000001 0.94999999,
                                              2.0999999 5.5700002 0.94999999,
                                              2.0999999 6.4000001 0.94999999,
                                              2.4000001 6.4000001 0.94999999,
                                              2.4000001 5.5700002 0.94999999,
                                              2.0999999 5.5700002 0.94999999,
                                              2.0999999 5.5175219 0.95516866,
                                              2.0999999 5.4670601 0.97047603,
                                              2.0999999 5.4205546 0.99533385,
                                              2.0999999 5.3797917 1.0287868,
                                              2.4000001 5.5700002 0.94999999,
                                              2.4000001 5.5175219 0.95516866,
                                              2.4000001 5.4670601 0.97047603,
                                              2.4000001 5.4205546 0.99533385,
                                              2.4000001 5.3797917 1.0287868,
                                              -2.9000001 4.5999999 1.35,
                                              -2.9000001 4.5999999 1.45,
                                              -2.9000001 5.0999999 1.45,
                                              -2.9000001 5.4505024 1.0994974,
                                              -2.9000001 5.5700002 1.05,
                                              -2.9000001 6.4000001 1.05,
                                              -2.9000001 6.4000001 0.94999999,
                                              -2.9000001 5.5700002 0.94999999,
                                              -2.9000001 5.3797917 1.0287868,
                                              -2.9000001 5.0585785 1.35,
                                              2.9000001 4.5999999 1.35,
                                              2.9000001 4.5999999 1.45,
                                              -2.5999999 5.0999999 1.45,
                                              -2.5999999 4.6999998 1.45,
                                              -2.4000001 4.6999998 1.45,
                                              -2.4000001 5.0999999 1.45,
                                              -2.0999999 5.0999999 1.45,
                                              -2.0999999 4.6999998 1.45,
                                              -1.9 4.6999998 1.45,
                                              -1.9 5.0999999 1.45,
                                              -1.6 5.0999999 1.45,
                                              -1.6 4.6999998 1.45,
                                              -1.4 4.6999998 1.45,
                                              -1.4 5.0999999 1.45,
                                              -1.1 5.0999999 1.45,
                                              -1.1 4.6999998 1.45,
                                              -0.89999998 4.6999998 1.45,
                                              -0.89999998 5.0999999 1.45,
                                              -0.60000002 5.0999999 1.45,
                                              -0.60000002 4.6999998 1.45,
                                              -0.40000001 4.6999998 1.45,
                                              -0.40000001 5.0999999 1.45,
                                              -0.1 5.0999999 1.45,
                                              -0.1 4.6999998 1.45,
                                              0.1 4.6999998 1.45,
                                              0.1 5.0999999 1.45,
                                              0.40000001 5.0999999 1.45,
                                              0.40000001 4.6999998 1.45,
                                              0.60000002 4.6999998 1.45,
                                              0.60000002 5.0999999 1.45,
                                              0.89999998 5.0999999 1.45,
                                              0.89999998 4.6999998 1.45,
                                              1.1 4.6999998 1.45,
                                              1.1 5.0999999 1.45,
                                              1.4 5.0999999 1.45,
                                              1.4 4.6999998 1.45,
                                              1.6 4.6999998 1.45,
                                              1.6 5.0999999 1.45,
                                              1.9 5.0999999 1.45,
                                              1.9 4.6999998 1.45,
                                              2.0999999 4.6999998 1.45,
                                              2.0999999 5.0999999 1.45,
                                              2.4000001 5.0999999 1.45,
                                              2.4000001 4.6999998 1.45,
                                              2.5999999 4.6999998 1.45,
                                              2.5999999 5.0999999 1.45,
                                              2.9000001 5.0999999 1.45,
                                              -2.5999999 5.4505024 1.0994974,
                                              -2.5999999 5.5700002 1.05,
                                              -2.5999999 6.4000001 1.05,
                                              -2.5999999 6.4000001 0.94999999,
                                              -2.5999999 5.5700002 0.94999999,
                                              -2.5999999 5.3797917 1.0287868,
                                              -2.5999999 5.0585785 1.35,
                                              2.9000001 5.0585785 1.35,
                                              2.5999999 5.0585785 1.35,
                                              2.5999999 4.6999998 1.35,
                                              2.4000001 4.6999998 1.35,
                                              2.4000001 5.0585785 1.35,
                                              2.0999999 5.0585785 1.35,
                                              2.0999999 4.6999998 1.35,
                                              1.9 4.6999998 1.35,
                                              1.9 5.0585785 1.35,
                                              1.6 5.0585785 1.35,
                                              1.6 4.6999998 1.35,
                                              1.4 4.6999998 1.35,
                                              1.4 5.0585785 1.35,
                                              1.1 5.0585785 1.35,
                                              1.1 4.6999998 1.35,
                                              0.89999998 4.6999998 1.35,
                                              0.89999998 5.0585785 1.35,
                                              0.60000002 5.0585785 1.35,
                                              0.60000002 4.6999998 1.35,
                                              0.40000001 4.6999998 1.35,
                                              0.40000001 5.0585785 1.35,
                                              0.1 5.0585785 1.35,
                                              0.1 4.6999998 1.35,
                                              -0.1 4.6999998 1.35,
                                              -0.1 5.0585785 1.35,
                                              -0.40000001 5.0585785 1.35,
                                              -0.40000001 4.6999998 1.35,
                                              -0.60000002 4.6999998 1.35,
                                              -0.60000002 5.0585785 1.35,
                                              -0.89999998 5.0585785 1.35,
                                              -0.89999998 4.6999998 1.35,
                                              -1.1 4.6999998 1.35,
                                              -1.1 5.0585785 1.35,
                                              -1.4 5.0585785 1.35,
                                              -1.4 4.6999998 1.35,
                                              -1.6 4.6999998 1.35,
                                              -1.6 5.0585785 1.35,
                                              -1.9 5.0585785 1.35,
                                              -1.9 4.6999998 1.35,
                                              -2.0999999 4.6999998 1.35,
                                              -2.0999999 5.0585785 1.35,
                                              -2.4000001 5.0585785 1.35,
                                              -2.4000001 4.6999998 1.35,
                                              -2.5999999 4.6999998 1.35,
                                              2.9000001 5.3797917 1.0287868,
                                              2.9000001 5.5700002 0.94999999,
                                              2.9000001 6.4000001 0.94999999,
                                              2.9000001 6.4000001 1.05,
                                              2.9000001 5.5700002 1.05,
                                              2.9000001 5.4505024 1.0994974,
                                              -2.4000001 5.4505024 1.0994974,
                                              -2.4000001 5.5700002 1.05,
                                              -2.4000001 6.4000001 1.05,
                                              -2.4000001 6.4000001 0.94999999,
                                              -2.4000001 5.5700002 0.94999999,
                                              -2.4000001 5.3797917 1.0287868,
                                              -2.0999999 5.4505024 1.0994974,
                                              -2.0999999 5.3797917 1.0287868,
                                              -2.0999999 5.5700002 0.94999999,
                                              -2.0999999 6.4000001 0.94999999,
                                              -2.0999999 6.4000001 1.05,
                                              -2.0999999 5.5700002 1.05,
                                              -1.9 5.4505024 1.0994974,
                                              -1.9 5.5700002 1.05,
                                              -1.9 6.4000001 1.05,
                                              -1.9 6.4000001 0.94999999,
                                              -1.9 5.5700002 0.94999999,
                                              -1.9 5.3797917 1.0287868,
                                              -1.6 5.4505024 1.0994974,
                                              -1.6 5.3797917 1.0287868,
                                              -1.6 5.5700002 0.94999999,
                                              -1.6 6.4000001 0.94999999,
                                              -1.6 6.4000001 1.05,
                                              -1.6 5.5700002 1.05,
                                              -1.4 5.4505024 1.0994974,
                                              -1.4 5.5700002 1.05,
                                              -1.4 6.4000001 1.05,
                                              -1.4 6.4000001 0.94999999,
                                              -1.4 5.5700002 0.94999999,
                                              -1.4 5.3797917 1.0287868,
                                              -1.1 5.4505024 1.0994974,
                                              -1.1 5.3797917 1.0287868,
                                              -1.1 5.5700002 0.94999999,
                                              -1.1 6.4000001 0.94999999,
                                              -1.1 6.4000001 1.05,
                                              -1.1 5.5700002 1.05,
                                              -0.89999998 5.4505024 1.0994974,
                                              -0.89999998 5.5700002 1.05,
                                              -0.89999998 6.4000001 1.05,
                                              -0.89999998 6.4000001 0.94999999,
                                              -0.89999998 5.5700002 0.94999999,
                                              -0.89999998 5.3797917 1.0287868,
                                              -0.60000002 5.4505024 1.0994974,
                                              -0.60000002 5.3797917 1.0287868,
                                              -0.60000002 5.5700002 0.94999999,
                                              -0.60000002 6.4000001 0.94999999,
                                              -0.60000002 6.4000001 1.05,
                                              -0.60000002 5.5700002 1.05,
                                              -0.40000001 5.4505024 1.0994974,
                                              -0.40000001 5.5700002 1.05,
                                              -0.40000001 6.4000001 1.05,
                                              -0.40000001 6.4000001 0.94999999,
                                              -0.40000001 5.5700002 0.94999999,
                                              -0.40000001 5.3797917 1.0287868,
                                              -0.1 5.4505024 1.0994974,
                                              -0.1 5.3797917 1.0287868,
                                              -0.1 5.5700002 0.94999999,
                                              -0.1 6.4000001 0.94999999,
                                              -0.1 6.4000001 1.05,
                                              -0.1 5.5700002 1.05,
                                              0.1 5.4505024 1.0994974,
                                              0.1 5.5700002 1.05,
                                              0.1 6.4000001 1.05,
                                              0.1 6.4000001 0.94999999,
                                              0.1 5.5700002 0.94999999,
                                              0.1 5.3797917 1.0287868,
                                              0.40000001 5.4505024 1.0994974,
                                              0.40000001 5.3797917 1.0287868,
                                              0.40000001 5.5700002 0.94999999,
                                              0.40000001 6.4000001 0.94999999,
                                              0.40000001 6.4000001 1.05,
                                              0.40000001 5.5700002 1.05,
                                              0.60000002 5.4505024 1.0994974,
                                              0.60000002 5.5700002 1.05,
                                              0.60000002 6.4000001 1.05,
                                              0.60000002 6.4000001 0.94999999,
                                              0.60000002 5.5700002 0.94999999,
                                              0.60000002 5.3797917 1.0287868,
                                              0.89999998 5.4505024 1.0994974,
                                              0.89999998 5.3797917 1.0287868,
                                              0.89999998 5.5700002 0.94999999,
                                              0.89999998 6.4000001 0.94999999,
                                              0.89999998 6.4000001 1.05,
                                              0.89999998 5.5700002 1.05,
                                              1.1 5.4505024 1.0994974,
                                              1.1 5.5700002 1.05,
                                              1.1 6.4000001 1.05,
                                              1.1 6.4000001 0.94999999,
                                              1.1 5.5700002 0.94999999,
                                              1.1 5.3797917 1.0287868,
                                              1.4 5.4505024 1.0994974,
                                              1.4 5.3797917 1.0287868,
                                              1.4 5.5700002 0.94999999,
                                              1.4 6.4000001 0.94999999,
                                              1.4 6.4000001 1.05,
                                              1.4 5.5700002 1.05,
                                              1.6 5.4505024 1.0994974,
                                              1.6 5.5700002 1.05,
                                              1.6 6.4000001 1.05,
                                              1.6 6.4000001 0.94999999,
                                              1.6 5.5700002 0.94999999,
                                              1.6 5.3797917 1.0287868,
                                              1.9 5.4505024 1.0994974,
                                              1.9 5.3797917 1.0287868,
                                              1.9 5.5700002 0.94999999,
                                              1.9 6.4000001 0.94999999,
                                              1.9 6.4000001 1.05,
                                              1.9 5.5700002 1.05,
                                              2.0999999 5.4505024 1.0994974,
                                              2.0999999 5.5700002 1.05,
                                              2.0999999 6.4000001 1.05,
                                              2.0999999 6.4000001 0.94999999,
                                              2.0999999 5.5700002 0.94999999,
                                              2.0999999 5.3797917 1.0287868,
                                              2.4000001 5.4505024 1.0994974,
                                              2.4000001 5.3797917 1.0287868,
                                              2.4000001 5.5700002 0.94999999,
                                              2.4000001 6.4000001 0.94999999,
                                              2.4000001 6.4000001 1.05,
                                              2.4000001 5.5700002 1.05,
                                              2.5999999 5.4505024 1.0994974,
                                              2.5999999 5.5700002 1.05,
                                              2.5999999 6.4000001 1.05,
                                              2.5999999 6.4000001 0.94999999,
                                              2.5999999 5.5700002 0.94999999,
                                              2.5999999 5.3797917 1.0287868 ]

                                        }

                                      }

                                    }

                                },
                                  
                                DEF o59 Group {
                                  children 
                                    DEF o60 Shape {
                                      appearance 
                                      Appearance {
                                        material 
                                        Material {
                                          diffuseColor 0.098039217 0.098039217 0.098039217
                                          shininess 1

                                        }

                                      }
                                      geometry 
                                      IndexedLineSet {
                                        coord 
                                        USE o58
                                        coordIndex [ 0, 1, -1, 1, 15, -1, 15, 14,
                                            -1, 10, 11, 12, 13, 14, -1, 10,
                                            9, -1, 9, 8, -1, 8, 4, -1,
                                            4, 5, 6, 7, 3, -1, 3, 2,
                                            -1, 2, 0, -1, 16, 17, -1, 17,
                                            19, -1, 18, 19, -1, 21, 67, -1,
                                            66, 67, -1, 65, 66, -1, 64, 65,
                                            -1, 64, 63, -1, 62, 63, -1, 61,
                                            62, -1, 60, 61, -1, 60, 59, -1,
                                            58, 59, -1, 57, 58, -1, 56, 57,
                                            -1, 56, 55, -1, 54, 55, -1, 53,
                                            54, -1, 52, 53, -1, 52, 51, -1,
                                            50, 51, -1, 49, 50, -1, 48, 49,
                                            -1, 48, 47, -1, 46, 47, -1, 45,
                                            46, -1, 44, 45, -1, 44, 43, -1,
                                            42, 43, -1, 41, 42, -1, 40, 41,
                                            -1, 40, 39, -1, 38, 39, -1, 37,
                                            38, -1, 36, 37, -1, 36, 35, -1,
                                            34, 35, -1, 33, 34, -1, 32, 33,
                                            -1, 32, 31, -1, 30, 31, -1, 29,
                                            30, -1, 28, 29, -1, 28, 27, -1,
                                            26, 27, -1, 25, 26, -1, 24, 25,
                                            -1, 24, 23, -1, 22, 23, -1, 69,
                                            71, -1, 70, 71, -1, 77, 78, 79,
                                            80, 81, -1, 72, 77, -1, 83, 85,
                                            -1, 84, 85, -1, 87, 89, -1, 88,
                                            89, -1, 91, 93, -1, 92, 93, -1,
                                            98, 103, -1, 99, 100, 101, 102, 103,
                                            -1, 105, 107, -1, 106, 107, -1, 154,
                                            155, -1, 153, 154, -1, 152, 153, -1,
                                            151, 152, -1, 150, 151, -1, 149, 150,
                                            -1, 148, 149, -1, 147, 148, -1, 146,
                                            147, -1, 145, 146, -1, 144, 145, -1,
                                            143, 144, -1, 142, 143, -1, 141, 142,
                                            -1, 140, 141, -1, 139, 140, -1, 138,
                                            139, -1, 137, 138, -1, 136, 137, -1,
                                            135, 136, -1, 134, 135, -1, 133, 134,
                                            -1, 132, 133, -1, 131, 132, -1, 130,
                                            131, -1, 129, 130, -1, 128, 129, -1,
                                            127, 128, -1, 126, 127, -1, 125, 126,
                                            -1, 124, 125, -1, 123, 124, -1, 122,
                                            123, -1, 121, 122, -1, 120, 121, -1,
                                            119, 120, -1, 118, 119, -1, 117, 118,
                                            -1, 116, 117, -1, 115, 116, -1, 114,
                                            115, -1, 113, 114, -1, 112, 113, -1,
                                            111, 112, -1, 110, 111, -1, 171, 156,
                                            -1, 167, 168, 169, 170, 171, -1, 166,
                                            167, -1, 165, 166, -1, 161, 165, -1,
                                            161, 162, 163, 164, 160, -1, 159, 160,
                                            -1, 173, 174, -1, 189, 190, -1, 206,
                                            207, -1, 202, 203, 204, 205, 206, -1,
                                            201, 202, -1, 200, 201, -1, 196, 200,
                                            -1, 196, 197, 198, 199, 195, -1, 194,
                                            195, -1, 208, 211, -1, 210, 211, -1,
                                            227, 212, -1, 223, 224, 225, 226, 227,
                                            -1, 222, 223, -1, 221, 222, -1, 217,
                                            221, -1, 217, 218, 219, 220, 216, -1,
                                            213, 214, -1, 229, 230, -1, 246, 247,
                                            -1, 242, 243, 244, 245, 246, -1, 241,
                                            242, -1, 240, 241, -1, 236, 240, -1,
                                            236, 237, 238, 239, 235, -1, 234, 235,
                                            -1, 248, 251, -1, 250, 251, -1, 267,
                                            252, -1, 263, 264, 265, 266, 267, -1,
                                            262, 263, -1, 261, 262, -1, 257, 261,
                                            -1, 257, 258, 259, 260, 256, -1, 253,
                                            254, -1, 269, 270, -1, 286, 287, -1,
                                            282, 283, 284, 285, 286, -1, 281, 282,
                                            -1, 280, 281, -1, 276, 280, -1, 276,
                                            277, 278, 279, 275, -1, 274, 275, -1,
                                            288, 291, -1, 290, 291, -1, 307, 292,
                                            -1, 303, 304, 305, 306, 307, -1, 302,
                                            303, -1, 301, 302, -1, 297, 301, -1,
                                            297, 298, 299, 300, 296, -1, 293, 294,
                                            -1, 309, 310, -1, 326, 327, -1, 322,
                                            323, 324, 325, 326, -1, 321, 322, -1,
                                            320, 321, -1, 316, 320, -1, 316, 317,
                                            318, 319, 315, -1, 314, 315, -1, 328,
                                            331, -1, 330, 331, -1, 347, 332, -1,
                                            343, 344, 345, 346, 347, -1, 342, 343,
                                            -1, 341, 342, -1, 337, 341, -1, 337,
                                            338, 339, 340, 336, -1, 333, 334, -1,
                                            349, 350, -1, 366, 367, -1, 362, 363,
                                            364, 365, 366, -1, 361, 362, -1, 360,
                                            361, -1, 356, 360, -1, 356, 357, 358,
                                            359, 355, -1, 354, 355, -1, 368, 371,
                                            -1, 370, 371, -1, 387, 372, -1, 383,
                                            384, 385, 386, 387, -1, 382, 383, -1,
                                            381, 382, -1, 377, 381, -1, 377, 378,
                                            379, 380, 376, -1, 373, 374, -1, 389,
                                            390, -1, 406, 407, -1, 402, 403, 404,
                                            405, 406, -1, 401, 402, -1, 400, 401,
                                            -1, 396, 400, -1, 396, 397, 398, 399,
                                            395, -1, 394, 395, -1, 408, 411, -1,
                                            410, 411, -1, 427, 412, -1, 423, 424,
                                            425, 426, 427, -1, 422, 423, -1, 421,
                                            422, -1, 417, 421, -1, 417, 418, 419,
                                            420, 416, -1, 413, 414, -1, 429, 430,
                                            -1, 446, 447, -1, 442, 443, 444, 445,
                                            446, -1, 441, 442, -1, 440, 441, -1,
                                            436, 440, -1, 436, 437, 438, 439, 435,
                                            -1, 434, 435, -1, 448, 451, -1, 450,
                                            451, -1, 467, 452, -1, 463, 464, 465,
                                            466, 467, -1, 462, 463, -1, 461, 462,
                                            -1, 457, 461, -1, 457, 458, 459, 460,
                                            456, -1, 453, 454, -1, 469, 470, -1,
                                            486, 487, -1, 482, 483, 484, 485, 486,
                                            -1, 481, 482, -1, 480, 481, -1, 476,
                                            480, -1, 476, 477, 478, 479, 475, -1,
                                            474, 475, -1, 488, 491, -1, 490, 491,
                                            -1, 507, 492, -1, 503, 504, 505, 506,
                                            507, -1, 502, 503, -1, 501, 502, -1,
                                            497, 501, -1, 497, 498, 499, 500, 496,
                                            -1, 493, 494, -1, 509, 510, -1, 526,
                                            527, -1, 522, 523, 524, 525, 526, -1,
                                            521, 522, -1, 520, 521, -1, 516, 520,
                                            -1, 516, 517, 518, 519, 515, -1, 514,
                                            515, -1, 528, 531, -1, 530, 531, -1,
                                            547, 532, -1, 543, 544, 545, 546, 547,
                                            -1, 542, 543, -1, 541, 542, -1, 537,
                                            541, -1, 537, 538, 539, 540, 536, -1,
                                            533, 534, -1, 549, 550, -1, 566, 567,
                                            -1, 562, 563, 564, 565, 566, -1, 561,
                                            562, -1, 560, 561, -1, 556, 560, -1,
                                            556, 557, 558, 559, 555, -1, 554, 555,
                                            -1, 568, 571, -1, 570, 571, -1, 587,
                                            572, -1, 583, 584, 585, 586, 587, -1,
                                            582, 583, -1, 581, 582, -1, 577, 581,
                                            -1, 577, 578, 579, 580, 576, -1, 573,
                                            574, -1, 589, 590, -1, 606, 607, -1,
                                            602, 603, 604, 605, 606, -1, 601, 602,
                                            -1, 600, 601, -1, 596, 600, -1, 596,
                                            597, 598, 599, 595, -1, 594, 595, -1,
                                            608, 611, -1, 613, 614, -1, 617, 618,
                                            -1, 621, 622, -1, 625, 626, -1, 629,
                                            630, -1, 633, 634, -1, 637, 638, -1,
                                            641, 642, -1, 645, 646, -1, 649, 650,
                                            -1, 653, 654, -1, 656, 661, -1, 667,
                                            668, -1, 671, 672, -1, 675, 676, -1,
                                            688, 693, -1, 698, 701, -1, 702, 705,
                                            -1, 706, 709, -1, 720, 725, -1, 730,
                                            733, -1, 734, 737, -1, 738, 741, -1,
                                            752, 757, -1, 762, 765, -1, 766, 769,
                                            -1, 770, 773, -1, 784, 789, -1, 794,
                                            797, -1, 798, 801, -1, 802, 805, -1,
                                            816, 821, -1, 826, 829, -1, 830, 833,
                                            -1, 834, 837, -1, 848, 853, -1, 858,
                                            861, -1, 862, 865, -1, 866, 869, -1,
                                            880, 885, -1, 890, 893, -1, 894, 897,
                                            -1, 898, 901, -1, 912, 917, -1, 922,
                                            925, -1, 926, 929, -1, 930, 933, -1,
                                            944, 949, -1, 954, 957, -1, 958, 961,
                                            -1, 962, 965, -1, 976, 981, -1, 986,
                                            989, -1, 990, 993, -1, 994, 997, -1 ]

                                      }

                                    }

                                },
                                  
                                DEF o61 Group {
                                  children 
                                    DEF o62 Shape {
                                      appearance 
                                      Appearance {
                                        material 
                                        Material {
                                          diffuseColor 0.78039217 0.56862748 0.11372549
                                          ambientIntensity 0.23316483
                                          specularColor 0.99215686 0.94117647 0.80784315
                                          shininess 0.21789999

                                        }

                                      }
                                      geometry 
                                      IndexedFaceSet {
                                        coord 
                                        USE o58
                                        coordIndex [ 8, 10, 9, -1, 8, 4, 10, -1,
                                            10, 5, 11, -1, 4, 5, 10, -1,
                                            11, 6, 12, -1, 5, 6, 11, -1,
                                            12, 7, 13, -1, 13, 7, 14, -1,
                                            6, 7, 12, -1, 7, 3, 14, -1,
                                            14, 2, 15, -1, 3, 2, 14, -1,
                                            2, 1, 15, -1, 2, 0, 1, -1,
                                            16, 17, 18, -1, 18, 17, 19, -1,
                                            23, 25, 22, -1, 26, 22, 25, -1,
                                            24, 25, 23, -1, 29, 22, 26, -1,
                                            27, 29, 26, -1, 28, 29, 27, -1,
                                            32, 30, 31, -1, 32, 33, 30, -1,
                                            36, 34, 35, -1, 36, 37, 34, -1,
                                            40, 38, 39, -1, 40, 41, 38, -1,
                                            44, 42, 43, -1, 44, 45, 42, -1,
                                            47, 49, 46, -1, 48, 49, 47, -1,
                                            52, 53, 50, -1, 52, 50, 51, -1,
                                            56, 57, 54, -1, 56, 54, 55, -1,
                                            60, 61, 58, -1, 60, 58, 59, -1,
                                            63, 65, 62, -1, 20, 62, 65, -1,
                                            20, 61, 62, -1, 20, 65, 66, -1,
                                            64, 65, 63, -1, 21, 20, 66, -1,
                                            21, 66, 67, -1, 20, 22, 37, -1,
                                            37, 22, 34, -1, 34, 22, 33, -1,
                                            33, 22, 30, -1, 30, 22, 29, -1,
                                            20, 37, 38, -1, 20, 38, 41, -1,
                                            20, 41, 42, -1, 20, 42, 45, -1,
                                            20, 45, 46, -1, 20, 46, 49, -1,
                                            20, 49, 50, -1, 20, 50, 53, -1,
                                            20, 53, 54, -1, 20, 54, 57, -1,
                                            20, 57, 58, -1, 20, 58, 61, -1,
                                            69, 68, 70, -1, 69, 70, 71, -1,
                                            72, 73, 77, -1, 77, 73, 78, -1,
                                            78, 74, 79, -1, 73, 74, 78, -1,
                                            79, 75, 80, -1, 74, 75, 79, -1,
                                            80, 76, 81, -1, 75, 76, 80, -1,
                                            83, 82, 84, -1, 83, 84, 85, -1,
                                            87, 86, 88, -1, 87, 88, 89, -1,
                                            91, 90, 92, -1, 91, 92, 93, -1,
                                            95, 94, 99, -1, 95, 99, 100, -1,
                                            96, 100, 101, -1, 96, 95, 100, -1,
                                            97, 101, 102, -1, 97, 96, 101, -1,
                                            98, 102, 103, -1, 98, 97, 102, -1,
                                            107, 104, 106, -1, 105, 104, 107, -1,
                                            152, 153, 154, -1, 152, 154, 155, -1,
                                            151, 152, 155, -1, 148, 149, 150, -1,
                                            148, 150, 151, -1, 148, 151, 155, -1,
                                            144, 145, 146, -1, 144, 146, 147, -1,
                                            143, 141, 142, -1, 140, 141, 143, -1,
                                            136, 137, 138, -1, 136, 138, 139, -1,
                                            132, 133, 134, -1, 132, 134, 135, -1,
                                            128, 129, 130, -1, 128, 130, 131, -1,
                                            124, 125, 126, -1, 124, 126, 127, -1,
                                            120, 121, 122, -1, 120, 122, 123, -1,
                                            116, 117, 118, -1, 116, 118, 119, -1,
                                            112, 113, 114, -1, 112, 114, 115, -1,
                                            111, 108, 110, -1, 109, 111, 112, -1,
                                            109, 115, 116, -1, 109, 112, 115, -1,
                                            109, 108, 111, -1, 155, 109, 140, -1,
                                            140, 109, 139, -1, 139, 109, 136, -1,
                                            136, 109, 135, -1, 135, 109, 132, -1,
                                            132, 109, 131, -1, 131, 109, 128, -1,
                                            128, 109, 127, -1, 127, 109, 124, -1,
                                            124, 109, 123, -1, 123, 109, 120, -1,
                                            120, 109, 119, -1, 119, 109, 116, -1,
                                            155, 140, 143, -1, 155, 143, 144, -1,
                                            155, 144, 147, -1, 155, 147, 148, -1,
                                            157, 156, 158, -1, 158, 156, 159, -1,
                                            156, 160, 159, -1, 156, 171, 160, -1,
                                            160, 170, 164, -1, 171, 170, 160, -1,
                                            164, 169, 163, -1, 170, 169, 164, -1,
                                            163, 168, 162, -1, 169, 168, 163, -1,
                                            162, 167, 161, -1, 168, 167, 162, -1,
                                            161, 166, 165, -1, 167, 166, 161, -1,
                                            173, 172, 174, -1, 174, 172, 175, -1,
                                            187, 176, 172, -1, 172, 176, 175, -1,
                                            176, 186, 180, -1, 187, 186, 176, -1,
                                            180, 185, 179, -1, 186, 185, 180, -1,
                                            179, 184, 178, -1, 185, 184, 179, -1,
                                            178, 183, 177, -1, 184, 183, 178, -1,
                                            177, 182, 181, -1, 183, 182, 177, -1,
                                            189, 188, 190, -1, 190, 188, 191, -1,
                                            200, 202, 201, -1, 200, 196, 202, -1,
                                            202, 197, 203, -1, 196, 197, 202, -1,
                                            203, 198, 204, -1, 204, 198, 205, -1,
                                            197, 198, 203, -1, 198, 199, 205, -1,
                                            205, 195, 206, -1, 199, 195, 205, -1,
                                            206, 194, 207, -1, 195, 194, 206, -1,
                                            194, 193, 207, -1, 194, 192, 193, -1,
                                            208, 209, 210, -1, 208, 210, 211, -1,
                                            213, 212, 214, -1, 214, 212, 215, -1,
                                            227, 216, 212, -1, 212, 216, 215, -1,
                                            216, 226, 220, -1, 227, 226, 216, -1,
                                            220, 225, 219, -1, 226, 225, 220, -1,
                                            219, 224, 218, -1, 225, 224, 219, -1,
                                            218, 223, 217, -1, 224, 223, 218, -1,
                                            217, 222, 221, -1, 223, 222, 217, -1,
                                            229, 228, 230, -1, 230, 228, 231, -1,
                                            240, 236, 241, -1, 241, 236, 242, -1,
                                            242, 237, 243, -1, 243, 237, 244, -1,
                                            236, 237, 242, -1, 244, 238, 245, -1,
                                            237, 238, 244, -1, 238, 239, 245, -1,
                                            245, 235, 246, -1, 239, 235, 245, -1,
                                            246, 234, 247, -1, 235, 234, 246, -1,
                                            234, 233, 247, -1, 234, 232, 233, -1,
                                            248, 249, 250, -1, 248, 250, 251, -1,
                                            253, 252, 254, -1, 254, 252, 255, -1,
                                            267, 256, 252, -1, 252, 256, 255, -1,
                                            256, 266, 260, -1, 267, 266, 256, -1,
                                            260, 265, 259, -1, 266, 265, 260, -1,
                                            259, 264, 258, -1, 265, 264, 259, -1,
                                            258, 263, 257, -1, 264, 263, 258, -1,
                                            257, 262, 261, -1, 263, 262, 257, -1,
                                            269, 268, 270, -1, 270, 268, 271, -1,
                                            280, 276, 281, -1, 281, 276, 282, -1,
                                            282, 277, 283, -1, 283, 277, 284, -1,
                                            276, 277, 282, -1, 284, 278, 285, -1,
                                            277, 278, 284, -1, 278, 279, 285, -1,
                                            285, 275, 286, -1, 279, 275, 285, -1,
                                            286, 274, 287, -1, 275, 274, 286, -1,
                                            274, 273, 287, -1, 274, 272, 273, -1,
                                            288, 289, 290, -1, 288, 290, 291, -1,
                                            293, 292, 294, -1, 294, 292, 295, -1,
                                            307, 296, 292, -1, 292, 296, 295, -1,
                                            296, 306, 300, -1, 307, 306, 296, -1,
                                            300, 305, 299, -1, 306, 305, 300, -1,
                                            299, 304, 298, -1, 305, 304, 299, -1,
                                            298, 303, 297, -1, 304, 303, 298, -1,
                                            297, 302, 301, -1, 303, 302, 297, -1,
                                            309, 308, 310, -1, 310, 308, 311, -1,
                                            320, 316, 321, -1, 321, 316, 322, -1,
                                            322, 317, 323, -1, 316, 317, 322, -1,
                                            323, 318, 324, -1, 324, 318, 325, -1,
                                            317, 318, 323, -1, 318, 319, 325, -1,
                                            325, 315, 326, -1, 319, 315, 325, -1,
                                            326, 314, 327, -1, 315, 314, 326, -1,
                                            314, 313, 327, -1, 314, 312, 313, -1,
                                            328, 329, 330, -1, 328, 330, 331, -1,
                                            333, 332, 334, -1, 334, 332, 335, -1,
                                            347, 336, 332, -1, 332, 336, 335, -1,
                                            336, 346, 340, -1, 347, 346, 336, -1,
                                            340, 345, 339, -1, 346, 345, 340, -1,
                                            339, 344, 338, -1, 345, 344, 339, -1,
                                            338, 343, 337, -1, 344, 343, 338, -1,
                                            337, 342, 341, -1, 343, 342, 337, -1,
                                            349, 348, 350, -1, 350, 348, 351, -1,
                                            360, 356, 361, -1, 361, 356, 362, -1,
                                            362, 357, 363, -1, 363, 357, 364, -1,
                                            356, 357, 362, -1, 357, 358, 364, -1,
                                            364, 359, 365, -1, 365, 359, 366, -1,
                                            358, 359, 364, -1, 359, 355, 366, -1,
                                            366, 354, 367, -1, 355, 354, 366, -1,
                                            354, 353, 367, -1, 354, 352, 353, -1,
                                            368, 369, 370, -1, 368, 370, 371, -1,
                                            373, 372, 374, -1, 374, 372, 375, -1,
                                            387, 376, 372, -1, 372, 376, 375, -1,
                                            376, 386, 380, -1, 387, 386, 376, -1,
                                            380, 385, 379, -1, 386, 385, 380, -1,
                                            379, 384, 378, -1, 385, 384, 379, -1,
                                            378, 383, 377, -1, 384, 383, 378, -1,
                                            377, 382, 381, -1, 383, 382, 377, -1,
                                            389, 388, 390, -1, 390, 388, 391, -1,
                                            400, 402, 401, -1, 402, 396, 403, -1,
                                            400, 396, 402, -1, 403, 397, 404, -1,
                                            396, 397, 403, -1, 404, 398, 405, -1,
                                            397, 398, 404, -1, 405, 399, 406, -1,
                                            398, 399, 405, -1, 399, 395, 406, -1,
                                            406, 394, 407, -1, 395, 394, 406, -1,
                                            394, 393, 407, -1, 394, 392, 393, -1,
                                            408, 409, 410, -1, 408, 410, 411, -1,
                                            413, 412, 414, -1, 414, 412, 415, -1,
                                            427, 416, 412, -1, 412, 416, 415, -1,
                                            427, 420, 416, -1, 427, 426, 420, -1,
                                            420, 425, 419, -1, 426, 425, 420, -1,
                                            419, 424, 418, -1, 425, 424, 419, -1,
                                            418, 423, 417, -1, 424, 423, 418, -1,
                                            417, 422, 421, -1, 423, 422, 417, -1,
                                            429, 428, 430, -1, 430, 428, 431, -1,
                                            440, 442, 441, -1, 442, 436, 443, -1,
                                            440, 436, 442, -1, 443, 437, 444, -1,
                                            436, 437, 443, -1, 444, 438, 445, -1,
                                            437, 438, 444, -1, 445, 439, 446, -1,
                                            438, 439, 445, -1, 439, 435, 446, -1,
                                            446, 434, 447, -1, 435, 434, 446, -1,
                                            434, 433, 447, -1, 434, 432, 433, -1,
                                            448, 449, 450, -1, 448, 450, 451, -1,
                                            453, 452, 454, -1, 454, 452, 455, -1,
                                            467, 456, 452, -1, 452, 456, 455, -1,
                                            467, 460, 456, -1, 467, 466, 460, -1,
                                            460, 465, 459, -1, 466, 465, 460, -1,
                                            459, 464, 458, -1, 465, 464, 459, -1,
                                            458, 463, 457, -1, 464, 463, 458, -1,
                                            457, 462, 461, -1, 463, 462, 457, -1,
                                            469, 468, 470, -1, 470, 468, 471, -1,
                                            480, 482, 481, -1, 482, 476, 483, -1,
                                            480, 476, 482, -1, 483, 477, 484, -1,
                                            476, 477, 483, -1, 484, 478, 485, -1,
                                            477, 478, 484, -1, 485, 479, 486, -1,
                                            478, 479, 485, -1, 479, 475, 486, -1,
                                            486, 474, 487, -1, 475, 474, 486, -1,
                                            474, 473, 487, -1, 474, 472, 473, -1,
                                            488, 489, 490, -1, 488, 490, 491, -1,
                                            493, 492, 494, -1, 494, 492, 495, -1,
                                            507, 496, 492, -1, 492, 496, 495, -1,
                                            496, 506, 500, -1, 507, 506, 496, -1,
                                            500, 505, 499, -1, 506, 505, 500, -1,
                                            499, 504, 498, -1, 505, 504, 499, -1,
                                            498, 503, 497, -1, 504, 503, 498, -1,
                                            497, 502, 501, -1, 503, 502, 497, -1,
                                            509, 508, 510, -1, 510, 508, 511, -1,
                                            520, 522, 521, -1, 522, 516, 523, -1,
                                            520, 516, 522, -1, 523, 517, 524, -1,
                                            516, 517, 523, -1, 524, 518, 525, -1,
                                            517, 518, 524, -1, 518, 519, 525, -1,
                                            525, 515, 526, -1, 519, 515, 525, -1,
                                            526, 514, 527, -1, 515, 514, 526, -1,
                                            514, 513, 527, -1, 514, 512, 513, -1,
                                            528, 529, 530, -1, 528, 530, 531, -1,
                                            533, 532, 534, -1, 534, 532, 535, -1,
                                            547, 536, 532, -1, 532, 536, 535, -1,
                                            536, 546, 540, -1, 547, 546, 536, -1,
                                            540, 545, 539, -1, 546, 545, 540, -1,
                                            539, 544, 538, -1, 545, 544, 539, -1,
                                            538, 543, 537, -1, 544, 543, 538, -1,
                                            537, 542, 541, -1, 543, 542, 537, -1,
                                            549, 548, 550, -1, 550, 548, 551, -1,
                                            560, 562, 561, -1, 560, 556, 562, -1,
                                            562, 557, 563, -1, 563, 557, 564, -1,
                                            556, 557, 562, -1, 564, 558, 565, -1,
                                            557, 558, 564, -1, 558, 559, 565, -1,
                                            565, 555, 566, -1, 559, 555, 565, -1,
                                            566, 554, 567, -1, 555, 554, 566, -1,
                                            554, 553, 567, -1, 554, 552, 553, -1,
                                            568, 569, 570, -1, 568, 570, 571, -1,
                                            573, 572, 574, -1, 574, 572, 575, -1,
                                            587, 576, 572, -1, 572, 576, 575, -1,
                                            587, 580, 576, -1, 587, 586, 580, -1,
                                            580, 585, 579, -1, 586, 585, 580, -1,
                                            579, 584, 578, -1, 585, 584, 579, -1,
                                            578, 583, 577, -1, 584, 583, 578, -1,
                                            577, 582, 581, -1, 583, 582, 577, -1,
                                            589, 588, 590, -1, 590, 588, 591, -1,
                                            600, 602, 601, -1, 600, 596, 602, -1,
                                            602, 597, 603, -1, 603, 597, 604, -1,
                                            596, 597, 602, -1, 604, 598, 605, -1,
                                            597, 598, 604, -1, 598, 599, 605, -1,
                                            605, 595, 606, -1, 599, 595, 605, -1,
                                            606, 594, 607, -1, 595, 594, 606, -1,
                                            594, 593, 607, -1, 594, 592, 593, -1,
                                            608, 609, 610, -1, 608, 610, 611, -1,
                                            615, 613, 614, -1, 612, 613, 615, -1,
                                            619, 617, 618, -1, 616, 617, 619, -1,
                                            623, 621, 622, -1, 620, 621, 623, -1,
                                            627, 625, 626, -1, 624, 625, 627, -1,
                                            631, 629, 630, -1, 628, 629, 631, -1,
                                            635, 633, 634, -1, 632, 633, 635, -1,
                                            639, 637, 638, -1, 636, 637, 639, -1,
                                            643, 641, 642, -1, 640, 641, 643, -1,
                                            647, 645, 646, -1, 644, 645, 647, -1,
                                            651, 649, 650, -1, 648, 649, 651, -1,
                                            655, 653, 654, -1, 652, 653, 655, -1,
                                            657, 656, 661, -1, 657, 661, 662, -1,
                                            658, 662, 663, -1, 658, 657, 662, -1,
                                            659, 663, 664, -1, 659, 658, 663, -1,
                                            660, 664, 665, -1, 660, 659, 664, -1,
                                            666, 667, 668, -1, 666, 668, 669, -1,
                                            670, 671, 672, -1, 670, 672, 673, -1,
                                            674, 675, 676, -1, 674, 676, 677, -1,
                                            678, 679, 683, -1, 683, 679, 684, -1,
                                            684, 680, 685, -1, 679, 680, 684, -1,
                                            685, 681, 686, -1, 680, 681, 685, -1,
                                            686, 682, 687, -1, 681, 682, 686, -1,
                                            688, 689, 693, -1, 693, 689, 694, -1,
                                            694, 690, 695, -1, 689, 690, 694, -1,
                                            695, 691, 696, -1, 690, 691, 695, -1,
                                            696, 692, 697, -1, 691, 692, 696, -1,
                                            698, 699, 700, -1, 698, 700, 701, -1,
                                            702, 703, 704, -1, 702, 704, 705, -1,
                                            706, 707, 708, -1, 706, 708, 709, -1,
                                            711, 710, 715, -1, 711, 715, 716, -1,
                                            712, 716, 717, -1, 712, 711, 716, -1,
                                            713, 717, 718, -1, 713, 712, 717, -1,
                                            714, 718, 719, -1, 714, 713, 718, -1,
                                            720, 721, 725, -1, 725, 721, 726, -1,
                                            726, 722, 727, -1, 721, 722, 726, -1,
                                            727, 723, 728, -1, 722, 723, 727, -1,
                                            728, 724, 729, -1, 723, 724, 728, -1,
                                            730, 731, 732, -1, 730, 732, 733, -1,
                                            734, 735, 736, -1, 734, 736, 737, -1,
                                            738, 739, 740, -1, 738, 740, 741, -1,
                                            743, 742, 747, -1, 743, 747, 748, -1,
                                            744, 748, 749, -1, 744, 743, 748, -1,
                                            745, 749, 750, -1, 745, 744, 749, -1,
                                            746, 750, 751, -1, 746, 745, 750, -1,
                                            752, 753, 757, -1, 757, 753, 758, -1,
                                            758, 754, 759, -1, 753, 754, 758, -1,
                                            759, 755, 760, -1, 754, 755, 759, -1,
                                            760, 756, 761, -1, 755, 756, 760, -1,
                                            762, 763, 764, -1, 762, 764, 765, -1,
                                            766, 767, 768, -1, 766, 768, 769, -1,
                                            770, 771, 772, -1, 770, 772, 773, -1,
                                            775, 774, 779, -1, 775, 779, 780, -1,
                                            776, 780, 781, -1, 776, 775, 780, -1,
                                            777, 781, 782, -1, 777, 776, 781, -1,
                                            778, 782, 783, -1, 778, 777, 782, -1,
                                            784, 785, 789, -1, 789, 785, 790, -1,
                                            790, 785, 791, -1, 791, 786, 792, -1,
                                            785, 786, 791, -1, 786, 787, 792, -1,
                                            792, 788, 793, -1, 787, 788, 792, -1,
                                            794, 795, 796, -1, 794, 796, 797, -1,
                                            798, 799, 800, -1, 798, 800, 801, -1,
                                            802, 803, 804, -1, 802, 804, 805, -1,
                                            807, 806, 811, -1, 807, 811, 812, -1,
                                            808, 812, 813, -1, 808, 807, 812, -1,
                                            809, 813, 814, -1, 809, 808, 813, -1,
                                            810, 814, 815, -1, 810, 809, 814, -1,
                                            816, 817, 821, -1, 821, 817, 822, -1,
                                            822, 817, 823, -1, 823, 818, 824, -1,
                                            817, 818, 823, -1, 818, 819, 824, -1,
                                            824, 820, 825, -1, 819, 820, 824, -1,
                                            826, 827, 828, -1, 826, 828, 829, -1,
                                            830, 831, 832, -1, 830, 832, 833, -1,
                                            834, 835, 836, -1, 834, 836, 837, -1,
                                            839, 838, 843, -1, 839, 843, 844, -1,
                                            840, 844, 845, -1, 840, 839, 844, -1,
                                            841, 845, 846, -1, 841, 840, 845, -1,
                                            842, 846, 847, -1, 842, 841, 846, -1,
                                            848, 849, 853, -1, 853, 849, 854, -1,
                                            854, 850, 855, -1, 849, 850, 854, -1,
                                            855, 851, 856, -1, 850, 851, 855, -1,
                                            856, 852, 857, -1, 851, 852, 856, -1,
                                            858, 859, 860, -1, 858, 860, 861, -1,
                                            862, 863, 864, -1, 862, 864, 865, -1,
                                            866, 867, 868, -1, 866, 868, 869, -1,
                                            871, 870, 875, -1, 871, 875, 876, -1,
                                            872, 876, 877, -1, 872, 871, 876, -1,
                                            873, 877, 878, -1, 873, 872, 877, -1,
                                            874, 878, 879, -1, 874, 873, 878, -1,
                                            880, 881, 885, -1, 885, 881, 886, -1,
                                            886, 882, 887, -1, 881, 882, 886, -1,
                                            887, 883, 888, -1, 882, 883, 887, -1,
                                            888, 884, 889, -1, 883, 884, 888, -1,
                                            890, 891, 892, -1, 890, 892, 893, -1,
                                            894, 895, 896, -1, 894, 896, 897, -1,
                                            898, 899, 900, -1, 898, 900, 901, -1,
                                            903, 902, 907, -1, 903, 907, 908, -1,
                                            904, 908, 909, -1, 904, 903, 908, -1,
                                            905, 909, 910, -1, 905, 904, 909, -1,
                                            906, 910, 911, -1, 906, 905, 910, -1,
                                            912, 913, 917, -1, 917, 913, 918, -1,
                                            918, 914, 919, -1, 913, 914, 918, -1,
                                            919, 915, 920, -1, 914, 915, 919, -1,
                                            920, 916, 921, -1, 915, 916, 920, -1,
                                            922, 923, 924, -1, 922, 924, 925, -1,
                                            926, 927, 928, -1, 926, 928, 929, -1,
                                            930, 931, 932, -1, 930, 932, 933, -1,
                                            935, 934, 939, -1, 935, 939, 940, -1,
                                            936, 940, 941, -1, 936, 935, 940, -1,
                                            937, 941, 942, -1, 937, 936, 941, -1,
                                            938, 942, 943, -1, 938, 937, 942, -1,
                                            944, 945, 949, -1, 949, 945, 950, -1,
                                            950, 946, 951, -1, 945, 946, 950, -1,
                                            951, 947, 952, -1, 946, 947, 951, -1,
                                            952, 948, 953, -1, 947, 948, 952, -1,
                                            954, 955, 956, -1, 954, 956, 957, -1,
                                            958, 959, 960, -1, 958, 960, 961, -1,
                                            962, 963, 964, -1, 962, 964, 965, -1,
                                            967, 966, 971, -1, 967, 971, 972, -1,
                                            968, 972, 973, -1, 968, 967, 972, -1,
                                            969, 973, 974, -1, 969, 968, 973, -1,
                                            970, 974, 975, -1, 970, 969, 974, -1,
                                            976, 977, 981, -1, 981, 977, 982, -1,
                                            982, 978, 983, -1, 977, 978, 982, -1,
                                            983, 979, 984, -1, 978, 979, 983, -1,
                                            984, 980, 985, -1, 979, 980, 984, -1,
                                            986, 987, 988, -1, 986, 988, 989, -1,
                                            990, 991, 992, -1, 990, 992, 993, -1,
                                            994, 995, 996, -1, 994, 996, 997, -1,
                                            999, 998, 1003, -1, 999, 1003, 1004, -1,
                                            1000, 1004, 1005, -1, 1000, 999, 1004, -1,
                                            1001, 1005, 1006, -1, 1001, 1000, 1005, -1,
                                            1002, 1006, 1007, -1, 1002, 1001, 1006, -1 ]
                                        ccw TRUE
                                        solid FALSE
                                        convex TRUE
                                        creaseAngle 0

                                      }

                                    }

                                } ]

                            }

                        }

                    } ]

                }

            }

        },
          
        DEF o63 Group {
          children 
            DEF o64 Transform {
              translation 0 0 0
              rotation 0 0 1  0
              scale 1 1 1
              scaleOrientation 0 0 1  0
              center 0 0 0

            }

        },
          
        DEF o65 Group {
          children 
            DEF o66 Transform {
              translation 0 0 0
              rotation 0 0 1  0
              scale 1 1 1
              scaleOrientation 0 0 1  0
              center 0 0 0

            }

        },
          
        DEF o67 Group {
          children 
            DEF o68 Transform {
              translation 0 0 0
              rotation 0 0 1  0
              scale 1 1 1
              scaleOrientation 0 0 1  0
              center 0 0 0

            }

        },
          
        DEF o69 Group {
          children 
            DEF o70 Transform {
              translation 0 0 0
              rotation 0 0 1  0
              scale 1 1 1
              scaleOrientation 0 0 1  0
              center 0 0 0

            }

        },
          
        DEF o71 Group {
          children 
            DEF o72 Transform {
              translation 0 0 0
              rotation 0 0 1  0
              scale 1 1 1
              scaleOrientation 0 0 1  0
              center 0 0 0

            }

        },
          
        DEF o73 Group {
          children 
            DEF o74 Transform {
              translation 0 0 0
              rotation 0 0 1  0
              scale 1 1 1
              scaleOrientation 0 0 1  0
              center 0 0 0

            }

        },
          
        DEF o75 Group {
          children 
            DEF o76 Transform {
              translation 0 0 0
              rotation 0 0 1  0
              scale 1 1 1
              scaleOrientation 0 0 1  0
              center 0 0 0

            }

        },
          
        DEF o77 Group {
          children 
            DEF o78 Transform {
              translation 0 0 0
              rotation 0 0 1  0
              scale 1 1 1
              scaleOrientation 0 0 1  0
              center 0 0 0
              children 
                DEF o79 Group {
                  children [ 
                    DEF o80 Group {
                      children 
                        DEF o81 Shape {
                          appearance 
                          Appearance {
                            material 
                            Material {
                              emissiveColor 0.098039217 0.098039217 0.098039217

                            }

                          }
                          geometry 
                          PointSet {
                            coord 
                            USE o37

                          }

                        }

                    },
                      
                    DEF o82 Group {
                      children 
                        DEF o83 Shape {
                          appearance 
                          Appearance {
                            material 
                            Material {
                              diffuseColor 0.098039217 0.098039217 0.098039217
                              shininess 1

                            }

                          }
                          geometry 
                          IndexedLineSet {
                            coord 
                            USE o37
                            coordIndex [ 4, 5, -1, 5, 13, -1, 13, 12,
                                -1, 12, 11, -1, 11, 10, -1, 9,
                                10, -1, 9, 8, -1, 8, 7, -1,
                                7, 6, -1, 6, 4, -1, 0, 1,
                                -1, 1, 3, -1, 3, 2, -1, 2,
                                0, -1, 14, 15, -1, 21, 15, -1,
                                21, 20, -1, 20, 19, -1, 18, 19,
                                -1, 17, 18, -1, 14, 16, -1, 22,
                                23, -1, 22, 24, -1, 26, 27, -1,
                                26, 28, -1, 30, 31, -1, 30, 32,
                                -1, 34, 35, -1, 36, 34, -1, 40,
                                41, -1, 39, 40, -1, 48, 49, -1,
                                48, 47, -1, 46, 47, -1, 45, 46,
                                -1, 44, 45, -1, 42, 44, -1, 61,
                                51, -1, 60, 61, -1, 60, 59, -1,
                                59, 58, -1, 58, 57, -1, 57, 56,
                                -1, 56, 55, -1, 54, 55, -1, 53,
                                54, -1, 52, 53, -1, 62, 63, 64,
                                65, 66, 67, 68, 69, 70, 71, 72,
                                73, 74, 75, 76, 77, 78, 79, 80,
                                81, 82, 83, 84, 85, 86, 87, 88,
                                89, 90, 91, -1, 93, 95, 96, 97,
                                98, 99, 100, 101, -1, 102, 103, -1,
                                103, 105, -1, 102, 104, -1, 106, 107,
                                -1, 106, 108, -1, 110, 111, -1, 110,
                                112, -1, 114, 115, -1, 122, 123, -1,
                                123, 132, -1, 131, 132, -1, 130, 131,
                                -1, 136, 134, -1, 136, 137, 138, 139,
                                135, -1, 140, 141, 142, 143, 144, 145,
                                146, 147, 148, 149, 150, 151, 152, 153,
                                154, 155, 156, 157, 158, 159, 160, 161,
                                162, 163, 164, 165, 166, 167, 168, 169,
                                170, 171, 172, 173, 174, 175, 176, 177,
                                178, 179, 180, 181, 182, 183, 184, 185,
                                186, 187, 188, 189, 190, 191, 192, 193,
                                194, 195, 196, 197, -1, 197, 257, -1,
                                236, 237, 238, 239, 240, 241, 242, 243,
                                244, 245, 246, 247, 248, 249, 250, 251,
                                252, 253, 254, 255, 256, 257, -1, 198,
                                199, 200, 201, 202, 203, 204, 205, 206,
                                207, 208, 209, 210, 211, 212, 213, 214,
                                215, 216, 217, 218, 219, 220, 221, 222,
                                223, 224, 225, 226, 227, 228, 229, 230,
                                231, -1, 140, 198, -1, 258, 259, 260,
                                261, 262, 263, 264, 265, 266, 267, 268,
                                269, 270, 271, 272, 273, 274, 275, 276,
                                277, 278, 279, 280, 281, -1, 258, 349,
                                -1, 326, 327, 328, 329, 330, 331, 332,
                                333, 334, 335, 336, 337, 338, 339, 340,
                                341, 342, 343, 344, 345, 346, 347, 348,
                                349, -1, 304, 283, -1, 283, 284, 285,
                                286, 287, 288, 289, 290, 291, 292, 293,
                                294, 295, 296, 297, 298, 299, 300, 301,
                                302, 303, 282, -1, 281, 282, -1, 350,
                                442, 443, 444, 445, 446, 447, 448, 449,
                                450, 451, 452, 453, 454, 455, 456, 457,
                                458, 459, 460, 461, 462, 463, 464, 465,
                                466, 467, 468, 469, 413, -1, 413, 414,
                                415, 416, 417, 418, 419, 420, 421, 422,
                                423, 424, 425, 426, 427, 428, 429, 430,
                                431, 432, 433, 434, 435, 436, 437, 438,
                                439, 440, 441, 412, -1, 412, 411, -1,
                                471, 473, -1, 473, 472, -1, 480, 481,
                                -1, 479, 480, -1, 479, 478, -1, 478,
                                477, -1, 476, 477, -1, 474, 476, -1,
                                484, 485, -1, 484, 482, -1, 519, 579,
                                -1, 579, 580, 581, 582, 583, 584, 585,
                                586, 587, 588, 589, 590, 591, 592, 593,
                                594, 595, 596, 597, 598, 599, 600, 601,
                                602, 603, 604, 605, 606, 607, 550, -1,
                                550, 551, 552, 553, 554, 555, 556, 557,
                                558, 559, 560, 561, 562, 563, 564, 565,
                                566, 567, 568, 569, 570, 571, 572, 573,
                                574, 575, 576, 577, 578, 549, -1, 608,
                                609, -1, 667, 668, 669, 670, 671, 672,
                                673, 674, 675, 676, 677, 678, 679, 680,
                                681, 682, 683, 684, 685, 686, 687, 688,
                                689, 690, 691, 692, 693, 694, 695, 696,
                                697, 698, 699, 700, 701, 702, 703, 704,
                                705, 706, 707, 708, 709, 710, 711, 712,
                                713, 714, 715, 716, 717, 718, 719, 720,
                                721, 722, 723, 609, -1, 667, 666, -1,
                                724, 725, 726, 727, 728, 729, 730, 731,
                                -1, 724, 843, -1, 791, 820, -1, 731,
                                732, 733, 734, 735, 736, 737, 738, 739,
                                740, 741, 742, 743, 744, 745, 746, 747,
                                748, 749, 750, 751, 752, 753, 754, 755,
                                756, 757, 758, 759, 760, -1, 874, 844,
                                -1, 879, 880, -1, 886, 887, -1, 885,
                                886, -1, 885, 884, -1, 884, 883, -1,
                                883, 882, -1, 882, 881, -1, 881, 880,
                                -1, 875, 876, -1, 876, 878, -1, 878,
                                877, -1, 877, 875, -1, 889, 890, -1,
                                890, 896, -1, 896, 895, -1, 894, 895,
                                -1, 893, 892, -1, 897, 899, -1, 905,
                                906, -1, 908, 909, -1, 907, 908, -1,
                                906, 907, -1, 911, 913, -1, 950, 951,
                                952, 953, 954, 955, 956, 957, 958, 959,
                                960, 961, 962, 963, 964, 965, 966, 967,
                                968, 969, 970, 971, 972, 973, 974, 975,
                                976, 977, 978, 979, 980, 981, 982, 949,
                                -1, 915, 949, -1, 986, 985, -1, 1071,
                                1072, 1073, 1074, 1075, -1, 1071, 1070, -1,
                                1116, 1110, -1, 1112, 1113, -1, 1112, 1111,
                                -1, 1109, 1111, -1, 1118, 1120, -1, 1119,
                                1120, -1, 1134, 1135, -1, 1137, 1134, -1,
                                1141, 1140, -1, 1140, 1138, -1, 1145, 1143,
                                -1, 1144, 1145, -1, 1147, 1149, -1, 1149,
                                1148, -1, 1153, 1152, -1, 1155, 1157, -1,
                                1157, 1156, -1, 1154, 1156, -1, 1159, 1161,
                                -1, 1161, 1160, -1, 1163, 1165, -1, 1165,
                                1164, -1, 1169, 1168, -1, 1175, 1184, -1,
                                1183, 1184, -1, 1181, 1182, -1 ]

                          }

                        }

                    },
                      
                    DEF o84 Group {
                      children 
                        DEF o85 Shape {
                          appearance 
                          Appearance {
                            material 
                            Material {
                              diffuseColor 0.67843139 0.70980394 0.74117649
                              ambientIntensity 0.33333334
                              specularColor 0.53333336 0.53333336 0.53333336
                              shininess 0.89999998

                            }

                          }
                          geometry 
                          IndexedFaceSet {
                            coord 
                            USE o37
                            coordIndex [ 9, 10, 11, -1, 3, 9, 11, -1,
                                1, 9, 3, -1, 2, 11, 12, -1,
                                2, 3, 11, -1, 13, 2, 12, -1,
                                0, 2, 13, -1, 5, 1, 0, -1,
                                5, 0, 13, -1, 8, 1, 5, -1,
                                6, 5, 4, -1, 7, 8, 5, -1,
                                7, 5, 6, -1, 8, 9, 1, -1,
                                14, 18, 16, -1, 16, 18, 17, -1,
                                14, 15, 18, -1, 15, 19, 18, -1,
                                21, 20, 15, -1, 15, 20, 19, -1,
                                22, 23, 24, -1, 24, 23, 25, -1,
                                26, 29, 28, -1, 26, 27, 29, -1,
                                31, 32, 33, -1, 30, 32, 31, -1,
                                34, 37, 36, -1, 34, 35, 37, -1,
                                40, 39, 41, -1, 41, 39, 38, -1,
                                47, 46, 48, -1, 46, 49, 48, -1,
                                46, 45, 49, -1, 42, 43, 44, -1,
                                43, 49, 44, -1, 44, 49, 45, -1,
                                51, 53, 50, -1, 61, 53, 51, -1,
                                53, 52, 50, -1, 59, 58, 60, -1,
                                60, 58, 61, -1, 57, 54, 58, -1,
                                58, 54, 61, -1, 61, 54, 53, -1,
                                54, 56, 55, -1, 57, 56, 54, -1,
                                77, 76, 92, -1, 92, 78, 77, -1,
                                76, 75, 92, -1, 92, 79, 78, -1,
                                75, 74, 92, -1, 92, 80, 79, -1,
                                74, 73, 92, -1, 92, 81, 80, -1,
                                73, 72, 92, -1, 92, 82, 81, -1,
                                72, 71, 92, -1, 92, 83, 82, -1,
                                71, 70, 92, -1, 92, 84, 83, -1,
                                70, 69, 92, -1, 92, 85, 84, -1,
                                69, 68, 92, -1, 92, 86, 85, -1,
                                68, 67, 92, -1, 92, 87, 86, -1,
                                67, 66, 92, -1, 66, 65, 92, -1,
                                65, 64, 92, -1, 92, 91, 90, -1,
                                92, 90, 89, -1, 92, 89, 88, -1,
                                92, 88, 87, -1, 62, 92, 63, -1,
                                63, 92, 64, -1, 98, 94, 99, -1,
                                99, 94, 100, -1, 94, 101, 100, -1,
                                93, 94, 95, -1, 95, 94, 96, -1,
                                96, 94, 97, -1, 97, 94, 98, -1,
                                102, 103, 104, -1, 104, 103, 105, -1,
                                106, 107, 108, -1, 108, 107, 109, -1,
                                110, 113, 112, -1, 110, 111, 113, -1,
                                114, 115, 116, -1, 116, 115, 117, -1,
                                131, 123, 122, -1, 132, 123, 131, -1,
                                121, 125, 126, -1, 119, 124, 125, -1,
                                119, 125, 121, -1, 120, 126, 127, -1,
                                120, 121, 126, -1, 129, 120, 127, -1,
                                118, 120, 129, -1, 128, 129, 127, -1,
                                130, 119, 118, -1, 130, 124, 119, -1,
                                130, 118, 129, -1, 122, 124, 131, -1,
                                130, 131, 124, -1, 137, 134, 136, -1,
                                138, 133, 137, -1, 139, 133, 138, -1,
                                135, 133, 139, -1, 137, 133, 134, -1,
                                198, 140, 199, -1, 140, 141, 199, -1,
                                199, 141, 200, -1, 141, 142, 200, -1,
                                200, 142, 201, -1, 142, 143, 201, -1,
                                201, 143, 202, -1, 143, 144, 202, -1,
                                202, 144, 203, -1, 144, 145, 203, -1,
                                203, 145, 204, -1, 145, 146, 204, -1,
                                204, 146, 205, -1, 146, 147, 205, -1,
                                205, 147, 206, -1, 147, 148, 206, -1,
                                206, 148, 207, -1, 148, 149, 207, -1,
                                207, 149, 208, -1, 149, 150, 208, -1,
                                208, 150, 209, -1, 150, 151, 209, -1,
                                209, 151, 210, -1, 210, 152, 211, -1,
                                151, 152, 210, -1, 211, 153, 212, -1,
                                152, 153, 211, -1, 212, 154, 213, -1,
                                153, 154, 212, -1, 213, 155, 214, -1,
                                154, 155, 213, -1, 214, 156, 215, -1,
                                155, 156, 214, -1, 215, 157, 216, -1,
                                156, 157, 215, -1, 216, 158, 217, -1,
                                157, 158, 216, -1, 217, 159, 218, -1,
                                158, 159, 217, -1, 159, 160, 218, -1,
                                218, 160, 219, -1, 160, 161, 219, -1,
                                219, 161, 220, -1, 161, 162, 220, -1,
                                220, 162, 221, -1, 162, 163, 221, -1,
                                221, 163, 222, -1, 163, 164, 222, -1,
                                222, 164, 223, -1, 164, 165, 223, -1,
                                223, 165, 224, -1, 165, 166, 224, -1,
                                224, 166, 225, -1, 166, 167, 225, -1,
                                225, 167, 226, -1, 167, 168, 226, -1,
                                226, 168, 227, -1, 168, 169, 227, -1,
                                227, 169, 228, -1, 169, 170, 228, -1,
                                228, 170, 229, -1, 170, 171, 229, -1,
                                229, 171, 230, -1, 171, 172, 230, -1,
                                230, 172, 231, -1, 172, 173, 231, -1,
                                231, 173, 232, -1, 234, 236, 235, -1,
                                173, 174, 232, -1, 232, 174, 233, -1,
                                174, 175, 233, -1, 233, 175, 234, -1,
                                234, 176, 236, -1, 175, 176, 234, -1,
                                236, 176, 237, -1, 176, 177, 237, -1,
                                237, 177, 238, -1, 177, 178, 238, -1,
                                238, 178, 239, -1, 178, 179, 239, -1,
                                239, 179, 240, -1, 240, 180, 241, -1,
                                179, 180, 240, -1, 241, 181, 242, -1,
                                180, 181, 241, -1, 242, 182, 243, -1,
                                181, 182, 242, -1, 243, 183, 244, -1,
                                182, 183, 243, -1, 183, 184, 244, -1,
                                244, 184, 245, -1, 245, 185, 246, -1,
                                184, 185, 245, -1, 246, 186, 247, -1,
                                185, 186, 246, -1, 247, 187, 248, -1,
                                186, 187, 247, -1, 248, 188, 249, -1,
                                187, 188, 248, -1, 249, 189, 250, -1,
                                188, 189, 249, -1, 250, 190, 251, -1,
                                189, 190, 250, -1, 251, 191, 252, -1,
                                190, 191, 251, -1, 252, 192, 253, -1,
                                191, 192, 252, -1, 253, 193, 254, -1,
                                192, 193, 253, -1, 254, 194, 255, -1,
                                193, 194, 254, -1, 255, 195, 256, -1,
                                194, 195, 255, -1, 256, 196, 257, -1,
                                195, 196, 256, -1, 196, 197, 257, -1,
                                326, 305, 327, -1, 327, 305, 328, -1,
                                328, 306, 329, -1, 305, 306, 328, -1,
                                306, 307, 329, -1, 329, 307, 330, -1,
                                307, 308, 330, -1, 330, 308, 331, -1,
                                308, 309, 331, -1, 309, 332, 331, -1,
                                309, 310, 332, -1, 310, 333, 332, -1,
                                310, 311, 333, -1, 311, 334, 333, -1,
                                311, 312, 334, -1, 312, 335, 334, -1,
                                312, 313, 335, -1, 313, 336, 335, -1,
                                313, 314, 336, -1, 314, 337, 336, -1,
                                314, 315, 337, -1, 315, 338, 337, -1,
                                316, 338, 315, -1, 316, 339, 338, -1,
                                317, 339, 316, -1, 317, 340, 339, -1,
                                318, 340, 317, -1, 318, 341, 340, -1,
                                319, 341, 318, -1, 319, 342, 341, -1,
                                320, 342, 319, -1, 320, 343, 342, -1,
                                321, 343, 320, -1, 322, 344, 321, -1,
                                321, 344, 343, -1, 323, 345, 322, -1,
                                322, 345, 344, -1, 324, 346, 323, -1,
                                323, 346, 345, -1, 324, 347, 346, -1,
                                325, 347, 324, -1, 325, 348, 347, -1,
                                304, 348, 325, -1, 304, 349, 348, -1,
                                283, 258, 304, -1, 304, 258, 349, -1,
                                284, 259, 283, -1, 283, 259, 258, -1,
                                285, 260, 284, -1, 284, 260, 259, -1,
                                286, 261, 285, -1, 285, 261, 260, -1,
                                287, 262, 286, -1, 286, 262, 261, -1,
                                288, 263, 287, -1, 287, 263, 262, -1,
                                288, 264, 263, -1, 289, 264, 288, -1,
                                290, 265, 289, -1, 289, 265, 264, -1,
                                281, 280, 282, -1, 291, 266, 290, -1,
                                290, 266, 265, -1, 280, 279, 282, -1,
                                282, 279, 303, -1, 292, 267, 291, -1,
                                291, 267, 266, -1, 303, 278, 302, -1,
                                279, 278, 303, -1, 293, 268, 292, -1,
                                292, 268, 267, -1, 302, 277, 301, -1,
                                278, 277, 302, -1, 294, 269, 293, -1,
                                293, 269, 268, -1, 277, 276, 301, -1,
                                301, 276, 300, -1, 295, 270, 294, -1,
                                294, 270, 269, -1, 300, 275, 299, -1,
                                276, 275, 300, -1, 295, 271, 270, -1,
                                296, 271, 295, -1, 275, 274, 299, -1,
                                299, 274, 298, -1, 297, 272, 296, -1,
                                296, 272, 271, -1, 274, 273, 298, -1,
                                298, 273, 297, -1, 297, 273, 272, -1,
                                442, 350, 351, -1, 442, 351, 352, -1,
                                442, 352, 353, -1, 443, 442, 353, -1,
                                444, 353, 354, -1, 444, 443, 353, -1,
                                445, 354, 355, -1, 445, 444, 354, -1,
                                446, 355, 356, -1, 446, 445, 355, -1,
                                447, 356, 357, -1, 447, 446, 356, -1,
                                448, 357, 358, -1, 448, 447, 357, -1,
                                449, 358, 359, -1, 449, 448, 358, -1,
                                450, 359, 360, -1, 450, 360, 361, -1,
                                450, 449, 359, -1, 451, 450, 361, -1,
                                452, 361, 362, -1, 452, 451, 361, -1,
                                453, 362, 363, -1, 453, 452, 362, -1,
                                454, 363, 364, -1, 454, 364, 365, -1,
                                454, 453, 363, -1, 455, 454, 365, -1,
                                456, 365, 366, -1, 456, 455, 365, -1,
                                457, 366, 367, -1, 457, 456, 366, -1,
                                458, 367, 368, -1, 458, 457, 367, -1,
                                459, 368, 369, -1, 459, 458, 368, -1,
                                460, 369, 370, -1, 460, 459, 369, -1,
                                461, 370, 371, -1, 461, 460, 370, -1,
                                462, 461, 371, -1, 462, 371, 372, -1,
                                462, 372, 373, -1, 463, 462, 373, -1,
                                463, 373, 374, -1, 464, 463, 374, -1,
                                465, 464, 374, -1, 465, 374, 375, -1,
                                466, 465, 375, -1, 466, 375, 376, -1,
                                467, 376, 377, -1, 467, 466, 376, -1,
                                468, 377, 378, -1, 468, 467, 377, -1,
                                469, 378, 379, -1, 469, 468, 378, -1,
                                413, 379, 380, -1, 413, 380, 381, -1,
                                413, 469, 379, -1, 414, 381, 382, -1,
                                414, 413, 381, -1, 415, 382, 383, -1,
                                415, 414, 382, -1, 416, 383, 384, -1,
                                416, 415, 383, -1, 417, 384, 385, -1,
                                417, 416, 384, -1, 388, 386, 387, -1,
                                418, 385, 386, -1, 418, 417, 385, -1,
                                419, 386, 388, -1, 419, 418, 386, -1,
                                420, 388, 389, -1, 420, 419, 388, -1,
                                421, 389, 390, -1, 421, 420, 389, -1,
                                422, 390, 391, -1, 422, 421, 390, -1,
                                423, 391, 392, -1, 423, 422, 391, -1,
                                424, 392, 393, -1, 424, 423, 392, -1,
                                425, 393, 394, -1, 425, 424, 393, -1,
                                426, 394, 395, -1, 426, 425, 394, -1,
                                427, 395, 396, -1, 427, 426, 395, -1,
                                428, 427, 396, -1, 428, 396, 397, -1,
                                429, 428, 397, -1, 429, 397, 398, -1,
                                430, 429, 398, -1, 430, 398, 399, -1,
                                431, 430, 399, -1, 431, 399, 400, -1,
                                432, 431, 400, -1, 432, 400, 401, -1,
                                433, 432, 401, -1, 433, 401, 402, -1,
                                434, 433, 402, -1, 434, 402, 403, -1,
                                435, 434, 403, -1, 435, 403, 404, -1,
                                436, 435, 404, -1, 436, 404, 405, -1,
                                437, 436, 405, -1, 437, 405, 406, -1,
                                438, 437, 406, -1, 438, 406, 407, -1,
                                439, 438, 407, -1, 439, 407, 408, -1,
                                440, 439, 408, -1, 440, 408, 409, -1,
                                441, 440, 409, -1, 441, 409, 410, -1,
                                412, 441, 410, -1, 412, 410, 411, -1,
                                470, 471, 472, -1, 472, 471, 473, -1,
                                476, 474, 481, -1, 474, 475, 481, -1,
                                476, 480, 477, -1, 481, 480, 476, -1,
                                479, 478, 480, -1, 480, 478, 477, -1,
                                482, 483, 484, -1, 484, 483, 485, -1,
                                487, 486, 488, -1, 487, 488, 489, -1,
                                535, 623, 534, -1, 536, 624, 535, -1,
                                535, 624, 623, -1, 534, 622, 533, -1,
                                623, 622, 534, -1, 537, 625, 536, -1,
                                536, 625, 624, -1, 533, 621, 532, -1,
                                622, 621, 533, -1, 538, 626, 537, -1,
                                537, 626, 625, -1, 532, 620, 531, -1,
                                621, 620, 532, -1, 538, 627, 626, -1,
                                539, 627, 538, -1, 531, 619, 530, -1,
                                620, 619, 531, -1, 540, 628, 539, -1,
                                539, 628, 627, -1, 530, 618, 529, -1,
                                619, 618, 530, -1, 541, 629, 540, -1,
                                540, 629, 628, -1, 618, 617, 529, -1,
                                529, 617, 528, -1, 542, 630, 541, -1,
                                541, 630, 629, -1, 528, 616, 527, -1,
                                617, 616, 528, -1, 542, 631, 630, -1,
                                543, 631, 542, -1, 527, 615, 526, -1,
                                616, 615, 527, -1, 544, 632, 543, -1,
                                543, 632, 631, -1, 526, 614, 525, -1,
                                615, 614, 526, -1, 545, 633, 544, -1,
                                544, 633, 632, -1, 614, 613, 525, -1,
                                525, 613, 524, -1, 545, 634, 633, -1,
                                546, 634, 545, -1, 524, 612, 523, -1,
                                613, 612, 524, -1, 547, 635, 546, -1,
                                546, 635, 634, -1, 523, 611, 522, -1,
                                612, 611, 523, -1, 547, 636, 635, -1,
                                548, 636, 547, -1, 611, 610, 522, -1,
                                522, 610, 521, -1, 548, 637, 636, -1,
                                490, 637, 548, -1, 521, 608, 520, -1,
                                610, 608, 521, -1, 491, 638, 490, -1,
                                490, 638, 637, -1, 492, 639, 491, -1,
                                491, 639, 638, -1, 493, 640, 492, -1,
                                492, 640, 639, -1, 494, 641, 493, -1,
                                493, 641, 640, -1, 495, 642, 494, -1,
                                494, 642, 641, -1, 496, 643, 495, -1,
                                495, 643, 642, -1, 497, 644, 496, -1,
                                496, 644, 643, -1, 498, 645, 497, -1,
                                497, 645, 644, -1, 499, 646, 498, -1,
                                498, 646, 645, -1, 500, 647, 499, -1,
                                499, 647, 646, -1, 501, 648, 500, -1,
                                500, 648, 647, -1, 502, 649, 501, -1,
                                501, 649, 648, -1, 503, 650, 502, -1,
                                502, 650, 649, -1, 503, 651, 650, -1,
                                503, 504, 651, -1, 504, 652, 651, -1,
                                504, 505, 652, -1, 505, 653, 652, -1,
                                505, 506, 653, -1, 506, 654, 653, -1,
                                506, 507, 654, -1, 507, 655, 654, -1,
                                507, 508, 655, -1, 508, 656, 655, -1,
                                508, 509, 656, -1, 656, 509, 657, -1,
                                509, 510, 657, -1, 657, 510, 658, -1,
                                510, 511, 658, -1, 658, 511, 659, -1,
                                511, 512, 659, -1, 659, 512, 660, -1,
                                512, 513, 660, -1, 660, 513, 661, -1,
                                513, 514, 661, -1, 661, 514, 662, -1,
                                514, 515, 662, -1, 662, 515, 663, -1,
                                515, 516, 663, -1, 663, 516, 664, -1,
                                516, 517, 664, -1, 664, 517, 665, -1,
                                517, 518, 665, -1, 665, 518, 666, -1,
                                518, 519, 666, -1, 608, 609, 520, -1,
                                520, 609, 549, -1, 549, 609, 578, -1,
                                609, 723, 578, -1, 578, 723, 577, -1,
                                723, 722, 577, -1, 577, 722, 576, -1,
                                576, 721, 575, -1, 722, 721, 576, -1,
                                575, 720, 574, -1, 721, 720, 575, -1,
                                574, 719, 573, -1, 720, 719, 574, -1,
                                573, 718, 572, -1, 719, 718, 573, -1,
                                572, 717, 571, -1, 718, 717, 572, -1,
                                717, 716, 571, -1, 571, 716, 570, -1,
                                716, 715, 570, -1, 570, 715, 569, -1,
                                715, 714, 569, -1, 714, 568, 569, -1,
                                714, 713, 568, -1, 713, 567, 568, -1,
                                713, 712, 567, -1, 712, 566, 567, -1,
                                712, 711, 566, -1, 711, 565, 566, -1,
                                711, 710, 565, -1, 710, 564, 565, -1,
                                710, 709, 564, -1, 708, 563, 709, -1,
                                709, 563, 564, -1, 707, 562, 708, -1,
                                708, 562, 563, -1, 706, 561, 707, -1,
                                707, 561, 562, -1, 705, 560, 706, -1,
                                706, 560, 561, -1, 704, 559, 705, -1,
                                705, 559, 560, -1, 703, 558, 704, -1,
                                704, 558, 559, -1, 702, 557, 703, -1,
                                703, 557, 558, -1, 701, 556, 702, -1,
                                702, 556, 557, -1, 700, 555, 701, -1,
                                701, 555, 556, -1, 699, 554, 700, -1,
                                700, 554, 555, -1, 698, 553, 699, -1,
                                699, 553, 554, -1, 697, 552, 698, -1,
                                698, 552, 553, -1, 696, 551, 697, -1,
                                697, 551, 552, -1, 695, 550, 696, -1,
                                696, 550, 551, -1, 519, 579, 666, -1,
                                666, 579, 667, -1, 694, 607, 695, -1,
                                695, 607, 550, -1, 579, 580, 667, -1,
                                667, 580, 668, -1, 693, 606, 694, -1,
                                694, 606, 607, -1, 580, 581, 668, -1,
                                668, 581, 669, -1, 692, 605, 693, -1,
                                693, 605, 606, -1, 581, 582, 669, -1,
                                669, 582, 670, -1, 691, 604, 692, -1,
                                692, 604, 605, -1, 582, 583, 670, -1,
                                670, 583, 671, -1, 691, 603, 604, -1,
                                690, 603, 691, -1, 583, 584, 671, -1,
                                671, 584, 672, -1, 690, 602, 603, -1,
                                689, 602, 690, -1, 584, 585, 672, -1,
                                672, 585, 673, -1, 689, 601, 602, -1,
                                688, 601, 689, -1, 585, 586, 673, -1,
                                673, 586, 674, -1, 688, 600, 601, -1,
                                687, 600, 688, -1, 586, 587, 674, -1,
                                674, 587, 675, -1, 687, 599, 600, -1,
                                686, 599, 687, -1, 587, 588, 675, -1,
                                675, 588, 676, -1, 686, 598, 599, -1,
                                685, 598, 686, -1, 676, 589, 677, -1,
                                588, 589, 676, -1, 685, 597, 598, -1,
                                684, 597, 685, -1, 589, 590, 677, -1,
                                677, 590, 678, -1, 684, 596, 597, -1,
                                683, 596, 684, -1, 590, 591, 678, -1,
                                678, 591, 679, -1, 679, 592, 680, -1,
                                591, 592, 679, -1, 683, 595, 596, -1,
                                682, 595, 683, -1, 680, 593, 681, -1,
                                592, 593, 680, -1, 681, 594, 682, -1,
                                593, 594, 681, -1, 682, 594, 595, -1,
                                791, 820, 821, -1, 792, 791, 821, -1,
                                792, 821, 822, -1, 793, 792, 822, -1,
                                793, 822, 823, -1, 794, 793, 823, -1,
                                794, 823, 824, -1, 795, 824, 825, -1,
                                795, 794, 824, -1, 796, 825, 826, -1,
                                796, 795, 825, -1, 797, 826, 827, -1,
                                797, 796, 826, -1, 798, 827, 828, -1,
                                798, 797, 827, -1, 799, 828, 829, -1,
                                799, 798, 828, -1, 800, 829, 830, -1,
                                800, 799, 829, -1, 801, 830, 831, -1,
                                801, 800, 830, -1, 802, 831, 832, -1,
                                802, 801, 831, -1, 803, 832, 833, -1,
                                803, 802, 832, -1, 804, 833, 834, -1,
                                804, 803, 833, -1, 805, 834, 835, -1,
                                805, 804, 834, -1, 806, 835, 836, -1,
                                806, 805, 835, -1, 807, 836, 837, -1,
                                807, 806, 836, -1, 808, 837, 838, -1,
                                808, 807, 837, -1, 809, 838, 839, -1,
                                809, 808, 838, -1, 810, 839, 840, -1,
                                810, 809, 839, -1, 811, 810, 840, -1,
                                811, 840, 841, -1, 812, 811, 841, -1,
                                812, 841, 842, -1, 725, 843, 724, -1,
                                813, 812, 842, -1, 813, 842, 843, -1,
                                814, 843, 725, -1, 814, 813, 843, -1,
                                815, 725, 726, -1, 815, 814, 725, -1,
                                816, 726, 727, -1, 816, 815, 726, -1,
                                817, 727, 728, -1, 817, 816, 727, -1,
                                818, 728, 729, -1, 818, 817, 728, -1,
                                819, 729, 730, -1, 819, 818, 729, -1,
                                762, 730, 731, -1, 762, 819, 730, -1,
                                763, 731, 732, -1, 763, 762, 731, -1,
                                764, 732, 733, -1, 764, 763, 732, -1,
                                765, 733, 734, -1, 765, 764, 733, -1,
                                766, 734, 735, -1, 766, 765, 734, -1,
                                767, 735, 736, -1, 767, 766, 735, -1,
                                768, 736, 737, -1, 768, 767, 736, -1,
                                769, 737, 738, -1, 769, 768, 737, -1,
                                770, 738, 739, -1, 770, 769, 738, -1,
                                771, 739, 740, -1, 771, 770, 739, -1,
                                772, 740, 741, -1, 772, 771, 740, -1,
                                773, 741, 742, -1, 773, 772, 741, -1,
                                774, 742, 743, -1, 774, 773, 742, -1,
                                775, 743, 744, -1, 775, 774, 743, -1,
                                776, 744, 745, -1, 776, 775, 744, -1,
                                777, 776, 745, -1, 777, 745, 746, -1,
                                778, 777, 746, -1, 778, 746, 747, -1,
                                779, 778, 747, -1, 779, 747, 748, -1,
                                780, 779, 748, -1, 780, 748, 749, -1,
                                780, 749, 750, -1, 781, 780, 750, -1,
                                782, 781, 750, -1, 782, 750, 751, -1,
                                783, 782, 751, -1, 783, 751, 752, -1,
                                784, 752, 753, -1, 784, 783, 752, -1,
                                785, 753, 754, -1, 785, 784, 753, -1,
                                786, 754, 755, -1, 786, 785, 754, -1,
                                787, 755, 756, -1, 787, 786, 755, -1,
                                788, 756, 757, -1, 788, 757, 758, -1,
                                788, 787, 756, -1, 789, 758, 759, -1,
                                789, 788, 758, -1, 790, 789, 759, -1,
                                761, 759, 760, -1, 761, 790, 759, -1,
                                859, 874, 860, -1, 860, 874, 861, -1,
                                861, 874, 862, -1, 862, 874, 863, -1,
                                863, 874, 864, -1, 864, 874, 865, -1,
                                865, 874, 866, -1, 866, 874, 867, -1,
                                867, 874, 868, -1, 868, 874, 869, -1,
                                869, 874, 870, -1, 870, 874, 871, -1,
                                859, 858, 874, -1, 858, 857, 874, -1,
                                857, 856, 874, -1, 856, 855, 874, -1,
                                855, 854, 874, -1, 854, 853, 874, -1,
                                853, 852, 874, -1, 852, 851, 874, -1,
                                851, 850, 874, -1, 850, 849, 874, -1,
                                849, 848, 874, -1, 874, 873, 872, -1,
                                874, 872, 871, -1, 844, 874, 845, -1,
                                845, 874, 846, -1, 846, 874, 847, -1,
                                847, 874, 848, -1, 878, 882, 883, -1,
                                881, 879, 880, -1, 876, 881, 882, -1,
                                876, 882, 878, -1, 877, 883, 884, -1,
                                877, 878, 883, -1, 886, 877, 884, -1,
                                885, 886, 884, -1, 875, 881, 876, -1,
                                875, 877, 886, -1, 888, 879, 881, -1,
                                887, 881, 875, -1, 887, 888, 881, -1,
                                886, 887, 875, -1, 894, 892, 891, -1,
                                894, 893, 892, -1, 891, 895, 894, -1,
                                889, 890, 896, -1, 891, 889, 895, -1,
                                895, 889, 896, -1, 897, 898, 899, -1,
                                899, 898, 900, -1, 901, 902, 903, -1,
                                903, 902, 904, -1, 905, 909, 910, -1,
                                908, 909, 905, -1, 906, 907, 908, -1,
                                906, 908, 905, -1, 912, 911, 913, -1,
                                912, 913, 914, -1, 931, 933, 930, -1,
                                932, 933, 931, -1, 927, 925, 926, -1,
                                928, 925, 927, -1, 930, 934, 929, -1,
                                933, 934, 930, -1, 925, 923, 924, -1,
                                935, 938, 934, -1, 936, 938, 935, -1,
                                937, 938, 936, -1, 921, 919, 920, -1,
                                922, 919, 921, -1, 923, 919, 922, -1,
                                939, 940, 938, -1, 941, 942, 940, -1,
                                942, 943, 940, -1, 917, 915, 916, -1,
                                918, 915, 917, -1, 919, 948, 918, -1,
                                923, 948, 919, -1, 943, 948, 940, -1,
                                929, 948, 928, -1, 940, 948, 938, -1,
                                918, 948, 915, -1, 944, 948, 943, -1,
                                945, 948, 944, -1, 946, 948, 945, -1,
                                947, 948, 946, -1, 934, 948, 929, -1,
                                928, 948, 925, -1, 925, 948, 923, -1,
                                938, 948, 934, -1, 948, 949, 915, -1,
                                949, 981, 982, -1, 949, 980, 981, -1,
                                949, 977, 980, -1, 979, 977, 978, -1,
                                980, 977, 979, -1, 949, 973, 977, -1,
                                975, 973, 974, -1, 976, 973, 975, -1,
                                977, 973, 976, -1, 949, 972, 973, -1,
                                949, 971, 972, -1, 971, 969, 970, -1,
                                949, 969, 971, -1, 949, 968, 969, -1,
                                967, 965, 966, -1, 968, 965, 967, -1,
                                965, 963, 964, -1, 968, 963, 965, -1,
                                968, 962, 963, -1, 962, 960, 961, -1,
                                968, 960, 962, -1, 959, 957, 958, -1,
                                960, 957, 959, -1, 957, 955, 956, -1,
                                960, 955, 957, -1, 948, 950, 949, -1,
                                952, 950, 951, -1, 953, 950, 952, -1,
                                954, 950, 953, -1, 955, 950, 954, -1,
                                949, 950, 968, -1, 968, 950, 960, -1,
                                960, 950, 955, -1, 986, 983, 984, -1,
                                986, 984, 985, -1, 990, 988, 987, -1,
                                990, 987, 989, -1, 991, 992, 1049, -1,
                                1049, 992, 1050, -1, 992, 993, 1050, -1,
                                1050, 993, 1051, -1, 993, 994, 1051, -1,
                                1051, 994, 1052, -1, 994, 995, 1052, -1,
                                1052, 995, 1053, -1, 995, 996, 1053, -1,
                                1053, 996, 1054, -1, 996, 997, 1054, -1,
                                1054, 997, 1055, -1, 997, 998, 1055, -1,
                                1055, 998, 1056, -1, 998, 999, 1056, -1,
                                1056, 999, 1057, -1, 999, 1000, 1057, -1,
                                1057, 1000, 1058, -1, 1000, 1001, 1058, -1,
                                1058, 1001, 1059, -1, 1001, 1002, 1059, -1,
                                1059, 1002, 1060, -1, 1060, 1003, 1061, -1,
                                1002, 1003, 1060, -1, 1061, 1004, 1062, -1,
                                1003, 1004, 1061, -1, 1062, 1005, 1063, -1,
                                1004, 1005, 1062, -1, 1063, 1006, 1064, -1,
                                1005, 1006, 1063, -1, 1064, 1007, 1065, -1,
                                1006, 1007, 1064, -1, 1065, 1008, 1066, -1,
                                1007, 1008, 1065, -1, 1066, 1009, 1067, -1,
                                1008, 1009, 1066, -1, 1067, 1010, 1068, -1,
                                1009, 1010, 1067, -1, 1070, 1072, 1071, -1,
                                1068, 1011, 1069, -1, 1010, 1011, 1068, -1,
                                1070, 1012, 1072, -1, 1011, 1012, 1069, -1,
                                1069, 1012, 1070, -1, 1072, 1013, 1073, -1,
                                1012, 1013, 1072, -1, 1013, 1014, 1073, -1,
                                1073, 1014, 1074, -1, 1014, 1015, 1074, -1,
                                1074, 1015, 1075, -1, 1015, 1016, 1075, -1,
                                1075, 1016, 1076, -1, 1016, 1017, 1076, -1,
                                1076, 1017, 1077, -1, 1017, 1018, 1077, -1,
                                1077, 1018, 1078, -1, 1018, 1019, 1078, -1,
                                1078, 1019, 1079, -1, 1019, 1020, 1079, -1,
                                1079, 1020, 1080, -1, 1020, 1021, 1080, -1,
                                1080, 1021, 1081, -1, 1021, 1022, 1081, -1,
                                1081, 1022, 1082, -1, 1022, 1023, 1082, -1,
                                1082, 1023, 1083, -1, 1023, 1024, 1083, -1,
                                1083, 1024, 1084, -1, 1024, 1025, 1084, -1,
                                1084, 1025, 1085, -1, 1025, 1026, 1085, -1,
                                1085, 1026, 1086, -1, 1026, 1027, 1086, -1,
                                1086, 1027, 1087, -1, 1027, 1028, 1087, -1,
                                1087, 1028, 1088, -1, 1028, 1029, 1088, -1,
                                1088, 1029, 1089, -1, 1029, 1030, 1089, -1,
                                1089, 1030, 1090, -1, 1030, 1031, 1090, -1,
                                1090, 1031, 1091, -1, 1091, 1032, 1092, -1,
                                1031, 1032, 1091, -1, 1092, 1033, 1093, -1,
                                1032, 1033, 1092, -1, 1093, 1034, 1094, -1,
                                1033, 1034, 1093, -1, 1094, 1035, 1095, -1,
                                1034, 1035, 1094, -1, 1095, 1036, 1096, -1,
                                1035, 1036, 1095, -1, 1036, 1037, 1096, -1,
                                1096, 1037, 1097, -1, 1097, 1038, 1098, -1,
                                1037, 1038, 1097, -1, 1098, 1039, 1099, -1,
                                1038, 1039, 1098, -1, 1099, 1040, 1100, -1,
                                1039, 1040, 1099, -1, 1100, 1041, 1101, -1,
                                1040, 1041, 1100, -1, 1101, 1042, 1102, -1,
                                1041, 1042, 1101, -1, 1102, 1043, 1103, -1,
                                1042, 1043, 1102, -1, 1103, 1044, 1104, -1,
                                1043, 1044, 1103, -1, 1104, 1045, 1105, -1,
                                1044, 1045, 1104, -1, 1105, 1046, 1106, -1,
                                1045, 1046, 1105, -1, 1106, 1047, 1107, -1,
                                1046, 1047, 1106, -1, 1047, 1048, 1107, -1,
                                1107, 1048, 1108, -1, 1112, 1114, 1113, -1,
                                1109, 1116, 1111, -1, 1111, 1116, 1112, -1,
                                1109, 1110, 1116, -1, 1116, 1115, 1112, -1,
                                1112, 1115, 1114, -1, 1117, 1118, 1119, -1,
                                1119, 1118, 1120, -1, 1122, 1123, 1124, -1,
                                1122, 1124, 1121, -1, 1125, 1126, 1127, -1,
                                1127, 1126, 1128, -1, 1128, 1126, 1129, -1,
                                1126, 1133, 1132, -1, 1126, 1132, 1131, -1,
                                1126, 1131, 1130, -1, 1126, 1130, 1129, -1,
                                1136, 1135, 1137, -1, 1137, 1135, 1134, -1,
                                1139, 1140, 1138, -1, 1139, 1141, 1140, -1,
                                1142, 1144, 1145, -1, 1142, 1145, 1143, -1,
                                1146, 1147, 1148, -1, 1148, 1147, 1149, -1,
                                1150, 1151, 1152, -1, 1152, 1151, 1153, -1,
                                1154, 1155, 1156, -1, 1156, 1155, 1157, -1,
                                1158, 1161, 1160, -1, 1158, 1159, 1161, -1,
                                1162, 1163, 1164, -1, 1164, 1163, 1165, -1,
                                1166, 1167, 1168, -1, 1168, 1167, 1169, -1,
                                1184, 1181, 1182, -1, 1183, 1184, 1182, -1,
                                1172, 1178, 1179, -1, 1173, 1177, 1178, -1,
                                1173, 1178, 1172, -1, 1170, 1179, 1180, -1,
                                1170, 1172, 1179, -1, 1174, 1177, 1173, -1,
                                1176, 1177, 1174, -1, 1171, 1174, 1173, -1,
                                1175, 1171, 1170, -1, 1175, 1170, 1180, -1,
                                1175, 1174, 1171, -1, 1180, 1181, 1184, -1,
                                1180, 1184, 1175, -1, 1186, 1185, 1187, -1,
                                1186, 1187, 1188, -1, 1191, 1195, 1192, -1,
                                1191, 1189, 1195, -1, 1189, 1194, 1195, -1,
                                1189, 1193, 1194, -1, 1189, 1190, 1193, -1 ]
                            ccw TRUE
                            solid FALSE
                            convex TRUE
                            creaseAngle 0

                          }

                        }

                    } ]

                }

            }

        } ]

    }

}
